<?xml version="1.0" encoding="UTF-8" standalone="no"?>
<GroundTruth InputFile="C:\Dokumente und Einstellungen\mehmood\Desktop\dataset\skew_corrected\unlv_tables_bin_test\6504_018.png">
<Tables>
<Table x0="446" x1="2760" y0="1033" y1="1770">
<Row x0="446" x1="2760" y0="1190" y1="1190"/>
<Row x0="446" x1="2760" y0="1320" y1="1320"/>
<Row x0="446" x1="2760" y0="1523" y1="1523"/>
<Row x0="446" x1="2760" y0="1660" y1="1660"/>
<Column x0="2136" x1="2136" y0="1033" y1="1770"/>
<Cell dontCare="false" endCol="0" endRow="0" startCol="0" startRow="0" x0="446" x1="2136" y0="1033" y1="1190">(64769,257,257)</Cell>
<Cell dontCare="false" endCol="1" endRow="0" startCol="1" startRow="0" x0="2136" x1="2760" y0="1033" y1="1190">(64769,257,514)</Cell>
<Cell dontCare="false" endCol="0" endRow="1" startCol="0" startRow="1" x0="446" x1="2136" y0="1190" y1="1320">(64769,514,257)</Cell>
<Cell dontCare="false" endCol="1" endRow="1" startCol="1" startRow="1" x0="2136" x1="2760" y0="1190" y1="1320">(64769,514,514)</Cell>
<Cell dontCare="false" endCol="0" endRow="2" startCol="0" startRow="2" x0="446" x1="2136" y0="1320" y1="1523">(64769,771,257)</Cell>
<Cell dontCare="false" endCol="1" endRow="2" startCol="1" startRow="2" x0="2136" x1="2760" y0="1320" y1="1523">(64769,771,514)</Cell>
<Cell dontCare="false" endCol="0" endRow="3" startCol="0" startRow="3" x0="446" x1="2136" y0="1523" y1="1660">(64769,1028,257)</Cell>
<Cell dontCare="false" endCol="1" endRow="3" startCol="1" startRow="3" x0="2136" x1="2760" y0="1523" y1="1660">(64769,1028,514)</Cell>
<Cell dontCare="false" endCol="0" endRow="4" startCol="0" startRow="4" x0="446" x1="2136" y0="1660" y1="1770">(64769,1285,257)</Cell>
<Cell dontCare="false" endCol="1" endRow="4" startCol="1" startRow="4" x0="2136" x1="2760" y0="1660" y1="1770">(64769,1285,514)</Cell>
</Table>
</Tables>
</GroundTruth>
