<?xml version="1.0" encoding="UTF-8" standalone="no"?>
<GroundTruth InputFile="C:\Dokumente und Einstellungen\mehmood\Desktop\dataset\skew_corrected\unlv_tables_bin_test\6578_052.png">
<Tables>
<Table x0="253" x1="2240" y0="440" y1="2880">
<Row x0="253" x1="2240" y0="686" y1="686"/>
<Row x0="253" x1="2240" y0="910" y1="910"/>
<Row x0="253" x1="2240" y0="1030" y1="1030"/>
<Row x0="253" x1="2240" y0="1126" y1="1126"/>
<Row x0="253" x1="2240" y0="1233" y1="1233"/>
<Row x0="253" x1="2240" y0="1366" y1="1366"/>
<Row x0="253" x1="2240" y0="1583" y1="1583"/>
<Row x0="253" x1="2240" y0="1683" y1="1683"/>
<Row x0="253" x1="2240" y0="1813" y1="1813"/>
<Row x0="253" x1="2240" y0="1976" y1="1976"/>
<Row x0="253" x1="2240" y0="2083" y1="2083"/>
<Row x0="253" x1="2240" y0="2220" y1="2220"/>
<Row x0="253" x1="2240" y0="2330" y1="2330"/>
<Row x0="253" x1="2240" y0="2463" y1="2463"/>
<Row x0="253" x1="2240" y0="2580" y1="2580"/>
<Row x0="253" x1="2240" y0="2720" y1="2720"/>
<Column x0="560" x1="560" y0="440" y1="2880"/>
<Column x0="896" x1="896" y0="440" y1="2880"/>
<Column x0="1203" x1="1203" y0="440" y1="2880"/>
<Cell dontCare="false" endCol="0" endRow="0" startCol="0" startRow="0" x0="253" x1="560" y0="440" y1="686">(64769,257,257)</Cell>
<Cell dontCare="false" endCol="1" endRow="0" startCol="1" startRow="0" x0="560" x1="896" y0="440" y1="686">(64769,257,514)</Cell>
<Cell dontCare="false" endCol="2" endRow="0" startCol="2" startRow="0" x0="896" x1="1203" y0="440" y1="686">(64769,257,771)</Cell>
<Cell dontCare="false" endCol="3" endRow="0" startCol="3" startRow="0" x0="1203" x1="2240" y0="440" y1="686">(64769,257,1028)</Cell>
<Cell dontCare="false" endCol="0" endRow="1" startCol="0" startRow="1" x0="253" x1="560" y0="686" y1="910">(64769,514,257)</Cell>
<Cell dontCare="false" endCol="1" endRow="1" startCol="1" startRow="1" x0="560" x1="896" y0="686" y1="910">(64769,514,514)</Cell>
<Cell dontCare="false" endCol="2" endRow="1" startCol="2" startRow="1" x0="896" x1="1203" y0="686" y1="910">(64769,514,771)</Cell>
<Cell dontCare="false" endCol="3" endRow="1" startCol="3" startRow="1" x0="1203" x1="2240" y0="686" y1="910">(64769,514,1028)</Cell>
<Cell dontCare="false" endCol="0" endRow="2" startCol="0" startRow="2" x0="253" x1="560" y0="910" y1="1030">(64769,771,257)</Cell>
<Cell dontCare="false" endCol="1" endRow="2" startCol="1" startRow="2" x0="560" x1="896" y0="910" y1="1030">(64769,771,514)</Cell>
<Cell dontCare="false" endCol="2" endRow="2" startCol="2" startRow="2" x0="896" x1="1203" y0="910" y1="1030">(64769,771,771)</Cell>
<Cell dontCare="false" endCol="3" endRow="2" startCol="3" startRow="2" x0="1203" x1="2240" y0="910" y1="1030">(64769,771,1028)</Cell>
<Cell dontCare="false" endCol="0" endRow="3" startCol="0" startRow="3" x0="253" x1="560" y0="1030" y1="1126">(64769,1028,257)</Cell>
<Cell dontCare="false" endCol="1" endRow="3" startCol="1" startRow="3" x0="560" x1="896" y0="1030" y1="1126">(64769,1028,514)</Cell>
<Cell dontCare="false" endCol="2" endRow="3" startCol="2" startRow="3" x0="896" x1="1203" y0="1030" y1="1126">(64769,1028,771)</Cell>
<Cell dontCare="false" endCol="3" endRow="3" startCol="3" startRow="3" x0="1203" x1="2240" y0="1030" y1="1126">(64769,1028,1028)</Cell>
<Cell dontCare="false" endCol="0" endRow="4" startCol="0" startRow="4" x0="253" x1="560" y0="1126" y1="1233">(64769,1285,257)</Cell>
<Cell dontCare="false" endCol="1" endRow="4" startCol="1" startRow="4" x0="560" x1="896" y0="1126" y1="1233">(64769,1285,514)</Cell>
<Cell dontCare="false" endCol="2" endRow="4" startCol="2" startRow="4" x0="896" x1="1203" y0="1126" y1="1233">(64769,1285,771)</Cell>
<Cell dontCare="false" endCol="3" endRow="4" startCol="3" startRow="4" x0="1203" x1="2240" y0="1126" y1="1233">(64769,1285,1028)</Cell>
<Cell dontCare="false" endCol="0" endRow="5" startCol="0" startRow="5" x0="253" x1="560" y0="1233" y1="1366">(64769,1542,257)</Cell>
<Cell dontCare="false" endCol="1" endRow="5" startCol="1" startRow="5" x0="560" x1="896" y0="1233" y1="1366">(64769,1542,514)</Cell>
<Cell dontCare="false" endCol="2" endRow="5" startCol="2" startRow="5" x0="896" x1="1203" y0="1233" y1="1366">(64769,1542,771)</Cell>
<Cell dontCare="false" endCol="3" endRow="5" startCol="3" startRow="5" x0="1203" x1="2240" y0="1233" y1="1366">(64769,1542,1028)</Cell>
<Cell dontCare="false" endCol="0" endRow="6" startCol="0" startRow="6" x0="253" x1="560" y0="1366" y1="1583">(64769,1799,257)</Cell>
<Cell dontCare="false" endCol="1" endRow="6" startCol="1" startRow="6" x0="560" x1="896" y0="1366" y1="1583">(64769,1799,514)</Cell>
<Cell dontCare="false" endCol="2" endRow="6" startCol="2" startRow="6" x0="896" x1="1203" y0="1366" y1="1583">(64769,1799,771)</Cell>
<Cell dontCare="false" endCol="3" endRow="6" startCol="3" startRow="6" x0="1203" x1="2240" y0="1366" y1="1583">(64769,1799,1028)</Cell>
<Cell dontCare="false" endCol="0" endRow="7" startCol="0" startRow="7" x0="253" x1="560" y0="1583" y1="1683">(64769,2056,257)</Cell>
<Cell dontCare="false" endCol="1" endRow="7" startCol="1" startRow="7" x0="560" x1="896" y0="1583" y1="1683">(64769,2056,514)</Cell>
<Cell dontCare="false" endCol="2" endRow="7" startCol="2" startRow="7" x0="896" x1="1203" y0="1583" y1="1683">(64769,2056,771)</Cell>
<Cell dontCare="false" endCol="3" endRow="7" startCol="3" startRow="7" x0="1203" x1="2240" y0="1583" y1="1683">(64769,2056,1028)</Cell>
<Cell dontCare="false" endCol="0" endRow="8" startCol="0" startRow="8" x0="253" x1="560" y0="1683" y1="1813">(64769,2313,257)</Cell>
<Cell dontCare="false" endCol="1" endRow="8" startCol="1" startRow="8" x0="560" x1="896" y0="1683" y1="1813">(64769,2313,514)</Cell>
<Cell dontCare="false" endCol="2" endRow="8" startCol="2" startRow="8" x0="896" x1="1203" y0="1683" y1="1813">(64769,2313,771)</Cell>
<Cell dontCare="false" endCol="3" endRow="8" startCol="3" startRow="8" x0="1203" x1="2240" y0="1683" y1="1813">(64769,2313,1028)</Cell>
<Cell dontCare="false" endCol="0" endRow="9" startCol="0" startRow="9" x0="253" x1="560" y0="1813" y1="1976">(64769,2570,257)</Cell>
<Cell dontCare="false" endCol="1" endRow="9" startCol="1" startRow="9" x0="560" x1="896" y0="1813" y1="1976">(64769,2570,514)</Cell>
<Cell dontCare="false" endCol="2" endRow="9" startCol="2" startRow="9" x0="896" x1="1203" y0="1813" y1="1976">(64769,2570,771)</Cell>
<Cell dontCare="false" endCol="3" endRow="9" startCol="3" startRow="9" x0="1203" x1="2240" y0="1813" y1="1976">(64769,2570,1028)</Cell>
<Cell dontCare="false" endCol="0" endRow="10" startCol="0" startRow="10" x0="253" x1="560" y0="1976" y1="2083">(64769,2827,257)</Cell>
<Cell dontCare="false" endCol="1" endRow="10" startCol="1" startRow="10" x0="560" x1="896" y0="1976" y1="2083">(64769,2827,514)</Cell>
<Cell dontCare="false" endCol="2" endRow="10" startCol="2" startRow="10" x0="896" x1="1203" y0="1976" y1="2083">(64769,2827,771)</Cell>
<Cell dontCare="false" endCol="3" endRow="10" startCol="3" startRow="10" x0="1203" x1="2240" y0="1976" y1="2083">(64769,2827,1028)</Cell>
<Cell dontCare="false" endCol="0" endRow="11" startCol="0" startRow="11" x0="253" x1="560" y0="2083" y1="2220">(64769,3084,257)</Cell>
<Cell dontCare="false" endCol="1" endRow="11" startCol="1" startRow="11" x0="560" x1="896" y0="2083" y1="2220">(64769,3084,514)</Cell>
<Cell dontCare="false" endCol="2" endRow="11" startCol="2" startRow="11" x0="896" x1="1203" y0="2083" y1="2220">(64769,3084,771)</Cell>
<Cell dontCare="false" endCol="3" endRow="11" startCol="3" startRow="11" x0="1203" x1="2240" y0="2083" y1="2220">(64769,3084,1028)</Cell>
<Cell dontCare="false" endCol="0" endRow="12" startCol="0" startRow="12" x0="253" x1="560" y0="2220" y1="2330">(64769,3341,257)</Cell>
<Cell dontCare="false" endCol="1" endRow="12" startCol="1" startRow="12" x0="560" x1="896" y0="2220" y1="2330">(64769,3341,514)</Cell>
<Cell dontCare="false" endCol="2" endRow="12" startCol="2" startRow="12" x0="896" x1="1203" y0="2220" y1="2330">(64769,3341,771)</Cell>
<Cell dontCare="false" endCol="3" endRow="12" startCol="3" startRow="12" x0="1203" x1="2240" y0="2220" y1="2330">(64769,3341,1028)</Cell>
<Cell dontCare="false" endCol="0" endRow="13" startCol="0" startRow="13" x0="253" x1="560" y0="2330" y1="2463">(64769,3598,257)</Cell>
<Cell dontCare="false" endCol="1" endRow="13" startCol="1" startRow="13" x0="560" x1="896" y0="2330" y1="2463">(64769,3598,514)</Cell>
<Cell dontCare="false" endCol="2" endRow="13" startCol="2" startRow="13" x0="896" x1="1203" y0="2330" y1="2463">(64769,3598,771)</Cell>
<Cell dontCare="false" endCol="3" endRow="13" startCol="3" startRow="13" x0="1203" x1="2240" y0="2330" y1="2463">(64769,3598,1028)</Cell>
<Cell dontCare="false" endCol="0" endRow="14" startCol="0" startRow="14" x0="253" x1="560" y0="2463" y1="2580">(64769,3855,257)</Cell>
<Cell dontCare="false" endCol="1" endRow="14" startCol="1" startRow="14" x0="560" x1="896" y0="2463" y1="2580">(64769,3855,514)</Cell>
<Cell dontCare="false" endCol="2" endRow="14" startCol="2" startRow="14" x0="896" x1="1203" y0="2463" y1="2580">(64769,3855,771)</Cell>
<Cell dontCare="false" endCol="3" endRow="14" startCol="3" startRow="14" x0="1203" x1="2240" y0="2463" y1="2580">(64769,3855,1028)</Cell>
<Cell dontCare="false" endCol="0" endRow="15" startCol="0" startRow="15" x0="253" x1="560" y0="2580" y1="2720">(64769,4112,257)</Cell>
<Cell dontCare="false" endCol="1" endRow="15" startCol="1" startRow="15" x0="560" x1="896" y0="2580" y1="2720">(64769,4112,514)</Cell>
<Cell dontCare="false" endCol="2" endRow="15" startCol="2" startRow="15" x0="896" x1="1203" y0="2580" y1="2720">(64769,4112,771)</Cell>
<Cell dontCare="false" endCol="3" endRow="15" startCol="3" startRow="15" x0="1203" x1="2240" y0="2580" y1="2720">(64769,4112,1028)</Cell>
<Cell dontCare="false" endCol="0" endRow="16" startCol="0" startRow="16" x0="253" x1="560" y0="2720" y1="2880">(64769,4369,257)</Cell>
<Cell dontCare="false" endCol="1" endRow="16" startCol="1" startRow="16" x0="560" x1="896" y0="2720" y1="2880">(64769,4369,514)</Cell>
<Cell dontCare="false" endCol="2" endRow="16" startCol="2" startRow="16" x0="896" x1="1203" y0="2720" y1="2880">(64769,4369,771)</Cell>
<Cell dontCare="false" endCol="3" endRow="16" startCol="3" startRow="16" x0="1203" x1="2240" y0="2720" y1="2880">(64769,4369,1028)</Cell>
</Table>
</Tables>
</GroundTruth>
