<?xml version="1.0" encoding="UTF-8" standalone="no"?>
<GroundTruth InputFile="C:\Dokumente und Einstellungen\mehmood\Desktop\dataset\skew_corrected\unlv_tables_bin_test\6580_091.png">
<Tables>
<Table x0="306" x1="2263" y0="400" y1="1560">
<Row x0="306" x1="2263" y0="613" y1="613"/>
<Row x0="306" x1="2263" y0="740" y1="740"/>
<Row x0="306" x1="2263" y0="893" y1="893"/>
<Row x0="306" x1="2263" y0="1006" y1="1006"/>
<Row x0="306" x1="2263" y0="1096" y1="1096"/>
<Row x0="306" x1="2263" y0="1256" y1="1256"/>
<Row x0="306" x1="2263" y0="1380" y1="1380"/>
<Column x0="500" x1="500" y0="400" y1="1560"/>
<Column x0="1253" x1="1253" y0="400" y1="1560"/>
<Column x0="1503" x1="1503" y0="400" y1="1560"/>
<Column x0="1693" x1="1693" y0="400" y1="1560"/>
<Column x0="1906" x1="1906" y0="400" y1="1560"/>
<Cell dontCare="false" endCol="0" endRow="0" startCol="0" startRow="0" x0="306" x1="500" y0="400" y1="613">(64769,257,257)</Cell>
<Cell dontCare="false" endCol="1" endRow="0" startCol="1" startRow="0" x0="500" x1="1253" y0="400" y1="613">(64769,257,514)</Cell>
<Cell dontCare="false" endCol="2" endRow="0" startCol="2" startRow="0" x0="1253" x1="1503" y0="400" y1="613">(64769,257,771)</Cell>
<Cell dontCare="false" endCol="3" endRow="0" startCol="3" startRow="0" x0="1503" x1="1693" y0="400" y1="613">(64769,257,1028)</Cell>
<Cell dontCare="false" endCol="4" endRow="0" startCol="4" startRow="0" x0="1693" x1="1906" y0="400" y1="613">(64769,257,1285)</Cell>
<Cell dontCare="false" endCol="5" endRow="0" startCol="5" startRow="0" x0="1906" x1="2263" y0="400" y1="613">(64769,257,1542)</Cell>
<Cell dontCare="false" endCol="0" endRow="1" startCol="0" startRow="1" x0="306" x1="500" y0="613" y1="740">(64769,514,257)</Cell>
<Cell dontCare="false" endCol="1" endRow="1" startCol="1" startRow="1" x0="500" x1="1253" y0="613" y1="740">(64769,514,514)</Cell>
<Cell dontCare="false" endCol="2" endRow="1" startCol="2" startRow="1" x0="1253" x1="1503" y0="613" y1="740">(64769,514,771)</Cell>
<Cell dontCare="false" endCol="3" endRow="1" startCol="3" startRow="1" x0="1503" x1="1693" y0="613" y1="740">(64769,514,1028)</Cell>
<Cell dontCare="false" endCol="4" endRow="1" startCol="4" startRow="1" x0="1693" x1="1906" y0="613" y1="740">(64769,514,1285)</Cell>
<Cell dontCare="false" endCol="5" endRow="1" startCol="5" startRow="1" x0="1906" x1="2263" y0="613" y1="740">(64769,514,1542)</Cell>
<Cell dontCare="false" endCol="0" endRow="2" startCol="0" startRow="2" x0="306" x1="500" y0="740" y1="893">(64769,771,257)</Cell>
<Cell dontCare="false" endCol="1" endRow="2" startCol="1" startRow="2" x0="500" x1="1253" y0="740" y1="893">(64769,771,514)</Cell>
<Cell dontCare="false" endCol="2" endRow="2" startCol="2" startRow="2" x0="1253" x1="1503" y0="740" y1="893">(64769,771,771)</Cell>
<Cell dontCare="false" endCol="3" endRow="2" startCol="3" startRow="2" x0="1503" x1="1693" y0="740" y1="893">(64769,771,1028)</Cell>
<Cell dontCare="false" endCol="4" endRow="2" startCol="4" startRow="2" x0="1693" x1="1906" y0="740" y1="893">(64769,771,1285)</Cell>
<Cell dontCare="false" endCol="5" endRow="2" startCol="5" startRow="2" x0="1906" x1="2263" y0="740" y1="893">(64769,771,1542)</Cell>
<Cell dontCare="false" endCol="0" endRow="3" startCol="0" startRow="3" x0="306" x1="500" y0="893" y1="1006">(64769,1028,257)</Cell>
<Cell dontCare="false" endCol="1" endRow="3" startCol="1" startRow="3" x0="500" x1="1253" y0="893" y1="1006">(64769,1028,514)</Cell>
<Cell dontCare="false" endCol="2" endRow="3" startCol="2" startRow="3" x0="1253" x1="1503" y0="893" y1="1006">(64769,1028,771)</Cell>
<Cell dontCare="false" endCol="3" endRow="3" startCol="3" startRow="3" x0="1503" x1="1693" y0="893" y1="1006">(64769,1028,1028)</Cell>
<Cell dontCare="false" endCol="4" endRow="3" startCol="4" startRow="3" x0="1693" x1="1906" y0="893" y1="1006">(64769,1028,1285)</Cell>
<Cell dontCare="false" endCol="5" endRow="3" startCol="5" startRow="3" x0="1906" x1="2263" y0="893" y1="1006">(64769,1028,1542)</Cell>
<Cell dontCare="false" endCol="0" endRow="4" startCol="0" startRow="4" x0="306" x1="500" y0="1006" y1="1096">(64769,1285,257)</Cell>
<Cell dontCare="false" endCol="1" endRow="4" startCol="1" startRow="4" x0="500" x1="1253" y0="1006" y1="1096">(64769,1285,514)</Cell>
<Cell dontCare="false" endCol="2" endRow="4" startCol="2" startRow="4" x0="1253" x1="1503" y0="1006" y1="1096">(64769,1285,771)</Cell>
<Cell dontCare="false" endCol="3" endRow="4" startCol="3" startRow="4" x0="1503" x1="1693" y0="1006" y1="1096">(64769,1285,1028)</Cell>
<Cell dontCare="false" endCol="4" endRow="4" startCol="4" startRow="4" x0="1693" x1="1906" y0="1006" y1="1096">(64769,1285,1285)</Cell>
<Cell dontCare="false" endCol="5" endRow="4" startCol="5" startRow="4" x0="1906" x1="2263" y0="1006" y1="1096">(64769,1285,1542)</Cell>
<Cell dontCare="false" endCol="0" endRow="5" startCol="0" startRow="5" x0="306" x1="500" y0="1096" y1="1256">(64769,1542,257)</Cell>
<Cell dontCare="false" endCol="1" endRow="5" startCol="1" startRow="5" x0="500" x1="1253" y0="1096" y1="1256">(64769,1542,514)</Cell>
<Cell dontCare="false" endCol="2" endRow="5" startCol="2" startRow="5" x0="1253" x1="1503" y0="1096" y1="1256">(64769,1542,771)</Cell>
<Cell dontCare="false" endCol="3" endRow="5" startCol="3" startRow="5" x0="1503" x1="1693" y0="1096" y1="1256">(64769,1542,1028)</Cell>
<Cell dontCare="false" endCol="4" endRow="5" startCol="4" startRow="5" x0="1693" x1="1906" y0="1096" y1="1256">(64769,1542,1285)</Cell>
<Cell dontCare="false" endCol="5" endRow="5" startCol="5" startRow="5" x0="1906" x1="2263" y0="1096" y1="1256">(64769,1542,1542)</Cell>
<Cell dontCare="false" endCol="0" endRow="6" startCol="0" startRow="6" x0="306" x1="500" y0="1256" y1="1380">(64769,1799,257)</Cell>
<Cell dontCare="false" endCol="1" endRow="6" startCol="1" startRow="6" x0="500" x1="1253" y0="1256" y1="1380">(64769,1799,514)</Cell>
<Cell dontCare="false" endCol="2" endRow="6" startCol="2" startRow="6" x0="1253" x1="1503" y0="1256" y1="1380">(64769,1799,771)</Cell>
<Cell dontCare="false" endCol="3" endRow="6" startCol="3" startRow="6" x0="1503" x1="1693" y0="1256" y1="1380">(64769,1799,1028)</Cell>
<Cell dontCare="false" endCol="4" endRow="6" startCol="4" startRow="6" x0="1693" x1="1906" y0="1256" y1="1380">(64769,1799,1285)</Cell>
<Cell dontCare="false" endCol="5" endRow="6" startCol="5" startRow="6" x0="1906" x1="2263" y0="1256" y1="1380">(64769,1799,1542)</Cell>
<Cell dontCare="false" endCol="0" endRow="7" startCol="0" startRow="7" x0="306" x1="500" y0="1380" y1="1560">(64769,2056,257)</Cell>
<Cell dontCare="false" endCol="1" endRow="7" startCol="1" startRow="7" x0="500" x1="1253" y0="1380" y1="1560">(64769,2056,514)</Cell>
<Cell dontCare="false" endCol="2" endRow="7" startCol="2" startRow="7" x0="1253" x1="1503" y0="1380" y1="1560">(64769,2056,771)</Cell>
<Cell dontCare="false" endCol="3" endRow="7" startCol="3" startRow="7" x0="1503" x1="1693" y0="1380" y1="1560">(64769,2056,1028)</Cell>
<Cell dontCare="false" endCol="4" endRow="7" startCol="4" startRow="7" x0="1693" x1="1906" y0="1380" y1="1560">(64769,2056,1285)</Cell>
<Cell dontCare="false" endCol="5" endRow="7" startCol="5" startRow="7" x0="1906" x1="2263" y0="1380" y1="1560">(64769,2056,1542)</Cell>
</Table>
</Tables>
</GroundTruth>
