<?xml version="1.0" encoding="UTF-8" standalone="no"?>
<GroundTruth InputFile="C:\Dokumente und Einstellungen\mehmood\Desktop\dataset\skew_corrected\unlv_tables_bin_test\6583_055.png">
<Tables>
<Table x0="176" x1="2216" y0="390" y1="1120">
<Row x0="176" x1="2216" y0="510" y1="510"/>
<Row x0="176" x1="2216" y0="596" y1="596"/>
<Row x0="176" x1="2216" y0="766" y1="766"/>
<Row x0="176" x1="2216" y0="936" y1="936"/>
<Column x0="746" x1="746" y0="390" y1="1120"/>
<Column x0="1213" x1="1213" y0="390" y1="1120"/>
<Column x0="1626" x1="1626" y0="390" y1="1120"/>
<Column x0="1936" x1="1936" y0="390" y1="1120"/>
<Cell dontCare="false" endCol="0" endRow="0" startCol="0" startRow="0" x0="176" x1="746" y0="390" y1="510">(64769,257,257)</Cell>
<Cell dontCare="false" endCol="1" endRow="0" startCol="1" startRow="0" x0="746" x1="1213" y0="390" y1="510">(64769,257,514)</Cell>
<Cell dontCare="false" endCol="4" endRow="0" startCol="2" startRow="0" x0="1213" x1="2216" y0="390" y1="510">(64769,257,773)</Cell>
<Cell dontCare="true" endCol="3" endRow="0" startCol="3" startRow="0" x0="1626" x1="1936" y0="390" y1="510">(64769,257,1028)</Cell>
<Cell dontCare="true" endCol="4" endRow="0" startCol="4" startRow="0" x0="1936" x1="2216" y0="390" y1="510">(64769,257,1285)</Cell>
<Cell dontCare="false" endCol="0" endRow="1" startCol="0" startRow="1" x0="176" x1="746" y0="510" y1="596">(64769,514,257)</Cell>
<Cell dontCare="false" endCol="1" endRow="1" startCol="1" startRow="1" x0="746" x1="1213" y0="510" y1="596">(64769,514,514)</Cell>
<Cell dontCare="false" endCol="2" endRow="1" startCol="2" startRow="1" x0="1213" x1="1626" y0="510" y1="596">(64769,514,771)</Cell>
<Cell dontCare="false" endCol="3" endRow="1" startCol="3" startRow="1" x0="1626" x1="1936" y0="510" y1="596">(64769,514,1028)</Cell>
<Cell dontCare="false" endCol="4" endRow="1" startCol="4" startRow="1" x0="1936" x1="2216" y0="510" y1="596">(64769,514,1285)</Cell>
<Cell dontCare="false" endCol="0" endRow="2" startCol="0" startRow="2" x0="176" x1="746" y0="596" y1="766">(64769,771,257)</Cell>
<Cell dontCare="false" endCol="1" endRow="2" startCol="1" startRow="2" x0="746" x1="1213" y0="596" y1="766">(64769,771,514)</Cell>
<Cell dontCare="false" endCol="2" endRow="2" startCol="2" startRow="2" x0="1213" x1="1626" y0="596" y1="766">(64769,771,771)</Cell>
<Cell dontCare="false" endCol="3" endRow="2" startCol="3" startRow="2" x0="1626" x1="1936" y0="596" y1="766">(64769,771,1028)</Cell>
<Cell dontCare="false" endCol="4" endRow="2" startCol="4" startRow="2" x0="1936" x1="2216" y0="596" y1="766">(64769,771,1285)</Cell>
<Cell dontCare="false" endCol="0" endRow="3" startCol="0" startRow="3" x0="176" x1="746" y0="766" y1="936">(64769,1028,257)</Cell>
<Cell dontCare="false" endCol="1" endRow="3" startCol="1" startRow="3" x0="746" x1="1213" y0="766" y1="936">(64769,1028,514)</Cell>
<Cell dontCare="false" endCol="2" endRow="3" startCol="2" startRow="3" x0="1213" x1="1626" y0="766" y1="936">(64769,1028,771)</Cell>
<Cell dontCare="false" endCol="3" endRow="3" startCol="3" startRow="3" x0="1626" x1="1936" y0="766" y1="936">(64769,1028,1028)</Cell>
<Cell dontCare="false" endCol="4" endRow="3" startCol="4" startRow="3" x0="1936" x1="2216" y0="766" y1="936">(64769,1028,1285)</Cell>
<Cell dontCare="false" endCol="0" endRow="4" startCol="0" startRow="4" x0="176" x1="746" y0="936" y1="1120">(64769,1285,257)</Cell>
<Cell dontCare="false" endCol="1" endRow="4" startCol="1" startRow="4" x0="746" x1="1213" y0="936" y1="1120">(64769,1285,514)</Cell>
<Cell dontCare="false" endCol="2" endRow="4" startCol="2" startRow="4" x0="1213" x1="1626" y0="936" y1="1120">(64769,1285,771)</Cell>
<Cell dontCare="false" endCol="3" endRow="4" startCol="3" startRow="4" x0="1626" x1="1936" y0="936" y1="1120">(64769,1285,1028)</Cell>
<Cell dontCare="false" endCol="4" endRow="4" startCol="4" startRow="4" x0="1936" x1="2216" y0="936" y1="1120">(64769,1285,1285)</Cell>
</Table>
<Table x0="183" x1="2206" y0="1576" y1="2220">
<Row x0="183" x1="2206" y0="1730" y1="1730"/>
<Row x0="183" x1="2206" y0="1923" y1="1923"/>
<Row x0="183" x1="2206" y0="2093" y1="2093"/>
<Column x0="766" x1="766" y0="1576" y1="2220"/>
<Column x0="1340" x1="1340" y0="1576" y1="2220"/>
<Column x0="1776" x1="1776" y0="1576" y1="2220"/>
<Cell dontCare="false" endCol="0" endRow="0" startCol="0" startRow="0" x0="183" x1="766" y0="1576" y1="1730">(64770,257,257)</Cell>
<Cell dontCare="false" endCol="1" endRow="0" startCol="1" startRow="0" x0="766" x1="1340" y0="1576" y1="1730">(64770,257,514)</Cell>
<Cell dontCare="false" endCol="2" endRow="0" startCol="2" startRow="0" x0="1340" x1="1776" y0="1576" y1="1730">(64770,257,771)</Cell>
<Cell dontCare="false" endCol="3" endRow="0" startCol="3" startRow="0" x0="1776" x1="2206" y0="1576" y1="1730">(64770,257,1028)</Cell>
<Cell dontCare="false" endCol="0" endRow="1" startCol="0" startRow="1" x0="183" x1="766" y0="1730" y1="1923">(64770,514,257)</Cell>
<Cell dontCare="false" endCol="1" endRow="1" startCol="1" startRow="1" x0="766" x1="1340" y0="1730" y1="1923">(64770,514,514)</Cell>
<Cell dontCare="false" endCol="2" endRow="1" startCol="2" startRow="1" x0="1340" x1="1776" y0="1730" y1="1923">(64770,514,771)</Cell>
<Cell dontCare="false" endCol="3" endRow="1" startCol="3" startRow="1" x0="1776" x1="2206" y0="1730" y1="1923">(64770,514,1028)</Cell>
<Cell dontCare="false" endCol="0" endRow="2" startCol="0" startRow="2" x0="183" x1="766" y0="1923" y1="2093">(64770,771,257)</Cell>
<Cell dontCare="false" endCol="1" endRow="2" startCol="1" startRow="2" x0="766" x1="1340" y0="1923" y1="2093">(64770,771,514)</Cell>
<Cell dontCare="false" endCol="2" endRow="2" startCol="2" startRow="2" x0="1340" x1="1776" y0="1923" y1="2093">(64770,771,771)</Cell>
<Cell dontCare="false" endCol="3" endRow="2" startCol="3" startRow="2" x0="1776" x1="2206" y0="1923" y1="2093">(64770,771,1028)</Cell>
<Cell dontCare="false" endCol="0" endRow="3" startCol="0" startRow="3" x0="183" x1="766" y0="2093" y1="2220">(64770,1028,257)</Cell>
<Cell dontCare="false" endCol="1" endRow="3" startCol="1" startRow="3" x0="766" x1="1340" y0="2093" y1="2220">(64770,1028,514)</Cell>
<Cell dontCare="false" endCol="2" endRow="3" startCol="2" startRow="3" x0="1340" x1="1776" y0="2093" y1="2220">(64770,1028,771)</Cell>
<Cell dontCare="false" endCol="3" endRow="3" startCol="3" startRow="3" x0="1776" x1="2206" y0="2093" y1="2220">(64770,1028,1028)</Cell>
</Table>
</Tables>
</GroundTruth>
