<?xml version="1.0" encoding="UTF-8" standalone="no"?>
<GroundTruth InputFile="C:\Dokumente und Einstellungen\mehmood\Desktop\dataset\skew_corrected\unlv_tables_bin_test\6585_486.png">
<Tables>
<Table x0="276" x1="2993" y0="363" y1="2100">
<Row x0="276" x1="2993" y0="433" y1="433"/>
<Row x0="276" x1="2993" y0="540" y1="540"/>
<Row x0="276" x1="2993" y0="636" y1="636"/>
<Row x0="276" x1="2993" y0="690" y1="690"/>
<Row x0="276" x1="2993" y0="724" y1="724"/>
<Row x0="276" x1="2993" y0="766" y1="766"/>
<Row x0="276" x1="2993" y0="800" y1="800"/>
<Row x0="276" x1="2993" y0="838" y1="838"/>
<Row x0="276" x1="2993" y0="872" y1="872"/>
<Row x0="276" x1="2993" y0="916" y1="916"/>
<Row x0="276" x1="2993" y0="954" y1="954"/>
<Row x0="276" x1="2993" y0="990" y1="990"/>
<Row x0="276" x1="2993" y0="1022" y1="1022"/>
<Row x0="276" x1="2993" y0="1058" y1="1058"/>
<Row x0="276" x1="2993" y0="1098" y1="1098"/>
<Row x0="276" x1="2993" y0="1134" y1="1134"/>
<Row x0="276" x1="2993" y0="1176" y1="1176"/>
<Row x0="276" x1="2993" y0="1212" y1="1212"/>
<Row x0="276" x1="2993" y0="1246" y1="1246"/>
<Row x0="276" x1="2993" y0="1288" y1="1288"/>
<Row x0="276" x1="2993" y0="1322" y1="1322"/>
<Row x0="276" x1="2993" y0="1358" y1="1358"/>
<Row x0="276" x1="2993" y0="1396" y1="1396"/>
<Row x0="276" x1="2993" y0="1432" y1="1432"/>
<Row x0="276" x1="2993" y0="1468" y1="1468"/>
<Row x0="276" x1="2993" y0="1510" y1="1510"/>
<Row x0="276" x1="2993" y0="1546" y1="1546"/>
<Row x0="276" x1="2993" y0="1584" y1="1584"/>
<Row x0="276" x1="2993" y0="1620" y1="1620"/>
<Row x0="276" x1="2993" y0="1660" y1="1660"/>
<Row x0="276" x1="2993" y0="1692" y1="1692"/>
<Row x0="276" x1="2993" y0="1732" y1="1732"/>
<Row x0="276" x1="2993" y0="1770" y1="1770"/>
<Row x0="276" x1="2993" y0="1804" y1="1804"/>
<Row x0="276" x1="2993" y0="1844" y1="1844"/>
<Row x0="276" x1="2993" y0="1878" y1="1878"/>
<Row x0="276" x1="2993" y0="1918" y1="1918"/>
<Row x0="276" x1="2993" y0="1954" y1="1954"/>
<Row x0="276" x1="2993" y0="1988" y1="1988"/>
<Row x0="276" x1="2993" y0="2030" y1="2030"/>
<Column x0="676" x1="676" y0="363" y1="2100"/>
<Column x0="1046" x1="1046" y0="363" y1="2100"/>
<Column x0="1800" x1="1800" y0="363" y1="2100"/>
<Column x0="1936" x1="1936" y0="363" y1="2100"/>
<Column x0="2140" x1="2140" y0="363" y1="2100"/>
<Column x0="2356" x1="2356" y0="363" y1="2100"/>
<Column x0="2553" x1="2553" y0="363" y1="2100"/>
<Column x0="2773" x1="2773" y0="363" y1="2100"/>
<Cell dontCare="false" endCol="0" endRow="0" startCol="0" startRow="0" x0="276" x1="676" y0="363" y1="433">(64769,257,257)</Cell>
<Cell dontCare="false" endCol="1" endRow="0" startCol="1" startRow="0" x0="676" x1="1046" y0="363" y1="433">(64769,257,514)</Cell>
<Cell dontCare="false" endCol="2" endRow="0" startCol="2" startRow="0" x0="1046" x1="1800" y0="363" y1="433">(64769,257,771)</Cell>
<Cell dontCare="false" endCol="3" endRow="0" startCol="3" startRow="0" x0="1800" x1="1936" y0="363" y1="433">(64769,257,1028)</Cell>
<Cell dontCare="false" endCol="4" endRow="0" startCol="4" startRow="0" x0="1936" x1="2140" y0="363" y1="433">(64769,257,1285)</Cell>
<Cell dontCare="false" endCol="8" endRow="0" startCol="5" startRow="0" x0="2140" x1="2993" y0="363" y1="433">(64769,257,1545)</Cell>
<Cell dontCare="true" endCol="6" endRow="0" startCol="6" startRow="0" x0="2356" x1="2553" y0="363" y1="433">(64769,257,1799)</Cell>
<Cell dontCare="true" endCol="7" endRow="0" startCol="7" startRow="0" x0="2553" x1="2773" y0="363" y1="433">(64769,257,2056)</Cell>
<Cell dontCare="true" endCol="8" endRow="0" startCol="8" startRow="0" x0="2773" x1="2993" y0="363" y1="433">(64769,257,2313)</Cell>
<Cell dontCare="false" endCol="0" endRow="1" startCol="0" startRow="1" x0="276" x1="676" y0="433" y1="540">(64769,514,257)</Cell>
<Cell dontCare="false" endCol="1" endRow="1" startCol="1" startRow="1" x0="676" x1="1046" y0="433" y1="540">(64769,514,514)</Cell>
<Cell dontCare="false" endCol="2" endRow="1" startCol="2" startRow="1" x0="1046" x1="1800" y0="433" y1="540">(64769,514,771)</Cell>
<Cell dontCare="false" endCol="3" endRow="1" startCol="3" startRow="1" x0="1800" x1="1936" y0="433" y1="540">(64769,514,1028)</Cell>
<Cell dontCare="false" endCol="4" endRow="1" startCol="4" startRow="1" x0="1936" x1="2140" y0="433" y1="540">(64769,514,1285)</Cell>
<Cell dontCare="false" endCol="5" endRow="1" startCol="5" startRow="1" x0="2140" x1="2356" y0="433" y1="540">(64769,514,1542)</Cell>
<Cell dontCare="false" endCol="6" endRow="1" startCol="6" startRow="1" x0="2356" x1="2553" y0="433" y1="540">(64769,514,1799)</Cell>
<Cell dontCare="false" endCol="7" endRow="1" startCol="7" startRow="1" x0="2553" x1="2773" y0="433" y1="540">(64769,514,2056)</Cell>
<Cell dontCare="false" endCol="8" endRow="1" startCol="8" startRow="1" x0="2773" x1="2993" y0="433" y1="540">(64769,514,2313)</Cell>
<Cell dontCare="false" endCol="8" endRow="2" startCol="0" startRow="2" x0="276" x1="2993" y0="540" y1="636">(64769,771,265)</Cell>
<Cell dontCare="true" endCol="1" endRow="2" startCol="1" startRow="2" x0="676" x1="1046" y0="540" y1="636">(64769,771,514)</Cell>
<Cell dontCare="true" endCol="2" endRow="2" startCol="2" startRow="2" x0="1046" x1="1800" y0="540" y1="636">(64769,771,771)</Cell>
<Cell dontCare="true" endCol="3" endRow="2" startCol="3" startRow="2" x0="1800" x1="1936" y0="540" y1="636">(64769,771,1028)</Cell>
<Cell dontCare="true" endCol="4" endRow="2" startCol="4" startRow="2" x0="1936" x1="2140" y0="540" y1="636">(64769,771,1285)</Cell>
<Cell dontCare="true" endCol="5" endRow="2" startCol="5" startRow="2" x0="2140" x1="2356" y0="540" y1="636">(64769,771,1542)</Cell>
<Cell dontCare="true" endCol="6" endRow="2" startCol="6" startRow="2" x0="2356" x1="2553" y0="540" y1="636">(64769,771,1799)</Cell>
<Cell dontCare="true" endCol="7" endRow="2" startCol="7" startRow="2" x0="2553" x1="2773" y0="540" y1="636">(64769,771,2056)</Cell>
<Cell dontCare="true" endCol="8" endRow="2" startCol="8" startRow="2" x0="2773" x1="2993" y0="540" y1="636">(64769,771,2313)</Cell>
<Cell dontCare="false" endCol="0" endRow="3" startCol="0" startRow="3" x0="276" x1="676" y0="636" y1="690">(64769,1028,257)</Cell>
<Cell dontCare="false" endCol="1" endRow="3" startCol="1" startRow="3" x0="676" x1="1046" y0="636" y1="690">(64769,1028,514)</Cell>
<Cell dontCare="false" endCol="2" endRow="3" startCol="2" startRow="3" x0="1046" x1="1800" y0="636" y1="690">(64769,1028,771)</Cell>
<Cell dontCare="false" endCol="3" endRow="3" startCol="3" startRow="3" x0="1800" x1="1936" y0="636" y1="690">(64769,1028,1028)</Cell>
<Cell dontCare="false" endCol="4" endRow="3" startCol="4" startRow="3" x0="1936" x1="2140" y0="636" y1="690">(64769,1028,1285)</Cell>
<Cell dontCare="false" endCol="5" endRow="3" startCol="5" startRow="3" x0="2140" x1="2356" y0="636" y1="690">(64769,1028,1542)</Cell>
<Cell dontCare="false" endCol="6" endRow="3" startCol="6" startRow="3" x0="2356" x1="2553" y0="636" y1="690">(64769,1028,1799)</Cell>
<Cell dontCare="false" endCol="7" endRow="3" startCol="7" startRow="3" x0="2553" x1="2773" y0="636" y1="690">(64769,1028,2056)</Cell>
<Cell dontCare="false" endCol="8" endRow="3" startCol="8" startRow="3" x0="2773" x1="2993" y0="636" y1="690">(64769,1028,2313)</Cell>
<Cell dontCare="false" endCol="0" endRow="4" startCol="0" startRow="4" x0="276" x1="676" y0="690" y1="724">(64769,1285,257)</Cell>
<Cell dontCare="false" endCol="1" endRow="4" startCol="1" startRow="4" x0="676" x1="1046" y0="690" y1="724">(64769,1285,514)</Cell>
<Cell dontCare="false" endCol="2" endRow="4" startCol="2" startRow="4" x0="1046" x1="1800" y0="690" y1="724">(64769,1285,771)</Cell>
<Cell dontCare="false" endCol="3" endRow="4" startCol="3" startRow="4" x0="1800" x1="1936" y0="690" y1="724">(64769,1285,1028)</Cell>
<Cell dontCare="false" endCol="4" endRow="4" startCol="4" startRow="4" x0="1936" x1="2140" y0="690" y1="724">(64769,1285,1285)</Cell>
<Cell dontCare="false" endCol="5" endRow="4" startCol="5" startRow="4" x0="2140" x1="2356" y0="690" y1="724">(64769,1285,1542)</Cell>
<Cell dontCare="false" endCol="6" endRow="4" startCol="6" startRow="4" x0="2356" x1="2553" y0="690" y1="724">(64769,1285,1799)</Cell>
<Cell dontCare="false" endCol="7" endRow="4" startCol="7" startRow="4" x0="2553" x1="2773" y0="690" y1="724">(64769,1285,2056)</Cell>
<Cell dontCare="false" endCol="8" endRow="4" startCol="8" startRow="4" x0="2773" x1="2993" y0="690" y1="724">(64769,1285,2313)</Cell>
<Cell dontCare="false" endCol="0" endRow="5" startCol="0" startRow="5" x0="276" x1="676" y0="724" y1="766">(64769,1542,257)</Cell>
<Cell dontCare="false" endCol="1" endRow="5" startCol="1" startRow="5" x0="676" x1="1046" y0="724" y1="766">(64769,1542,514)</Cell>
<Cell dontCare="false" endCol="2" endRow="5" startCol="2" startRow="5" x0="1046" x1="1800" y0="724" y1="766">(64769,1542,771)</Cell>
<Cell dontCare="false" endCol="3" endRow="5" startCol="3" startRow="5" x0="1800" x1="1936" y0="724" y1="766">(64769,1542,1028)</Cell>
<Cell dontCare="false" endCol="4" endRow="5" startCol="4" startRow="5" x0="1936" x1="2140" y0="724" y1="766">(64769,1542,1285)</Cell>
<Cell dontCare="false" endCol="5" endRow="5" startCol="5" startRow="5" x0="2140" x1="2356" y0="724" y1="766">(64769,1542,1542)</Cell>
<Cell dontCare="false" endCol="6" endRow="5" startCol="6" startRow="5" x0="2356" x1="2553" y0="724" y1="766">(64769,1542,1799)</Cell>
<Cell dontCare="false" endCol="7" endRow="5" startCol="7" startRow="5" x0="2553" x1="2773" y0="724" y1="766">(64769,1542,2056)</Cell>
<Cell dontCare="false" endCol="8" endRow="5" startCol="8" startRow="5" x0="2773" x1="2993" y0="724" y1="766">(64769,1542,2313)</Cell>
<Cell dontCare="false" endCol="0" endRow="6" startCol="0" startRow="6" x0="276" x1="676" y0="766" y1="800">(64769,1799,257)</Cell>
<Cell dontCare="false" endCol="1" endRow="6" startCol="1" startRow="6" x0="676" x1="1046" y0="766" y1="800">(64769,1799,514)</Cell>
<Cell dontCare="false" endCol="2" endRow="6" startCol="2" startRow="6" x0="1046" x1="1800" y0="766" y1="800">(64769,1799,771)</Cell>
<Cell dontCare="false" endCol="3" endRow="6" startCol="3" startRow="6" x0="1800" x1="1936" y0="766" y1="800">(64769,1799,1028)</Cell>
<Cell dontCare="false" endCol="4" endRow="6" startCol="4" startRow="6" x0="1936" x1="2140" y0="766" y1="800">(64769,1799,1285)</Cell>
<Cell dontCare="false" endCol="5" endRow="6" startCol="5" startRow="6" x0="2140" x1="2356" y0="766" y1="800">(64769,1799,1542)</Cell>
<Cell dontCare="false" endCol="6" endRow="6" startCol="6" startRow="6" x0="2356" x1="2553" y0="766" y1="800">(64769,1799,1799)</Cell>
<Cell dontCare="false" endCol="7" endRow="6" startCol="7" startRow="6" x0="2553" x1="2773" y0="766" y1="800">(64769,1799,2056)</Cell>
<Cell dontCare="false" endCol="8" endRow="6" startCol="8" startRow="6" x0="2773" x1="2993" y0="766" y1="800">(64769,1799,2313)</Cell>
<Cell dontCare="false" endCol="0" endRow="7" startCol="0" startRow="7" x0="276" x1="676" y0="800" y1="838">(64769,2056,257)</Cell>
<Cell dontCare="false" endCol="1" endRow="7" startCol="1" startRow="7" x0="676" x1="1046" y0="800" y1="838">(64769,2056,514)</Cell>
<Cell dontCare="false" endCol="2" endRow="7" startCol="2" startRow="7" x0="1046" x1="1800" y0="800" y1="838">(64769,2056,771)</Cell>
<Cell dontCare="false" endCol="3" endRow="7" startCol="3" startRow="7" x0="1800" x1="1936" y0="800" y1="838">(64769,2056,1028)</Cell>
<Cell dontCare="false" endCol="4" endRow="7" startCol="4" startRow="7" x0="1936" x1="2140" y0="800" y1="838">(64769,2056,1285)</Cell>
<Cell dontCare="false" endCol="5" endRow="7" startCol="5" startRow="7" x0="2140" x1="2356" y0="800" y1="838">(64769,2056,1542)</Cell>
<Cell dontCare="false" endCol="6" endRow="7" startCol="6" startRow="7" x0="2356" x1="2553" y0="800" y1="838">(64769,2056,1799)</Cell>
<Cell dontCare="false" endCol="7" endRow="7" startCol="7" startRow="7" x0="2553" x1="2773" y0="800" y1="838">(64769,2056,2056)</Cell>
<Cell dontCare="false" endCol="8" endRow="7" startCol="8" startRow="7" x0="2773" x1="2993" y0="800" y1="838">(64769,2056,2313)</Cell>
<Cell dontCare="false" endCol="0" endRow="8" startCol="0" startRow="8" x0="276" x1="676" y0="838" y1="872">(64769,2313,257)</Cell>
<Cell dontCare="false" endCol="1" endRow="8" startCol="1" startRow="8" x0="676" x1="1046" y0="838" y1="872">(64769,2313,514)</Cell>
<Cell dontCare="false" endCol="2" endRow="8" startCol="2" startRow="8" x0="1046" x1="1800" y0="838" y1="872">(64769,2313,771)</Cell>
<Cell dontCare="false" endCol="3" endRow="8" startCol="3" startRow="8" x0="1800" x1="1936" y0="838" y1="872">(64769,2313,1028)</Cell>
<Cell dontCare="false" endCol="4" endRow="8" startCol="4" startRow="8" x0="1936" x1="2140" y0="838" y1="872">(64769,2313,1285)</Cell>
<Cell dontCare="false" endCol="5" endRow="8" startCol="5" startRow="8" x0="2140" x1="2356" y0="838" y1="872">(64769,2313,1542)</Cell>
<Cell dontCare="false" endCol="6" endRow="8" startCol="6" startRow="8" x0="2356" x1="2553" y0="838" y1="872">(64769,2313,1799)</Cell>
<Cell dontCare="false" endCol="7" endRow="8" startCol="7" startRow="8" x0="2553" x1="2773" y0="838" y1="872">(64769,2313,2056)</Cell>
<Cell dontCare="false" endCol="8" endRow="8" startCol="8" startRow="8" x0="2773" x1="2993" y0="838" y1="872">(64769,2313,2313)</Cell>
<Cell dontCare="false" endCol="0" endRow="9" startCol="0" startRow="9" x0="276" x1="676" y0="872" y1="916">(64769,2570,257)</Cell>
<Cell dontCare="false" endCol="1" endRow="9" startCol="1" startRow="9" x0="676" x1="1046" y0="872" y1="916">(64769,2570,514)</Cell>
<Cell dontCare="false" endCol="2" endRow="9" startCol="2" startRow="9" x0="1046" x1="1800" y0="872" y1="916">(64769,2570,771)</Cell>
<Cell dontCare="false" endCol="3" endRow="9" startCol="3" startRow="9" x0="1800" x1="1936" y0="872" y1="916">(64769,2570,1028)</Cell>
<Cell dontCare="false" endCol="4" endRow="9" startCol="4" startRow="9" x0="1936" x1="2140" y0="872" y1="916">(64769,2570,1285)</Cell>
<Cell dontCare="false" endCol="5" endRow="9" startCol="5" startRow="9" x0="2140" x1="2356" y0="872" y1="916">(64769,2570,1542)</Cell>
<Cell dontCare="false" endCol="6" endRow="9" startCol="6" startRow="9" x0="2356" x1="2553" y0="872" y1="916">(64769,2570,1799)</Cell>
<Cell dontCare="false" endCol="7" endRow="9" startCol="7" startRow="9" x0="2553" x1="2773" y0="872" y1="916">(64769,2570,2056)</Cell>
<Cell dontCare="false" endCol="8" endRow="9" startCol="8" startRow="9" x0="2773" x1="2993" y0="872" y1="916">(64769,2570,2313)</Cell>
<Cell dontCare="false" endCol="0" endRow="10" startCol="0" startRow="10" x0="276" x1="676" y0="916" y1="954">(64769,2827,257)</Cell>
<Cell dontCare="false" endCol="1" endRow="10" startCol="1" startRow="10" x0="676" x1="1046" y0="916" y1="954">(64769,2827,514)</Cell>
<Cell dontCare="false" endCol="2" endRow="10" startCol="2" startRow="10" x0="1046" x1="1800" y0="916" y1="954">(64769,2827,771)</Cell>
<Cell dontCare="false" endCol="3" endRow="10" startCol="3" startRow="10" x0="1800" x1="1936" y0="916" y1="954">(64769,2827,1028)</Cell>
<Cell dontCare="false" endCol="4" endRow="10" startCol="4" startRow="10" x0="1936" x1="2140" y0="916" y1="954">(64769,2827,1285)</Cell>
<Cell dontCare="false" endCol="5" endRow="10" startCol="5" startRow="10" x0="2140" x1="2356" y0="916" y1="954">(64769,2827,1542)</Cell>
<Cell dontCare="false" endCol="6" endRow="10" startCol="6" startRow="10" x0="2356" x1="2553" y0="916" y1="954">(64769,2827,1799)</Cell>
<Cell dontCare="false" endCol="7" endRow="10" startCol="7" startRow="10" x0="2553" x1="2773" y0="916" y1="954">(64769,2827,2056)</Cell>
<Cell dontCare="false" endCol="8" endRow="10" startCol="8" startRow="10" x0="2773" x1="2993" y0="916" y1="954">(64769,2827,2313)</Cell>
<Cell dontCare="false" endCol="0" endRow="11" startCol="0" startRow="11" x0="276" x1="676" y0="954" y1="990">(64769,3084,257)</Cell>
<Cell dontCare="false" endCol="1" endRow="11" startCol="1" startRow="11" x0="676" x1="1046" y0="954" y1="990">(64769,3084,514)</Cell>
<Cell dontCare="false" endCol="2" endRow="11" startCol="2" startRow="11" x0="1046" x1="1800" y0="954" y1="990">(64769,3084,771)</Cell>
<Cell dontCare="false" endCol="3" endRow="11" startCol="3" startRow="11" x0="1800" x1="1936" y0="954" y1="990">(64769,3084,1028)</Cell>
<Cell dontCare="false" endCol="4" endRow="11" startCol="4" startRow="11" x0="1936" x1="2140" y0="954" y1="990">(64769,3084,1285)</Cell>
<Cell dontCare="false" endCol="5" endRow="11" startCol="5" startRow="11" x0="2140" x1="2356" y0="954" y1="990">(64769,3084,1542)</Cell>
<Cell dontCare="false" endCol="6" endRow="11" startCol="6" startRow="11" x0="2356" x1="2553" y0="954" y1="990">(64769,3084,1799)</Cell>
<Cell dontCare="false" endCol="7" endRow="11" startCol="7" startRow="11" x0="2553" x1="2773" y0="954" y1="990">(64769,3084,2056)</Cell>
<Cell dontCare="false" endCol="8" endRow="11" startCol="8" startRow="11" x0="2773" x1="2993" y0="954" y1="990">(64769,3084,2313)</Cell>
<Cell dontCare="false" endCol="0" endRow="12" startCol="0" startRow="12" x0="276" x1="676" y0="990" y1="1022">(64769,3341,257)</Cell>
<Cell dontCare="false" endCol="1" endRow="12" startCol="1" startRow="12" x0="676" x1="1046" y0="990" y1="1022">(64769,3341,514)</Cell>
<Cell dontCare="false" endCol="2" endRow="12" startCol="2" startRow="12" x0="1046" x1="1800" y0="990" y1="1022">(64769,3341,771)</Cell>
<Cell dontCare="false" endCol="3" endRow="12" startCol="3" startRow="12" x0="1800" x1="1936" y0="990" y1="1022">(64769,3341,1028)</Cell>
<Cell dontCare="false" endCol="4" endRow="12" startCol="4" startRow="12" x0="1936" x1="2140" y0="990" y1="1022">(64769,3341,1285)</Cell>
<Cell dontCare="false" endCol="5" endRow="12" startCol="5" startRow="12" x0="2140" x1="2356" y0="990" y1="1022">(64769,3341,1542)</Cell>
<Cell dontCare="false" endCol="6" endRow="12" startCol="6" startRow="12" x0="2356" x1="2553" y0="990" y1="1022">(64769,3341,1799)</Cell>
<Cell dontCare="false" endCol="7" endRow="12" startCol="7" startRow="12" x0="2553" x1="2773" y0="990" y1="1022">(64769,3341,2056)</Cell>
<Cell dontCare="false" endCol="8" endRow="12" startCol="8" startRow="12" x0="2773" x1="2993" y0="990" y1="1022">(64769,3341,2313)</Cell>
<Cell dontCare="false" endCol="0" endRow="13" startCol="0" startRow="13" x0="276" x1="676" y0="1022" y1="1058">(64769,3598,257)</Cell>
<Cell dontCare="false" endCol="1" endRow="13" startCol="1" startRow="13" x0="676" x1="1046" y0="1022" y1="1058">(64769,3598,514)</Cell>
<Cell dontCare="false" endCol="2" endRow="13" startCol="2" startRow="13" x0="1046" x1="1800" y0="1022" y1="1058">(64769,3598,771)</Cell>
<Cell dontCare="false" endCol="3" endRow="13" startCol="3" startRow="13" x0="1800" x1="1936" y0="1022" y1="1058">(64769,3598,1028)</Cell>
<Cell dontCare="false" endCol="4" endRow="13" startCol="4" startRow="13" x0="1936" x1="2140" y0="1022" y1="1058">(64769,3598,1285)</Cell>
<Cell dontCare="false" endCol="5" endRow="13" startCol="5" startRow="13" x0="2140" x1="2356" y0="1022" y1="1058">(64769,3598,1542)</Cell>
<Cell dontCare="false" endCol="6" endRow="13" startCol="6" startRow="13" x0="2356" x1="2553" y0="1022" y1="1058">(64769,3598,1799)</Cell>
<Cell dontCare="false" endCol="7" endRow="13" startCol="7" startRow="13" x0="2553" x1="2773" y0="1022" y1="1058">(64769,3598,2056)</Cell>
<Cell dontCare="false" endCol="8" endRow="13" startCol="8" startRow="13" x0="2773" x1="2993" y0="1022" y1="1058">(64769,3598,2313)</Cell>
<Cell dontCare="false" endCol="0" endRow="14" startCol="0" startRow="14" x0="276" x1="676" y0="1058" y1="1098">(64769,3855,257)</Cell>
<Cell dontCare="false" endCol="1" endRow="14" startCol="1" startRow="14" x0="676" x1="1046" y0="1058" y1="1098">(64769,3855,514)</Cell>
<Cell dontCare="false" endCol="2" endRow="14" startCol="2" startRow="14" x0="1046" x1="1800" y0="1058" y1="1098">(64769,3855,771)</Cell>
<Cell dontCare="false" endCol="3" endRow="14" startCol="3" startRow="14" x0="1800" x1="1936" y0="1058" y1="1098">(64769,3855,1028)</Cell>
<Cell dontCare="false" endCol="4" endRow="14" startCol="4" startRow="14" x0="1936" x1="2140" y0="1058" y1="1098">(64769,3855,1285)</Cell>
<Cell dontCare="false" endCol="5" endRow="14" startCol="5" startRow="14" x0="2140" x1="2356" y0="1058" y1="1098">(64769,3855,1542)</Cell>
<Cell dontCare="false" endCol="6" endRow="14" startCol="6" startRow="14" x0="2356" x1="2553" y0="1058" y1="1098">(64769,3855,1799)</Cell>
<Cell dontCare="false" endCol="7" endRow="14" startCol="7" startRow="14" x0="2553" x1="2773" y0="1058" y1="1098">(64769,3855,2056)</Cell>
<Cell dontCare="false" endCol="8" endRow="14" startCol="8" startRow="14" x0="2773" x1="2993" y0="1058" y1="1098">(64769,3855,2313)</Cell>
<Cell dontCare="false" endCol="0" endRow="15" startCol="0" startRow="15" x0="276" x1="676" y0="1098" y1="1134">(64769,4112,257)</Cell>
<Cell dontCare="false" endCol="1" endRow="15" startCol="1" startRow="15" x0="676" x1="1046" y0="1098" y1="1134">(64769,4112,514)</Cell>
<Cell dontCare="false" endCol="2" endRow="15" startCol="2" startRow="15" x0="1046" x1="1800" y0="1098" y1="1134">(64769,4112,771)</Cell>
<Cell dontCare="false" endCol="3" endRow="15" startCol="3" startRow="15" x0="1800" x1="1936" y0="1098" y1="1134">(64769,4112,1028)</Cell>
<Cell dontCare="false" endCol="4" endRow="15" startCol="4" startRow="15" x0="1936" x1="2140" y0="1098" y1="1134">(64769,4112,1285)</Cell>
<Cell dontCare="false" endCol="5" endRow="15" startCol="5" startRow="15" x0="2140" x1="2356" y0="1098" y1="1134">(64769,4112,1542)</Cell>
<Cell dontCare="false" endCol="6" endRow="15" startCol="6" startRow="15" x0="2356" x1="2553" y0="1098" y1="1134">(64769,4112,1799)</Cell>
<Cell dontCare="false" endCol="7" endRow="15" startCol="7" startRow="15" x0="2553" x1="2773" y0="1098" y1="1134">(64769,4112,2056)</Cell>
<Cell dontCare="false" endCol="8" endRow="15" startCol="8" startRow="15" x0="2773" x1="2993" y0="1098" y1="1134">(64769,4112,2313)</Cell>
<Cell dontCare="false" endCol="0" endRow="16" startCol="0" startRow="16" x0="276" x1="676" y0="1134" y1="1176">(64769,4369,257)</Cell>
<Cell dontCare="false" endCol="1" endRow="16" startCol="1" startRow="16" x0="676" x1="1046" y0="1134" y1="1176">(64769,4369,514)</Cell>
<Cell dontCare="false" endCol="2" endRow="16" startCol="2" startRow="16" x0="1046" x1="1800" y0="1134" y1="1176">(64769,4369,771)</Cell>
<Cell dontCare="false" endCol="3" endRow="16" startCol="3" startRow="16" x0="1800" x1="1936" y0="1134" y1="1176">(64769,4369,1028)</Cell>
<Cell dontCare="false" endCol="4" endRow="16" startCol="4" startRow="16" x0="1936" x1="2140" y0="1134" y1="1176">(64769,4369,1285)</Cell>
<Cell dontCare="false" endCol="5" endRow="16" startCol="5" startRow="16" x0="2140" x1="2356" y0="1134" y1="1176">(64769,4369,1542)</Cell>
<Cell dontCare="false" endCol="6" endRow="16" startCol="6" startRow="16" x0="2356" x1="2553" y0="1134" y1="1176">(64769,4369,1799)</Cell>
<Cell dontCare="false" endCol="7" endRow="16" startCol="7" startRow="16" x0="2553" x1="2773" y0="1134" y1="1176">(64769,4369,2056)</Cell>
<Cell dontCare="false" endCol="8" endRow="16" startCol="8" startRow="16" x0="2773" x1="2993" y0="1134" y1="1176">(64769,4369,2313)</Cell>
<Cell dontCare="false" endCol="0" endRow="17" startCol="0" startRow="17" x0="276" x1="676" y0="1176" y1="1212">(64769,4626,257)</Cell>
<Cell dontCare="false" endCol="1" endRow="17" startCol="1" startRow="17" x0="676" x1="1046" y0="1176" y1="1212">(64769,4626,514)</Cell>
<Cell dontCare="false" endCol="2" endRow="17" startCol="2" startRow="17" x0="1046" x1="1800" y0="1176" y1="1212">(64769,4626,771)</Cell>
<Cell dontCare="false" endCol="3" endRow="17" startCol="3" startRow="17" x0="1800" x1="1936" y0="1176" y1="1212">(64769,4626,1028)</Cell>
<Cell dontCare="false" endCol="4" endRow="17" startCol="4" startRow="17" x0="1936" x1="2140" y0="1176" y1="1212">(64769,4626,1285)</Cell>
<Cell dontCare="false" endCol="5" endRow="17" startCol="5" startRow="17" x0="2140" x1="2356" y0="1176" y1="1212">(64769,4626,1542)</Cell>
<Cell dontCare="false" endCol="6" endRow="17" startCol="6" startRow="17" x0="2356" x1="2553" y0="1176" y1="1212">(64769,4626,1799)</Cell>
<Cell dontCare="false" endCol="7" endRow="17" startCol="7" startRow="17" x0="2553" x1="2773" y0="1176" y1="1212">(64769,4626,2056)</Cell>
<Cell dontCare="false" endCol="8" endRow="17" startCol="8" startRow="17" x0="2773" x1="2993" y0="1176" y1="1212">(64769,4626,2313)</Cell>
<Cell dontCare="false" endCol="0" endRow="18" startCol="0" startRow="18" x0="276" x1="676" y0="1212" y1="1246">(64769,4883,257)</Cell>
<Cell dontCare="false" endCol="1" endRow="18" startCol="1" startRow="18" x0="676" x1="1046" y0="1212" y1="1246">(64769,4883,514)</Cell>
<Cell dontCare="false" endCol="2" endRow="18" startCol="2" startRow="18" x0="1046" x1="1800" y0="1212" y1="1246">(64769,4883,771)</Cell>
<Cell dontCare="false" endCol="3" endRow="18" startCol="3" startRow="18" x0="1800" x1="1936" y0="1212" y1="1246">(64769,4883,1028)</Cell>
<Cell dontCare="false" endCol="4" endRow="18" startCol="4" startRow="18" x0="1936" x1="2140" y0="1212" y1="1246">(64769,4883,1285)</Cell>
<Cell dontCare="false" endCol="5" endRow="18" startCol="5" startRow="18" x0="2140" x1="2356" y0="1212" y1="1246">(64769,4883,1542)</Cell>
<Cell dontCare="false" endCol="6" endRow="18" startCol="6" startRow="18" x0="2356" x1="2553" y0="1212" y1="1246">(64769,4883,1799)</Cell>
<Cell dontCare="false" endCol="7" endRow="18" startCol="7" startRow="18" x0="2553" x1="2773" y0="1212" y1="1246">(64769,4883,2056)</Cell>
<Cell dontCare="false" endCol="8" endRow="18" startCol="8" startRow="18" x0="2773" x1="2993" y0="1212" y1="1246">(64769,4883,2313)</Cell>
<Cell dontCare="false" endCol="0" endRow="19" startCol="0" startRow="19" x0="276" x1="676" y0="1246" y1="1288">(64769,5140,257)</Cell>
<Cell dontCare="false" endCol="1" endRow="19" startCol="1" startRow="19" x0="676" x1="1046" y0="1246" y1="1288">(64769,5140,514)</Cell>
<Cell dontCare="false" endCol="2" endRow="19" startCol="2" startRow="19" x0="1046" x1="1800" y0="1246" y1="1288">(64769,5140,771)</Cell>
<Cell dontCare="false" endCol="3" endRow="19" startCol="3" startRow="19" x0="1800" x1="1936" y0="1246" y1="1288">(64769,5140,1028)</Cell>
<Cell dontCare="false" endCol="4" endRow="19" startCol="4" startRow="19" x0="1936" x1="2140" y0="1246" y1="1288">(64769,5140,1285)</Cell>
<Cell dontCare="false" endCol="5" endRow="19" startCol="5" startRow="19" x0="2140" x1="2356" y0="1246" y1="1288">(64769,5140,1542)</Cell>
<Cell dontCare="false" endCol="6" endRow="19" startCol="6" startRow="19" x0="2356" x1="2553" y0="1246" y1="1288">(64769,5140,1799)</Cell>
<Cell dontCare="false" endCol="7" endRow="19" startCol="7" startRow="19" x0="2553" x1="2773" y0="1246" y1="1288">(64769,5140,2056)</Cell>
<Cell dontCare="false" endCol="8" endRow="19" startCol="8" startRow="19" x0="2773" x1="2993" y0="1246" y1="1288">(64769,5140,2313)</Cell>
<Cell dontCare="false" endCol="0" endRow="20" startCol="0" startRow="20" x0="276" x1="676" y0="1288" y1="1322">(64769,5397,257)</Cell>
<Cell dontCare="false" endCol="1" endRow="20" startCol="1" startRow="20" x0="676" x1="1046" y0="1288" y1="1322">(64769,5397,514)</Cell>
<Cell dontCare="false" endCol="2" endRow="20" startCol="2" startRow="20" x0="1046" x1="1800" y0="1288" y1="1322">(64769,5397,771)</Cell>
<Cell dontCare="false" endCol="3" endRow="20" startCol="3" startRow="20" x0="1800" x1="1936" y0="1288" y1="1322">(64769,5397,1028)</Cell>
<Cell dontCare="false" endCol="4" endRow="20" startCol="4" startRow="20" x0="1936" x1="2140" y0="1288" y1="1322">(64769,5397,1285)</Cell>
<Cell dontCare="false" endCol="5" endRow="20" startCol="5" startRow="20" x0="2140" x1="2356" y0="1288" y1="1322">(64769,5397,1542)</Cell>
<Cell dontCare="false" endCol="6" endRow="20" startCol="6" startRow="20" x0="2356" x1="2553" y0="1288" y1="1322">(64769,5397,1799)</Cell>
<Cell dontCare="false" endCol="7" endRow="20" startCol="7" startRow="20" x0="2553" x1="2773" y0="1288" y1="1322">(64769,5397,2056)</Cell>
<Cell dontCare="false" endCol="8" endRow="20" startCol="8" startRow="20" x0="2773" x1="2993" y0="1288" y1="1322">(64769,5397,2313)</Cell>
<Cell dontCare="false" endCol="0" endRow="21" startCol="0" startRow="21" x0="276" x1="676" y0="1322" y1="1358">(64769,5654,257)</Cell>
<Cell dontCare="false" endCol="1" endRow="21" startCol="1" startRow="21" x0="676" x1="1046" y0="1322" y1="1358">(64769,5654,514)</Cell>
<Cell dontCare="false" endCol="2" endRow="21" startCol="2" startRow="21" x0="1046" x1="1800" y0="1322" y1="1358">(64769,5654,771)</Cell>
<Cell dontCare="false" endCol="3" endRow="21" startCol="3" startRow="21" x0="1800" x1="1936" y0="1322" y1="1358">(64769,5654,1028)</Cell>
<Cell dontCare="false" endCol="4" endRow="21" startCol="4" startRow="21" x0="1936" x1="2140" y0="1322" y1="1358">(64769,5654,1285)</Cell>
<Cell dontCare="false" endCol="5" endRow="21" startCol="5" startRow="21" x0="2140" x1="2356" y0="1322" y1="1358">(64769,5654,1542)</Cell>
<Cell dontCare="false" endCol="6" endRow="21" startCol="6" startRow="21" x0="2356" x1="2553" y0="1322" y1="1358">(64769,5654,1799)</Cell>
<Cell dontCare="false" endCol="7" endRow="21" startCol="7" startRow="21" x0="2553" x1="2773" y0="1322" y1="1358">(64769,5654,2056)</Cell>
<Cell dontCare="false" endCol="8" endRow="21" startCol="8" startRow="21" x0="2773" x1="2993" y0="1322" y1="1358">(64769,5654,2313)</Cell>
<Cell dontCare="false" endCol="0" endRow="22" startCol="0" startRow="22" x0="276" x1="676" y0="1358" y1="1396">(64769,5911,257)</Cell>
<Cell dontCare="false" endCol="1" endRow="22" startCol="1" startRow="22" x0="676" x1="1046" y0="1358" y1="1396">(64769,5911,514)</Cell>
<Cell dontCare="false" endCol="2" endRow="22" startCol="2" startRow="22" x0="1046" x1="1800" y0="1358" y1="1396">(64769,5911,771)</Cell>
<Cell dontCare="false" endCol="3" endRow="22" startCol="3" startRow="22" x0="1800" x1="1936" y0="1358" y1="1396">(64769,5911,1028)</Cell>
<Cell dontCare="false" endCol="4" endRow="22" startCol="4" startRow="22" x0="1936" x1="2140" y0="1358" y1="1396">(64769,5911,1285)</Cell>
<Cell dontCare="false" endCol="5" endRow="22" startCol="5" startRow="22" x0="2140" x1="2356" y0="1358" y1="1396">(64769,5911,1542)</Cell>
<Cell dontCare="false" endCol="6" endRow="22" startCol="6" startRow="22" x0="2356" x1="2553" y0="1358" y1="1396">(64769,5911,1799)</Cell>
<Cell dontCare="false" endCol="7" endRow="22" startCol="7" startRow="22" x0="2553" x1="2773" y0="1358" y1="1396">(64769,5911,2056)</Cell>
<Cell dontCare="false" endCol="8" endRow="22" startCol="8" startRow="22" x0="2773" x1="2993" y0="1358" y1="1396">(64769,5911,2313)</Cell>
<Cell dontCare="false" endCol="0" endRow="23" startCol="0" startRow="23" x0="276" x1="676" y0="1396" y1="1432">(64769,6168,257)</Cell>
<Cell dontCare="false" endCol="1" endRow="23" startCol="1" startRow="23" x0="676" x1="1046" y0="1396" y1="1432">(64769,6168,514)</Cell>
<Cell dontCare="false" endCol="2" endRow="23" startCol="2" startRow="23" x0="1046" x1="1800" y0="1396" y1="1432">(64769,6168,771)</Cell>
<Cell dontCare="false" endCol="3" endRow="23" startCol="3" startRow="23" x0="1800" x1="1936" y0="1396" y1="1432">(64769,6168,1028)</Cell>
<Cell dontCare="false" endCol="4" endRow="23" startCol="4" startRow="23" x0="1936" x1="2140" y0="1396" y1="1432">(64769,6168,1285)</Cell>
<Cell dontCare="false" endCol="5" endRow="23" startCol="5" startRow="23" x0="2140" x1="2356" y0="1396" y1="1432">(64769,6168,1542)</Cell>
<Cell dontCare="false" endCol="6" endRow="23" startCol="6" startRow="23" x0="2356" x1="2553" y0="1396" y1="1432">(64769,6168,1799)</Cell>
<Cell dontCare="false" endCol="7" endRow="23" startCol="7" startRow="23" x0="2553" x1="2773" y0="1396" y1="1432">(64769,6168,2056)</Cell>
<Cell dontCare="false" endCol="8" endRow="23" startCol="8" startRow="23" x0="2773" x1="2993" y0="1396" y1="1432">(64769,6168,2313)</Cell>
<Cell dontCare="false" endCol="0" endRow="24" startCol="0" startRow="24" x0="276" x1="676" y0="1432" y1="1468">(64769,6425,257)</Cell>
<Cell dontCare="false" endCol="1" endRow="24" startCol="1" startRow="24" x0="676" x1="1046" y0="1432" y1="1468">(64769,6425,514)</Cell>
<Cell dontCare="false" endCol="2" endRow="24" startCol="2" startRow="24" x0="1046" x1="1800" y0="1432" y1="1468">(64769,6425,771)</Cell>
<Cell dontCare="false" endCol="3" endRow="24" startCol="3" startRow="24" x0="1800" x1="1936" y0="1432" y1="1468">(64769,6425,1028)</Cell>
<Cell dontCare="false" endCol="4" endRow="24" startCol="4" startRow="24" x0="1936" x1="2140" y0="1432" y1="1468">(64769,6425,1285)</Cell>
<Cell dontCare="false" endCol="5" endRow="24" startCol="5" startRow="24" x0="2140" x1="2356" y0="1432" y1="1468">(64769,6425,1542)</Cell>
<Cell dontCare="false" endCol="6" endRow="24" startCol="6" startRow="24" x0="2356" x1="2553" y0="1432" y1="1468">(64769,6425,1799)</Cell>
<Cell dontCare="false" endCol="7" endRow="24" startCol="7" startRow="24" x0="2553" x1="2773" y0="1432" y1="1468">(64769,6425,2056)</Cell>
<Cell dontCare="false" endCol="8" endRow="24" startCol="8" startRow="24" x0="2773" x1="2993" y0="1432" y1="1468">(64769,6425,2313)</Cell>
<Cell dontCare="false" endCol="0" endRow="25" startCol="0" startRow="25" x0="276" x1="676" y0="1468" y1="1510">(64769,6682,257)</Cell>
<Cell dontCare="false" endCol="1" endRow="25" startCol="1" startRow="25" x0="676" x1="1046" y0="1468" y1="1510">(64769,6682,514)</Cell>
<Cell dontCare="false" endCol="2" endRow="25" startCol="2" startRow="25" x0="1046" x1="1800" y0="1468" y1="1510">(64769,6682,771)</Cell>
<Cell dontCare="false" endCol="3" endRow="25" startCol="3" startRow="25" x0="1800" x1="1936" y0="1468" y1="1510">(64769,6682,1028)</Cell>
<Cell dontCare="false" endCol="4" endRow="25" startCol="4" startRow="25" x0="1936" x1="2140" y0="1468" y1="1510">(64769,6682,1285)</Cell>
<Cell dontCare="false" endCol="5" endRow="25" startCol="5" startRow="25" x0="2140" x1="2356" y0="1468" y1="1510">(64769,6682,1542)</Cell>
<Cell dontCare="false" endCol="6" endRow="25" startCol="6" startRow="25" x0="2356" x1="2553" y0="1468" y1="1510">(64769,6682,1799)</Cell>
<Cell dontCare="false" endCol="7" endRow="25" startCol="7" startRow="25" x0="2553" x1="2773" y0="1468" y1="1510">(64769,6682,2056)</Cell>
<Cell dontCare="false" endCol="8" endRow="25" startCol="8" startRow="25" x0="2773" x1="2993" y0="1468" y1="1510">(64769,6682,2313)</Cell>
<Cell dontCare="false" endCol="0" endRow="26" startCol="0" startRow="26" x0="276" x1="676" y0="1510" y1="1546">(64769,6939,257)</Cell>
<Cell dontCare="false" endCol="1" endRow="26" startCol="1" startRow="26" x0="676" x1="1046" y0="1510" y1="1546">(64769,6939,514)</Cell>
<Cell dontCare="false" endCol="2" endRow="26" startCol="2" startRow="26" x0="1046" x1="1800" y0="1510" y1="1546">(64769,6939,771)</Cell>
<Cell dontCare="false" endCol="3" endRow="26" startCol="3" startRow="26" x0="1800" x1="1936" y0="1510" y1="1546">(64769,6939,1028)</Cell>
<Cell dontCare="false" endCol="4" endRow="26" startCol="4" startRow="26" x0="1936" x1="2140" y0="1510" y1="1546">(64769,6939,1285)</Cell>
<Cell dontCare="false" endCol="5" endRow="26" startCol="5" startRow="26" x0="2140" x1="2356" y0="1510" y1="1546">(64769,6939,1542)</Cell>
<Cell dontCare="false" endCol="6" endRow="26" startCol="6" startRow="26" x0="2356" x1="2553" y0="1510" y1="1546">(64769,6939,1799)</Cell>
<Cell dontCare="false" endCol="7" endRow="26" startCol="7" startRow="26" x0="2553" x1="2773" y0="1510" y1="1546">(64769,6939,2056)</Cell>
<Cell dontCare="false" endCol="8" endRow="26" startCol="8" startRow="26" x0="2773" x1="2993" y0="1510" y1="1546">(64769,6939,2313)</Cell>
<Cell dontCare="false" endCol="0" endRow="27" startCol="0" startRow="27" x0="276" x1="676" y0="1546" y1="1584">(64769,7196,257)</Cell>
<Cell dontCare="false" endCol="1" endRow="27" startCol="1" startRow="27" x0="676" x1="1046" y0="1546" y1="1584">(64769,7196,514)</Cell>
<Cell dontCare="false" endCol="2" endRow="27" startCol="2" startRow="27" x0="1046" x1="1800" y0="1546" y1="1584">(64769,7196,771)</Cell>
<Cell dontCare="false" endCol="3" endRow="27" startCol="3" startRow="27" x0="1800" x1="1936" y0="1546" y1="1584">(64769,7196,1028)</Cell>
<Cell dontCare="false" endCol="4" endRow="27" startCol="4" startRow="27" x0="1936" x1="2140" y0="1546" y1="1584">(64769,7196,1285)</Cell>
<Cell dontCare="false" endCol="5" endRow="27" startCol="5" startRow="27" x0="2140" x1="2356" y0="1546" y1="1584">(64769,7196,1542)</Cell>
<Cell dontCare="false" endCol="6" endRow="27" startCol="6" startRow="27" x0="2356" x1="2553" y0="1546" y1="1584">(64769,7196,1799)</Cell>
<Cell dontCare="false" endCol="7" endRow="27" startCol="7" startRow="27" x0="2553" x1="2773" y0="1546" y1="1584">(64769,7196,2056)</Cell>
<Cell dontCare="false" endCol="8" endRow="27" startCol="8" startRow="27" x0="2773" x1="2993" y0="1546" y1="1584">(64769,7196,2313)</Cell>
<Cell dontCare="false" endCol="0" endRow="28" startCol="0" startRow="28" x0="276" x1="676" y0="1584" y1="1620">(64769,7453,257)</Cell>
<Cell dontCare="false" endCol="1" endRow="28" startCol="1" startRow="28" x0="676" x1="1046" y0="1584" y1="1620">(64769,7453,514)</Cell>
<Cell dontCare="false" endCol="2" endRow="28" startCol="2" startRow="28" x0="1046" x1="1800" y0="1584" y1="1620">(64769,7453,771)</Cell>
<Cell dontCare="false" endCol="3" endRow="28" startCol="3" startRow="28" x0="1800" x1="1936" y0="1584" y1="1620">(64769,7453,1028)</Cell>
<Cell dontCare="false" endCol="4" endRow="28" startCol="4" startRow="28" x0="1936" x1="2140" y0="1584" y1="1620">(64769,7453,1285)</Cell>
<Cell dontCare="false" endCol="5" endRow="28" startCol="5" startRow="28" x0="2140" x1="2356" y0="1584" y1="1620">(64769,7453,1542)</Cell>
<Cell dontCare="false" endCol="6" endRow="28" startCol="6" startRow="28" x0="2356" x1="2553" y0="1584" y1="1620">(64769,7453,1799)</Cell>
<Cell dontCare="false" endCol="7" endRow="28" startCol="7" startRow="28" x0="2553" x1="2773" y0="1584" y1="1620">(64769,7453,2056)</Cell>
<Cell dontCare="false" endCol="8" endRow="28" startCol="8" startRow="28" x0="2773" x1="2993" y0="1584" y1="1620">(64769,7453,2313)</Cell>
<Cell dontCare="false" endCol="0" endRow="29" startCol="0" startRow="29" x0="276" x1="676" y0="1620" y1="1660">(64769,7710,257)</Cell>
<Cell dontCare="false" endCol="1" endRow="29" startCol="1" startRow="29" x0="676" x1="1046" y0="1620" y1="1660">(64769,7710,514)</Cell>
<Cell dontCare="false" endCol="2" endRow="29" startCol="2" startRow="29" x0="1046" x1="1800" y0="1620" y1="1660">(64769,7710,771)</Cell>
<Cell dontCare="false" endCol="3" endRow="29" startCol="3" startRow="29" x0="1800" x1="1936" y0="1620" y1="1660">(64769,7710,1028)</Cell>
<Cell dontCare="false" endCol="4" endRow="29" startCol="4" startRow="29" x0="1936" x1="2140" y0="1620" y1="1660">(64769,7710,1285)</Cell>
<Cell dontCare="false" endCol="5" endRow="29" startCol="5" startRow="29" x0="2140" x1="2356" y0="1620" y1="1660">(64769,7710,1542)</Cell>
<Cell dontCare="false" endCol="6" endRow="29" startCol="6" startRow="29" x0="2356" x1="2553" y0="1620" y1="1660">(64769,7710,1799)</Cell>
<Cell dontCare="false" endCol="7" endRow="29" startCol="7" startRow="29" x0="2553" x1="2773" y0="1620" y1="1660">(64769,7710,2056)</Cell>
<Cell dontCare="false" endCol="8" endRow="29" startCol="8" startRow="29" x0="2773" x1="2993" y0="1620" y1="1660">(64769,7710,2313)</Cell>
<Cell dontCare="false" endCol="0" endRow="30" startCol="0" startRow="30" x0="276" x1="676" y0="1660" y1="1692">(64769,7967,257)</Cell>
<Cell dontCare="false" endCol="1" endRow="30" startCol="1" startRow="30" x0="676" x1="1046" y0="1660" y1="1692">(64769,7967,514)</Cell>
<Cell dontCare="false" endCol="2" endRow="30" startCol="2" startRow="30" x0="1046" x1="1800" y0="1660" y1="1692">(64769,7967,771)</Cell>
<Cell dontCare="false" endCol="3" endRow="30" startCol="3" startRow="30" x0="1800" x1="1936" y0="1660" y1="1692">(64769,7967,1028)</Cell>
<Cell dontCare="false" endCol="4" endRow="30" startCol="4" startRow="30" x0="1936" x1="2140" y0="1660" y1="1692">(64769,7967,1285)</Cell>
<Cell dontCare="false" endCol="5" endRow="30" startCol="5" startRow="30" x0="2140" x1="2356" y0="1660" y1="1692">(64769,7967,1542)</Cell>
<Cell dontCare="false" endCol="6" endRow="30" startCol="6" startRow="30" x0="2356" x1="2553" y0="1660" y1="1692">(64769,7967,1799)</Cell>
<Cell dontCare="false" endCol="7" endRow="30" startCol="7" startRow="30" x0="2553" x1="2773" y0="1660" y1="1692">(64769,7967,2056)</Cell>
<Cell dontCare="false" endCol="8" endRow="30" startCol="8" startRow="30" x0="2773" x1="2993" y0="1660" y1="1692">(64769,7967,2313)</Cell>
<Cell dontCare="false" endCol="0" endRow="31" startCol="0" startRow="31" x0="276" x1="676" y0="1692" y1="1732">(64769,8224,257)</Cell>
<Cell dontCare="false" endCol="1" endRow="31" startCol="1" startRow="31" x0="676" x1="1046" y0="1692" y1="1732">(64769,8224,514)</Cell>
<Cell dontCare="false" endCol="2" endRow="31" startCol="2" startRow="31" x0="1046" x1="1800" y0="1692" y1="1732">(64769,8224,771)</Cell>
<Cell dontCare="false" endCol="3" endRow="31" startCol="3" startRow="31" x0="1800" x1="1936" y0="1692" y1="1732">(64769,8224,1028)</Cell>
<Cell dontCare="false" endCol="4" endRow="31" startCol="4" startRow="31" x0="1936" x1="2140" y0="1692" y1="1732">(64769,8224,1285)</Cell>
<Cell dontCare="false" endCol="5" endRow="31" startCol="5" startRow="31" x0="2140" x1="2356" y0="1692" y1="1732">(64769,8224,1542)</Cell>
<Cell dontCare="false" endCol="6" endRow="31" startCol="6" startRow="31" x0="2356" x1="2553" y0="1692" y1="1732">(64769,8224,1799)</Cell>
<Cell dontCare="false" endCol="7" endRow="31" startCol="7" startRow="31" x0="2553" x1="2773" y0="1692" y1="1732">(64769,8224,2056)</Cell>
<Cell dontCare="false" endCol="8" endRow="31" startCol="8" startRow="31" x0="2773" x1="2993" y0="1692" y1="1732">(64769,8224,2313)</Cell>
<Cell dontCare="false" endCol="0" endRow="32" startCol="0" startRow="32" x0="276" x1="676" y0="1732" y1="1770">(64769,8481,257)</Cell>
<Cell dontCare="false" endCol="1" endRow="32" startCol="1" startRow="32" x0="676" x1="1046" y0="1732" y1="1770">(64769,8481,514)</Cell>
<Cell dontCare="false" endCol="2" endRow="32" startCol="2" startRow="32" x0="1046" x1="1800" y0="1732" y1="1770">(64769,8481,771)</Cell>
<Cell dontCare="false" endCol="3" endRow="32" startCol="3" startRow="32" x0="1800" x1="1936" y0="1732" y1="1770">(64769,8481,1028)</Cell>
<Cell dontCare="false" endCol="4" endRow="32" startCol="4" startRow="32" x0="1936" x1="2140" y0="1732" y1="1770">(64769,8481,1285)</Cell>
<Cell dontCare="false" endCol="5" endRow="32" startCol="5" startRow="32" x0="2140" x1="2356" y0="1732" y1="1770">(64769,8481,1542)</Cell>
<Cell dontCare="false" endCol="6" endRow="32" startCol="6" startRow="32" x0="2356" x1="2553" y0="1732" y1="1770">(64769,8481,1799)</Cell>
<Cell dontCare="false" endCol="7" endRow="32" startCol="7" startRow="32" x0="2553" x1="2773" y0="1732" y1="1770">(64769,8481,2056)</Cell>
<Cell dontCare="false" endCol="8" endRow="32" startCol="8" startRow="32" x0="2773" x1="2993" y0="1732" y1="1770">(64769,8481,2313)</Cell>
<Cell dontCare="false" endCol="0" endRow="33" startCol="0" startRow="33" x0="276" x1="676" y0="1770" y1="1804">(64769,8738,257)</Cell>
<Cell dontCare="false" endCol="1" endRow="33" startCol="1" startRow="33" x0="676" x1="1046" y0="1770" y1="1804">(64769,8738,514)</Cell>
<Cell dontCare="false" endCol="2" endRow="33" startCol="2" startRow="33" x0="1046" x1="1800" y0="1770" y1="1804">(64769,8738,771)</Cell>
<Cell dontCare="false" endCol="3" endRow="33" startCol="3" startRow="33" x0="1800" x1="1936" y0="1770" y1="1804">(64769,8738,1028)</Cell>
<Cell dontCare="false" endCol="4" endRow="33" startCol="4" startRow="33" x0="1936" x1="2140" y0="1770" y1="1804">(64769,8738,1285)</Cell>
<Cell dontCare="false" endCol="5" endRow="33" startCol="5" startRow="33" x0="2140" x1="2356" y0="1770" y1="1804">(64769,8738,1542)</Cell>
<Cell dontCare="false" endCol="6" endRow="33" startCol="6" startRow="33" x0="2356" x1="2553" y0="1770" y1="1804">(64769,8738,1799)</Cell>
<Cell dontCare="false" endCol="7" endRow="33" startCol="7" startRow="33" x0="2553" x1="2773" y0="1770" y1="1804">(64769,8738,2056)</Cell>
<Cell dontCare="false" endCol="8" endRow="33" startCol="8" startRow="33" x0="2773" x1="2993" y0="1770" y1="1804">(64769,8738,2313)</Cell>
<Cell dontCare="false" endCol="0" endRow="34" startCol="0" startRow="34" x0="276" x1="676" y0="1804" y1="1844">(64769,8995,257)</Cell>
<Cell dontCare="false" endCol="1" endRow="34" startCol="1" startRow="34" x0="676" x1="1046" y0="1804" y1="1844">(64769,8995,514)</Cell>
<Cell dontCare="false" endCol="2" endRow="34" startCol="2" startRow="34" x0="1046" x1="1800" y0="1804" y1="1844">(64769,8995,771)</Cell>
<Cell dontCare="false" endCol="3" endRow="34" startCol="3" startRow="34" x0="1800" x1="1936" y0="1804" y1="1844">(64769,8995,1028)</Cell>
<Cell dontCare="false" endCol="4" endRow="34" startCol="4" startRow="34" x0="1936" x1="2140" y0="1804" y1="1844">(64769,8995,1285)</Cell>
<Cell dontCare="false" endCol="5" endRow="34" startCol="5" startRow="34" x0="2140" x1="2356" y0="1804" y1="1844">(64769,8995,1542)</Cell>
<Cell dontCare="false" endCol="6" endRow="34" startCol="6" startRow="34" x0="2356" x1="2553" y0="1804" y1="1844">(64769,8995,1799)</Cell>
<Cell dontCare="false" endCol="7" endRow="34" startCol="7" startRow="34" x0="2553" x1="2773" y0="1804" y1="1844">(64769,8995,2056)</Cell>
<Cell dontCare="false" endCol="8" endRow="34" startCol="8" startRow="34" x0="2773" x1="2993" y0="1804" y1="1844">(64769,8995,2313)</Cell>
<Cell dontCare="false" endCol="0" endRow="35" startCol="0" startRow="35" x0="276" x1="676" y0="1844" y1="1878">(64769,9252,257)</Cell>
<Cell dontCare="false" endCol="1" endRow="35" startCol="1" startRow="35" x0="676" x1="1046" y0="1844" y1="1878">(64769,9252,514)</Cell>
<Cell dontCare="false" endCol="2" endRow="35" startCol="2" startRow="35" x0="1046" x1="1800" y0="1844" y1="1878">(64769,9252,771)</Cell>
<Cell dontCare="false" endCol="3" endRow="35" startCol="3" startRow="35" x0="1800" x1="1936" y0="1844" y1="1878">(64769,9252,1028)</Cell>
<Cell dontCare="false" endCol="4" endRow="35" startCol="4" startRow="35" x0="1936" x1="2140" y0="1844" y1="1878">(64769,9252,1285)</Cell>
<Cell dontCare="false" endCol="5" endRow="35" startCol="5" startRow="35" x0="2140" x1="2356" y0="1844" y1="1878">(64769,9252,1542)</Cell>
<Cell dontCare="false" endCol="6" endRow="35" startCol="6" startRow="35" x0="2356" x1="2553" y0="1844" y1="1878">(64769,9252,1799)</Cell>
<Cell dontCare="false" endCol="7" endRow="35" startCol="7" startRow="35" x0="2553" x1="2773" y0="1844" y1="1878">(64769,9252,2056)</Cell>
<Cell dontCare="false" endCol="8" endRow="35" startCol="8" startRow="35" x0="2773" x1="2993" y0="1844" y1="1878">(64769,9252,2313)</Cell>
<Cell dontCare="false" endCol="0" endRow="36" startCol="0" startRow="36" x0="276" x1="676" y0="1878" y1="1918">(64769,9509,257)</Cell>
<Cell dontCare="false" endCol="1" endRow="36" startCol="1" startRow="36" x0="676" x1="1046" y0="1878" y1="1918">(64769,9509,514)</Cell>
<Cell dontCare="false" endCol="2" endRow="36" startCol="2" startRow="36" x0="1046" x1="1800" y0="1878" y1="1918">(64769,9509,771)</Cell>
<Cell dontCare="false" endCol="3" endRow="36" startCol="3" startRow="36" x0="1800" x1="1936" y0="1878" y1="1918">(64769,9509,1028)</Cell>
<Cell dontCare="false" endCol="4" endRow="36" startCol="4" startRow="36" x0="1936" x1="2140" y0="1878" y1="1918">(64769,9509,1285)</Cell>
<Cell dontCare="false" endCol="5" endRow="36" startCol="5" startRow="36" x0="2140" x1="2356" y0="1878" y1="1918">(64769,9509,1542)</Cell>
<Cell dontCare="false" endCol="6" endRow="36" startCol="6" startRow="36" x0="2356" x1="2553" y0="1878" y1="1918">(64769,9509,1799)</Cell>
<Cell dontCare="false" endCol="7" endRow="36" startCol="7" startRow="36" x0="2553" x1="2773" y0="1878" y1="1918">(64769,9509,2056)</Cell>
<Cell dontCare="false" endCol="8" endRow="36" startCol="8" startRow="36" x0="2773" x1="2993" y0="1878" y1="1918">(64769,9509,2313)</Cell>
<Cell dontCare="false" endCol="0" endRow="37" startCol="0" startRow="37" x0="276" x1="676" y0="1918" y1="1954">(64769,9766,257)</Cell>
<Cell dontCare="false" endCol="1" endRow="37" startCol="1" startRow="37" x0="676" x1="1046" y0="1918" y1="1954">(64769,9766,514)</Cell>
<Cell dontCare="false" endCol="2" endRow="37" startCol="2" startRow="37" x0="1046" x1="1800" y0="1918" y1="1954">(64769,9766,771)</Cell>
<Cell dontCare="false" endCol="3" endRow="37" startCol="3" startRow="37" x0="1800" x1="1936" y0="1918" y1="1954">(64769,9766,1028)</Cell>
<Cell dontCare="false" endCol="4" endRow="37" startCol="4" startRow="37" x0="1936" x1="2140" y0="1918" y1="1954">(64769,9766,1285)</Cell>
<Cell dontCare="false" endCol="5" endRow="37" startCol="5" startRow="37" x0="2140" x1="2356" y0="1918" y1="1954">(64769,9766,1542)</Cell>
<Cell dontCare="false" endCol="6" endRow="37" startCol="6" startRow="37" x0="2356" x1="2553" y0="1918" y1="1954">(64769,9766,1799)</Cell>
<Cell dontCare="false" endCol="7" endRow="37" startCol="7" startRow="37" x0="2553" x1="2773" y0="1918" y1="1954">(64769,9766,2056)</Cell>
<Cell dontCare="false" endCol="8" endRow="37" startCol="8" startRow="37" x0="2773" x1="2993" y0="1918" y1="1954">(64769,9766,2313)</Cell>
<Cell dontCare="false" endCol="0" endRow="38" startCol="0" startRow="38" x0="276" x1="676" y0="1954" y1="1988">(64769,10023,257)</Cell>
<Cell dontCare="false" endCol="1" endRow="38" startCol="1" startRow="38" x0="676" x1="1046" y0="1954" y1="1988">(64769,10023,514)</Cell>
<Cell dontCare="false" endCol="2" endRow="38" startCol="2" startRow="38" x0="1046" x1="1800" y0="1954" y1="1988">(64769,10023,771)</Cell>
<Cell dontCare="false" endCol="3" endRow="38" startCol="3" startRow="38" x0="1800" x1="1936" y0="1954" y1="1988">(64769,10023,1028)</Cell>
<Cell dontCare="false" endCol="4" endRow="38" startCol="4" startRow="38" x0="1936" x1="2140" y0="1954" y1="1988">(64769,10023,1285)</Cell>
<Cell dontCare="false" endCol="5" endRow="38" startCol="5" startRow="38" x0="2140" x1="2356" y0="1954" y1="1988">(64769,10023,1542)</Cell>
<Cell dontCare="false" endCol="6" endRow="38" startCol="6" startRow="38" x0="2356" x1="2553" y0="1954" y1="1988">(64769,10023,1799)</Cell>
<Cell dontCare="false" endCol="7" endRow="38" startCol="7" startRow="38" x0="2553" x1="2773" y0="1954" y1="1988">(64769,10023,2056)</Cell>
<Cell dontCare="false" endCol="8" endRow="38" startCol="8" startRow="38" x0="2773" x1="2993" y0="1954" y1="1988">(64769,10023,2313)</Cell>
<Cell dontCare="false" endCol="0" endRow="39" startCol="0" startRow="39" x0="276" x1="676" y0="1988" y1="2030">(64769,10280,257)</Cell>
<Cell dontCare="false" endCol="1" endRow="39" startCol="1" startRow="39" x0="676" x1="1046" y0="1988" y1="2030">(64769,10280,514)</Cell>
<Cell dontCare="false" endCol="2" endRow="39" startCol="2" startRow="39" x0="1046" x1="1800" y0="1988" y1="2030">(64769,10280,771)</Cell>
<Cell dontCare="false" endCol="3" endRow="39" startCol="3" startRow="39" x0="1800" x1="1936" y0="1988" y1="2030">(64769,10280,1028)</Cell>
<Cell dontCare="false" endCol="4" endRow="39" startCol="4" startRow="39" x0="1936" x1="2140" y0="1988" y1="2030">(64769,10280,1285)</Cell>
<Cell dontCare="false" endCol="5" endRow="39" startCol="5" startRow="39" x0="2140" x1="2356" y0="1988" y1="2030">(64769,10280,1542)</Cell>
<Cell dontCare="false" endCol="6" endRow="39" startCol="6" startRow="39" x0="2356" x1="2553" y0="1988" y1="2030">(64769,10280,1799)</Cell>
<Cell dontCare="false" endCol="7" endRow="39" startCol="7" startRow="39" x0="2553" x1="2773" y0="1988" y1="2030">(64769,10280,2056)</Cell>
<Cell dontCare="false" endCol="8" endRow="39" startCol="8" startRow="39" x0="2773" x1="2993" y0="1988" y1="2030">(64769,10280,2313)</Cell>
<Cell dontCare="false" endCol="0" endRow="40" startCol="0" startRow="40" x0="276" x1="676" y0="2030" y1="2100">(64769,10537,257)</Cell>
<Cell dontCare="false" endCol="1" endRow="40" startCol="1" startRow="40" x0="676" x1="1046" y0="2030" y1="2100">(64769,10537,514)</Cell>
<Cell dontCare="false" endCol="2" endRow="40" startCol="2" startRow="40" x0="1046" x1="1800" y0="2030" y1="2100">(64769,10537,771)</Cell>
<Cell dontCare="false" endCol="3" endRow="40" startCol="3" startRow="40" x0="1800" x1="1936" y0="2030" y1="2100">(64769,10537,1028)</Cell>
<Cell dontCare="false" endCol="4" endRow="40" startCol="4" startRow="40" x0="1936" x1="2140" y0="2030" y1="2100">(64769,10537,1285)</Cell>
<Cell dontCare="false" endCol="5" endRow="40" startCol="5" startRow="40" x0="2140" x1="2356" y0="2030" y1="2100">(64769,10537,1542)</Cell>
<Cell dontCare="false" endCol="6" endRow="40" startCol="6" startRow="40" x0="2356" x1="2553" y0="2030" y1="2100">(64769,10537,1799)</Cell>
<Cell dontCare="false" endCol="7" endRow="40" startCol="7" startRow="40" x0="2553" x1="2773" y0="2030" y1="2100">(64769,10537,2056)</Cell>
<Cell dontCare="false" endCol="8" endRow="40" startCol="8" startRow="40" x0="2773" x1="2993" y0="2030" y1="2100">(64769,10537,2313)</Cell>
</Table>
</Tables>
</GroundTruth>
