<?xml version="1.0" encoding="UTF-8" standalone="no"?>
<GroundTruth InputFile="C:\Dokumente und Einstellungen\mehmood\Desktop\dataset\skew_corrected\unlv_tables_bin_test\6790_011.png">
<Tables>
<Table x0="553" x1="2680" y0="490" y1="1840">
<Row x0="553" x1="2680" y0="722" y1="722"/>
<Row x0="553" x1="2680" y0="772" y1="772"/>
<Row x0="553" x1="2680" y0="1044" y1="1044"/>
<Row x0="553" x1="2680" y0="1342" y1="1342"/>
<Row x0="553" x1="2680" y0="1634" y1="1634"/>
<Column x0="944" x1="944" y0="490" y1="1840"/>
<Column x0="1222" x1="1222" y0="490" y1="1840"/>
<Column x0="1630" x1="1630" y0="490" y1="1840"/>
<Column x0="1826" x1="1826" y0="490" y1="1840"/>
<Column x0="2064" x1="2064" y0="490" y1="1840"/>
<Column x0="2276" x1="2276" y0="490" y1="1840"/>
<Column x0="2494" x1="2494" y0="490" y1="1840"/>
<Cell dontCare="false" endCol="0" endRow="0" startCol="0" startRow="0" x0="553" x1="944" y0="490" y1="722">(64769,257,257)</Cell>
<Cell dontCare="false" endCol="1" endRow="0" startCol="1" startRow="0" x0="944" x1="1222" y0="490" y1="722">(64769,257,514)</Cell>
<Cell dontCare="false" endCol="2" endRow="0" startCol="2" startRow="0" x0="1222" x1="1630" y0="490" y1="722">(64769,257,771)</Cell>
<Cell dontCare="false" endCol="3" endRow="0" startCol="3" startRow="0" x0="1630" x1="1826" y0="490" y1="722">(64769,257,1028)</Cell>
<Cell dontCare="false" endCol="4" endRow="0" startCol="4" startRow="0" x0="1826" x1="2064" y0="490" y1="722">(64769,257,1285)</Cell>
<Cell dontCare="false" endCol="5" endRow="0" startCol="5" startRow="0" x0="2064" x1="2276" y0="490" y1="722">(64769,257,1542)</Cell>
<Cell dontCare="false" endCol="6" endRow="0" startCol="6" startRow="0" x0="2276" x1="2494" y0="490" y1="722">(64769,257,1799)</Cell>
<Cell dontCare="false" endCol="7" endRow="0" startCol="7" startRow="0" x0="2494" x1="2680" y0="490" y1="722">(64769,257,2056)</Cell>
<Cell dontCare="false" endCol="7" endRow="1" startCol="0" startRow="1" x0="553" x1="2680" y0="722" y1="772">(64769,514,264)</Cell>
<Cell dontCare="true" endCol="1" endRow="1" startCol="1" startRow="1" x0="944" x1="1222" y0="722" y1="772">(64769,514,514)</Cell>
<Cell dontCare="true" endCol="2" endRow="1" startCol="2" startRow="1" x0="1222" x1="1630" y0="722" y1="772">(64769,514,771)</Cell>
<Cell dontCare="true" endCol="3" endRow="1" startCol="3" startRow="1" x0="1630" x1="1826" y0="722" y1="772">(64769,514,1028)</Cell>
<Cell dontCare="true" endCol="4" endRow="1" startCol="4" startRow="1" x0="1826" x1="2064" y0="722" y1="772">(64769,514,1285)</Cell>
<Cell dontCare="true" endCol="5" endRow="1" startCol="5" startRow="1" x0="2064" x1="2276" y0="722" y1="772">(64769,514,1542)</Cell>
<Cell dontCare="true" endCol="6" endRow="1" startCol="6" startRow="1" x0="2276" x1="2494" y0="722" y1="772">(64769,514,1799)</Cell>
<Cell dontCare="true" endCol="7" endRow="1" startCol="7" startRow="1" x0="2494" x1="2680" y0="722" y1="772">(64769,514,2056)</Cell>
<Cell dontCare="false" endCol="0" endRow="2" startCol="0" startRow="2" x0="553" x1="944" y0="772" y1="1044">(64769,771,257)</Cell>
<Cell dontCare="false" endCol="1" endRow="2" startCol="1" startRow="2" x0="944" x1="1222" y0="772" y1="1044">(64769,771,514)</Cell>
<Cell dontCare="false" endCol="2" endRow="2" startCol="2" startRow="2" x0="1222" x1="1630" y0="772" y1="1044">(64769,771,771)</Cell>
<Cell dontCare="false" endCol="3" endRow="2" startCol="3" startRow="2" x0="1630" x1="1826" y0="772" y1="1044">(64769,771,1028)</Cell>
<Cell dontCare="false" endCol="4" endRow="2" startCol="4" startRow="2" x0="1826" x1="2064" y0="772" y1="1044">(64769,771,1285)</Cell>
<Cell dontCare="false" endCol="5" endRow="2" startCol="5" startRow="2" x0="2064" x1="2276" y0="772" y1="1044">(64769,771,1542)</Cell>
<Cell dontCare="false" endCol="6" endRow="2" startCol="6" startRow="2" x0="2276" x1="2494" y0="772" y1="1044">(64769,771,1799)</Cell>
<Cell dontCare="false" endCol="7" endRow="2" startCol="7" startRow="2" x0="2494" x1="2680" y0="772" y1="1044">(64769,771,2056)</Cell>
<Cell dontCare="false" endCol="0" endRow="3" startCol="0" startRow="3" x0="553" x1="944" y0="1044" y1="1342">(64769,1028,257)</Cell>
<Cell dontCare="false" endCol="1" endRow="3" startCol="1" startRow="3" x0="944" x1="1222" y0="1044" y1="1342">(64769,1028,514)</Cell>
<Cell dontCare="false" endCol="2" endRow="3" startCol="2" startRow="3" x0="1222" x1="1630" y0="1044" y1="1342">(64769,1028,771)</Cell>
<Cell dontCare="false" endCol="3" endRow="3" startCol="3" startRow="3" x0="1630" x1="1826" y0="1044" y1="1342">(64769,1028,1028)</Cell>
<Cell dontCare="false" endCol="4" endRow="3" startCol="4" startRow="3" x0="1826" x1="2064" y0="1044" y1="1342">(64769,1028,1285)</Cell>
<Cell dontCare="false" endCol="5" endRow="3" startCol="5" startRow="3" x0="2064" x1="2276" y0="1044" y1="1342">(64769,1028,1542)</Cell>
<Cell dontCare="false" endCol="6" endRow="3" startCol="6" startRow="3" x0="2276" x1="2494" y0="1044" y1="1342">(64769,1028,1799)</Cell>
<Cell dontCare="false" endCol="7" endRow="3" startCol="7" startRow="3" x0="2494" x1="2680" y0="1044" y1="1342">(64769,1028,2056)</Cell>
<Cell dontCare="false" endCol="0" endRow="4" startCol="0" startRow="4" x0="553" x1="944" y0="1342" y1="1634">(64769,1285,257)</Cell>
<Cell dontCare="false" endCol="1" endRow="4" startCol="1" startRow="4" x0="944" x1="1222" y0="1342" y1="1634">(64769,1285,514)</Cell>
<Cell dontCare="false" endCol="2" endRow="4" startCol="2" startRow="4" x0="1222" x1="1630" y0="1342" y1="1634">(64769,1285,771)</Cell>
<Cell dontCare="false" endCol="3" endRow="4" startCol="3" startRow="4" x0="1630" x1="1826" y0="1342" y1="1634">(64769,1285,1028)</Cell>
<Cell dontCare="false" endCol="4" endRow="4" startCol="4" startRow="4" x0="1826" x1="2064" y0="1342" y1="1634">(64769,1285,1285)</Cell>
<Cell dontCare="false" endCol="5" endRow="4" startCol="5" startRow="4" x0="2064" x1="2276" y0="1342" y1="1634">(64769,1285,1542)</Cell>
<Cell dontCare="false" endCol="6" endRow="4" startCol="6" startRow="4" x0="2276" x1="2494" y0="1342" y1="1634">(64769,1285,1799)</Cell>
<Cell dontCare="false" endCol="7" endRow="4" startCol="7" startRow="4" x0="2494" x1="2680" y0="1342" y1="1634">(64769,1285,2056)</Cell>
<Cell dontCare="false" endCol="0" endRow="5" startCol="0" startRow="5" x0="553" x1="944" y0="1634" y1="1840">(64769,1542,257)</Cell>
<Cell dontCare="false" endCol="1" endRow="5" startCol="1" startRow="5" x0="944" x1="1222" y0="1634" y1="1840">(64769,1542,514)</Cell>
<Cell dontCare="false" endCol="2" endRow="5" startCol="2" startRow="5" x0="1222" x1="1630" y0="1634" y1="1840">(64769,1542,771)</Cell>
<Cell dontCare="false" endCol="3" endRow="5" startCol="3" startRow="5" x0="1630" x1="1826" y0="1634" y1="1840">(64769,1542,1028)</Cell>
<Cell dontCare="false" endCol="4" endRow="5" startCol="4" startRow="5" x0="1826" x1="2064" y0="1634" y1="1840">(64769,1542,1285)</Cell>
<Cell dontCare="false" endCol="5" endRow="5" startCol="5" startRow="5" x0="2064" x1="2276" y0="1634" y1="1840">(64769,1542,1542)</Cell>
<Cell dontCare="false" endCol="6" endRow="5" startCol="6" startRow="5" x0="2276" x1="2494" y0="1634" y1="1840">(64769,1542,1799)</Cell>
<Cell dontCare="false" endCol="7" endRow="5" startCol="7" startRow="5" x0="2494" x1="2680" y0="1634" y1="1840">(64769,1542,2056)</Cell>
</Table>
</Tables>
</GroundTruth>
