<?xml version="1.0" encoding="UTF-8" standalone="no"?>
<GroundTruth InputFile="C:\Dokumente und Einstellungen\mehmood\Desktop\task_december\problem_files\6814_006.png">
<Tables>
<Table x0="100" x1="2036" y0="380" y1="2713">
<Row x0="100" x1="2036" y0="564" y1="564"/>
<Row x0="100" x1="2036" y0="632" y1="632"/>
<Row x0="100" x1="2036" y0="668" y1="668"/>
<Row x0="100" x1="2036" y0="720" y1="720"/>
<Row x0="100" x1="2036" y0="822" y1="822"/>
<Row x0="100" x1="2036" y0="862" y1="862"/>
<Row x0="100" x1="2036" y0="922" y1="922"/>
<Row x0="100" x1="2036" y0="1052" y1="1052"/>
<Row x0="100" x1="2036" y0="1090" y1="1090"/>
<Row x0="100" x1="2036" y0="1146" y1="1146"/>
<Row x0="100" x1="2036" y0="1246" y1="1246"/>
<Row x0="100" x1="2036" y0="1286" y1="1286"/>
<Row x0="100" x1="2036" y0="1340" y1="1340"/>
<Row x0="100" x1="2036" y0="1436" y1="1436"/>
<Row x0="100" x1="2036" y0="1472" y1="1472"/>
<Row x0="100" x1="2036" y0="1510" y1="1510"/>
<Row x0="100" x1="2036" y0="1634" y1="1634"/>
<Row x0="100" x1="2036" y0="1672" y1="1672"/>
<Row x0="100" x1="2036" y0="1710" y1="1710"/>
<Row x0="100" x1="2036" y0="1824" y1="1824"/>
<Row x0="100" x1="2036" y0="1866" y1="1866"/>
<Row x0="100" x1="2036" y0="1896" y1="1896"/>
<Row x0="100" x1="2036" y0="2016" y1="2016"/>
<Row x0="100" x1="2036" y0="2048" y1="2048"/>
<Row x0="100" x1="2036" y0="2102" y1="2102"/>
<Row x0="100" x1="2036" y0="2206" y1="2206"/>
<Row x0="100" x1="2036" y0="2246" y1="2246"/>
<Row x0="100" x1="2036" y0="2310" y1="2310"/>
<Row x0="100" x1="2036" y0="2396" y1="2396"/>
<Row x0="100" x1="2036" y0="2436" y1="2436"/>
<Row x0="100" x1="2036" y0="2504" y1="2504"/>
<Row x0="100" x1="2036" y0="2588" y1="2588"/>
<Row x0="100" x1="2036" y0="2628" y1="2628"/>
<Column x0="430" x1="430" y0="380" y1="2713"/>
<Column x0="820" x1="820" y0="380" y1="2713"/>
<Column x0="1043" x1="1043" y0="380" y1="2713"/>
<Column x0="1430" x1="1430" y0="380" y1="2713"/>
<Column x0="1623" x1="1623" y0="380" y1="2713"/>
<Cell dontCare="false" endCol="0" endRow="0" startCol="0" startRow="0" x0="100" x1="430" y0="380" y1="564">(64769,257,257)</Cell>
<Cell dontCare="false" endCol="1" endRow="0" startCol="1" startRow="0" x0="430" x1="820" y0="380" y1="564">(64769,257,514)</Cell>
<Cell dontCare="false" endCol="2" endRow="0" startCol="2" startRow="0" x0="820" x1="1043" y0="380" y1="564">(64769,257,771)</Cell>
<Cell dontCare="false" endCol="3" endRow="0" startCol="3" startRow="0" x0="1043" x1="1430" y0="380" y1="564">(64769,257,1028)</Cell>
<Cell dontCare="false" endCol="4" endRow="0" startCol="4" startRow="0" x0="1430" x1="1623" y0="380" y1="564">(64769,257,1285)</Cell>
<Cell dontCare="false" endCol="5" endRow="0" startCol="5" startRow="0" x0="1623" x1="2036" y0="380" y1="564">(64769,257,1542)</Cell>
<Cell dontCare="false" endCol="0" endRow="3" startCol="0" startRow="1" x0="100" x1="430" y0="564" y1="720">(64769,516,257)</Cell>
<Cell dontCare="false" endCol="1" endRow="1" startCol="1" startRow="1" x0="430" x1="820" y0="564" y1="632">(64769,514,514)</Cell>
<Cell dontCare="false" endCol="2" endRow="1" startCol="2" startRow="1" x0="820" x1="1043" y0="564" y1="632">(64769,514,771)</Cell>
<Cell dontCare="false" endCol="3" endRow="1" startCol="3" startRow="1" x0="1043" x1="1430" y0="564" y1="632">(64769,514,1028)</Cell>
<Cell dontCare="false" endCol="4" endRow="1" startCol="4" startRow="1" x0="1430" x1="1623" y0="564" y1="632">(64769,514,1285)</Cell>
<Cell dontCare="false" endCol="5" endRow="1" startCol="5" startRow="1" x0="1623" x1="2036" y0="564" y1="632">(64769,514,1542)</Cell>
<Cell dontCare="true" endCol="0" endRow="2" startCol="0" startRow="2" x0="100" x1="430" y0="632" y1="668">(64769,771,257)</Cell>
<Cell dontCare="false" endCol="1" endRow="2" startCol="1" startRow="2" x0="430" x1="820" y0="632" y1="668">(64769,771,514)</Cell>
<Cell dontCare="false" endCol="2" endRow="2" startCol="2" startRow="2" x0="820" x1="1043" y0="632" y1="668">(64769,771,771)</Cell>
<Cell dontCare="false" endCol="3" endRow="2" startCol="3" startRow="2" x0="1043" x1="1430" y0="632" y1="668">(64769,771,1028)</Cell>
<Cell dontCare="false" endCol="4" endRow="2" startCol="4" startRow="2" x0="1430" x1="1623" y0="632" y1="668">(64769,771,1285)</Cell>
<Cell dontCare="false" endCol="5" endRow="2" startCol="5" startRow="2" x0="1623" x1="2036" y0="632" y1="668">(64769,771,1542)</Cell>
<Cell dontCare="true" endCol="0" endRow="3" startCol="0" startRow="3" x0="100" x1="430" y0="668" y1="720">(64769,1028,257)</Cell>
<Cell dontCare="false" endCol="1" endRow="3" startCol="1" startRow="3" x0="430" x1="820" y0="668" y1="720">(64769,1028,514)</Cell>
<Cell dontCare="false" endCol="2" endRow="3" startCol="2" startRow="3" x0="820" x1="1043" y0="668" y1="720">(64769,1028,771)</Cell>
<Cell dontCare="false" endCol="3" endRow="3" startCol="3" startRow="3" x0="1043" x1="1430" y0="668" y1="720">(64769,1028,1028)</Cell>
<Cell dontCare="false" endCol="4" endRow="3" startCol="4" startRow="3" x0="1430" x1="1623" y0="668" y1="720">(64769,1028,1285)</Cell>
<Cell dontCare="false" endCol="5" endRow="3" startCol="5" startRow="3" x0="1623" x1="2036" y0="668" y1="720">(64769,1028,1542)</Cell>
<Cell dontCare="false" endCol="0" endRow="4" startCol="0" startRow="4" x0="100" x1="430" y0="720" y1="822">(64769,1285,257)</Cell>
<Cell dontCare="false" endCol="1" endRow="4" startCol="1" startRow="4" x0="430" x1="820" y0="720" y1="822">(64769,1285,514)</Cell>
<Cell dontCare="false" endCol="2" endRow="4" startCol="2" startRow="4" x0="820" x1="1043" y0="720" y1="822">(64769,1285,771)</Cell>
<Cell dontCare="false" endCol="3" endRow="4" startCol="3" startRow="4" x0="1043" x1="1430" y0="720" y1="822">(64769,1285,1028)</Cell>
<Cell dontCare="false" endCol="4" endRow="4" startCol="4" startRow="4" x0="1430" x1="1623" y0="720" y1="822">(64769,1285,1285)</Cell>
<Cell dontCare="false" endCol="5" endRow="4" startCol="5" startRow="4" x0="1623" x1="2036" y0="720" y1="822">(64769,1285,1542)</Cell>
<Cell dontCare="false" endCol="0" endRow="6" startCol="0" startRow="5" x0="100" x1="430" y0="822" y1="922">(64769,1543,257)</Cell>
<Cell dontCare="false" endCol="1" endRow="5" startCol="1" startRow="5" x0="430" x1="820" y0="822" y1="862">(64769,1542,514)</Cell>
<Cell dontCare="false" endCol="2" endRow="5" startCol="2" startRow="5" x0="820" x1="1043" y0="822" y1="862">(64769,1542,771)</Cell>
<Cell dontCare="false" endCol="3" endRow="5" startCol="3" startRow="5" x0="1043" x1="1430" y0="822" y1="862">(64769,1542,1028)</Cell>
<Cell dontCare="false" endCol="4" endRow="5" startCol="4" startRow="5" x0="1430" x1="1623" y0="822" y1="862">(64769,1542,1285)</Cell>
<Cell dontCare="false" endCol="5" endRow="5" startCol="5" startRow="5" x0="1623" x1="2036" y0="822" y1="862">(64769,1542,1542)</Cell>
<Cell dontCare="true" endCol="0" endRow="6" startCol="0" startRow="6" x0="100" x1="430" y0="862" y1="922">(64769,1799,257)</Cell>
<Cell dontCare="false" endCol="1" endRow="6" startCol="1" startRow="6" x0="430" x1="820" y0="862" y1="922">(64769,1799,514)</Cell>
<Cell dontCare="false" endCol="2" endRow="6" startCol="2" startRow="6" x0="820" x1="1043" y0="862" y1="922">(64769,1799,771)</Cell>
<Cell dontCare="false" endCol="3" endRow="6" startCol="3" startRow="6" x0="1043" x1="1430" y0="862" y1="922">(64769,1799,1028)</Cell>
<Cell dontCare="false" endCol="4" endRow="6" startCol="4" startRow="6" x0="1430" x1="1623" y0="862" y1="922">(64769,1799,1285)</Cell>
<Cell dontCare="false" endCol="5" endRow="6" startCol="5" startRow="6" x0="1623" x1="2036" y0="862" y1="922">(64769,1799,1542)</Cell>
<Cell dontCare="false" endCol="0" endRow="9" startCol="0" startRow="7" x0="100" x1="430" y0="922" y1="1146">(64769,2058,257)</Cell>
<Cell dontCare="false" endCol="1" endRow="7" startCol="1" startRow="7" x0="430" x1="820" y0="922" y1="1052">(64769,2056,514)</Cell>
<Cell dontCare="false" endCol="2" endRow="7" startCol="2" startRow="7" x0="820" x1="1043" y0="922" y1="1052">(64769,2056,771)</Cell>
<Cell dontCare="false" endCol="3" endRow="7" startCol="3" startRow="7" x0="1043" x1="1430" y0="922" y1="1052">(64769,2056,1028)</Cell>
<Cell dontCare="false" endCol="4" endRow="7" startCol="4" startRow="7" x0="1430" x1="1623" y0="922" y1="1052">(64769,2056,1285)</Cell>
<Cell dontCare="false" endCol="5" endRow="7" startCol="5" startRow="7" x0="1623" x1="2036" y0="922" y1="1052">(64769,2056,1542)</Cell>
<Cell dontCare="true" endCol="0" endRow="8" startCol="0" startRow="8" x0="100" x1="430" y0="1052" y1="1090">(64769,2313,257)</Cell>
<Cell dontCare="false" endCol="1" endRow="8" startCol="1" startRow="8" x0="430" x1="820" y0="1052" y1="1090">(64769,2313,514)</Cell>
<Cell dontCare="false" endCol="2" endRow="8" startCol="2" startRow="8" x0="820" x1="1043" y0="1052" y1="1090">(64769,2313,771)</Cell>
<Cell dontCare="false" endCol="3" endRow="8" startCol="3" startRow="8" x0="1043" x1="1430" y0="1052" y1="1090">(64769,2313,1028)</Cell>
<Cell dontCare="false" endCol="4" endRow="8" startCol="4" startRow="8" x0="1430" x1="1623" y0="1052" y1="1090">(64769,2313,1285)</Cell>
<Cell dontCare="false" endCol="5" endRow="8" startCol="5" startRow="8" x0="1623" x1="2036" y0="1052" y1="1090">(64769,2313,1542)</Cell>
<Cell dontCare="true" endCol="0" endRow="9" startCol="0" startRow="9" x0="100" x1="430" y0="1090" y1="1146">(64769,2570,257)</Cell>
<Cell dontCare="false" endCol="1" endRow="9" startCol="1" startRow="9" x0="430" x1="820" y0="1090" y1="1146">(64769,2570,514)</Cell>
<Cell dontCare="false" endCol="2" endRow="9" startCol="2" startRow="9" x0="820" x1="1043" y0="1090" y1="1146">(64769,2570,771)</Cell>
<Cell dontCare="false" endCol="3" endRow="9" startCol="3" startRow="9" x0="1043" x1="1430" y0="1090" y1="1146">(64769,2570,1028)</Cell>
<Cell dontCare="false" endCol="4" endRow="9" startCol="4" startRow="9" x0="1430" x1="1623" y0="1090" y1="1146">(64769,2570,1285)</Cell>
<Cell dontCare="false" endCol="5" endRow="9" startCol="5" startRow="9" x0="1623" x1="2036" y0="1090" y1="1146">(64769,2570,1542)</Cell>
<Cell dontCare="false" endCol="0" endRow="11" startCol="0" startRow="10" x0="100" x1="430" y0="1146" y1="1286">(64769,2828,257)</Cell>
<Cell dontCare="false" endCol="1" endRow="10" startCol="1" startRow="10" x0="430" x1="820" y0="1146" y1="1246">(64769,2827,514)</Cell>
<Cell dontCare="false" endCol="2" endRow="10" startCol="2" startRow="10" x0="820" x1="1043" y0="1146" y1="1246">(64769,2827,771)</Cell>
<Cell dontCare="false" endCol="3" endRow="10" startCol="3" startRow="10" x0="1043" x1="1430" y0="1146" y1="1246">(64769,2827,1028)</Cell>
<Cell dontCare="false" endCol="4" endRow="10" startCol="4" startRow="10" x0="1430" x1="1623" y0="1146" y1="1246">(64769,2827,1285)</Cell>
<Cell dontCare="false" endCol="5" endRow="10" startCol="5" startRow="10" x0="1623" x1="2036" y0="1146" y1="1246">(64769,2827,1542)</Cell>
<Cell dontCare="true" endCol="0" endRow="11" startCol="0" startRow="11" x0="100" x1="430" y0="1246" y1="1286">(64769,3084,257)</Cell>
<Cell dontCare="false" endCol="1" endRow="11" startCol="1" startRow="11" x0="430" x1="820" y0="1246" y1="1286">(64769,3084,514)</Cell>
<Cell dontCare="false" endCol="2" endRow="11" startCol="2" startRow="11" x0="820" x1="1043" y0="1246" y1="1286">(64769,3084,771)</Cell>
<Cell dontCare="false" endCol="3" endRow="11" startCol="3" startRow="11" x0="1043" x1="1430" y0="1246" y1="1286">(64769,3084,1028)</Cell>
<Cell dontCare="false" endCol="4" endRow="11" startCol="4" startRow="11" x0="1430" x1="1623" y0="1246" y1="1286">(64769,3084,1285)</Cell>
<Cell dontCare="false" endCol="5" endRow="11" startCol="5" startRow="11" x0="1623" x1="2036" y0="1246" y1="1286">(64769,3084,1542)</Cell>
<Cell dontCare="false" endCol="0" endRow="12" startCol="0" startRow="12" x0="100" x1="430" y0="1286" y1="1340">(64769,3341,257)</Cell>
<Cell dontCare="false" endCol="1" endRow="12" startCol="1" startRow="12" x0="430" x1="820" y0="1286" y1="1340">(64769,3341,514)</Cell>
<Cell dontCare="false" endCol="2" endRow="12" startCol="2" startRow="12" x0="820" x1="1043" y0="1286" y1="1340">(64769,3341,771)</Cell>
<Cell dontCare="false" endCol="3" endRow="12" startCol="3" startRow="12" x0="1043" x1="1430" y0="1286" y1="1340">(64769,3341,1028)</Cell>
<Cell dontCare="false" endCol="4" endRow="12" startCol="4" startRow="12" x0="1430" x1="1623" y0="1286" y1="1340">(64769,3341,1285)</Cell>
<Cell dontCare="false" endCol="5" endRow="12" startCol="5" startRow="12" x0="1623" x1="2036" y0="1286" y1="1340">(64769,3341,1542)</Cell>
<Cell dontCare="false" endCol="0" endRow="15" startCol="0" startRow="13" x0="100" x1="430" y0="1340" y1="1510">(64769,3600,257)</Cell>
<Cell dontCare="false" endCol="1" endRow="13" startCol="1" startRow="13" x0="430" x1="820" y0="1340" y1="1436">(64769,3598,514)</Cell>
<Cell dontCare="false" endCol="2" endRow="13" startCol="2" startRow="13" x0="820" x1="1043" y0="1340" y1="1436">(64769,3598,771)</Cell>
<Cell dontCare="false" endCol="3" endRow="13" startCol="3" startRow="13" x0="1043" x1="1430" y0="1340" y1="1436">(64769,3598,1028)</Cell>
<Cell dontCare="false" endCol="4" endRow="13" startCol="4" startRow="13" x0="1430" x1="1623" y0="1340" y1="1436">(64769,3598,1285)</Cell>
<Cell dontCare="false" endCol="5" endRow="13" startCol="5" startRow="13" x0="1623" x1="2036" y0="1340" y1="1436">(64769,3598,1542)</Cell>
<Cell dontCare="true" endCol="0" endRow="14" startCol="0" startRow="14" x0="100" x1="430" y0="1436" y1="1472">(64769,3855,257)</Cell>
<Cell dontCare="false" endCol="1" endRow="14" startCol="1" startRow="14" x0="430" x1="820" y0="1436" y1="1472">(64769,3855,514)</Cell>
<Cell dontCare="false" endCol="2" endRow="14" startCol="2" startRow="14" x0="820" x1="1043" y0="1436" y1="1472">(64769,3855,771)</Cell>
<Cell dontCare="false" endCol="3" endRow="14" startCol="3" startRow="14" x0="1043" x1="1430" y0="1436" y1="1472">(64769,3855,1028)</Cell>
<Cell dontCare="false" endCol="4" endRow="14" startCol="4" startRow="14" x0="1430" x1="1623" y0="1436" y1="1472">(64769,3855,1285)</Cell>
<Cell dontCare="false" endCol="5" endRow="14" startCol="5" startRow="14" x0="1623" x1="2036" y0="1436" y1="1472">(64769,3855,1542)</Cell>
<Cell dontCare="true" endCol="0" endRow="15" startCol="0" startRow="15" x0="100" x1="430" y0="1472" y1="1510">(64769,4112,257)</Cell>
<Cell dontCare="false" endCol="1" endRow="15" startCol="1" startRow="15" x0="430" x1="820" y0="1472" y1="1510">(64769,4112,514)</Cell>
<Cell dontCare="false" endCol="2" endRow="15" startCol="2" startRow="15" x0="820" x1="1043" y0="1472" y1="1510">(64769,4112,771)</Cell>
<Cell dontCare="false" endCol="3" endRow="15" startCol="3" startRow="15" x0="1043" x1="1430" y0="1472" y1="1510">(64769,4112,1028)</Cell>
<Cell dontCare="false" endCol="4" endRow="15" startCol="4" startRow="15" x0="1430" x1="1623" y0="1472" y1="1510">(64769,4112,1285)</Cell>
<Cell dontCare="false" endCol="5" endRow="15" startCol="5" startRow="15" x0="1623" x1="2036" y0="1472" y1="1510">(64769,4112,1542)</Cell>
<Cell dontCare="false" endCol="0" endRow="16" startCol="0" startRow="16" x0="100" x1="430" y0="1510" y1="1634">(64769,4369,257)</Cell>
<Cell dontCare="false" endCol="1" endRow="16" startCol="1" startRow="16" x0="430" x1="820" y0="1510" y1="1634">(64769,4369,514)</Cell>
<Cell dontCare="false" endCol="2" endRow="16" startCol="2" startRow="16" x0="820" x1="1043" y0="1510" y1="1634">(64769,4369,771)</Cell>
<Cell dontCare="false" endCol="3" endRow="16" startCol="3" startRow="16" x0="1043" x1="1430" y0="1510" y1="1634">(64769,4369,1028)</Cell>
<Cell dontCare="false" endCol="4" endRow="16" startCol="4" startRow="16" x0="1430" x1="1623" y0="1510" y1="1634">(64769,4369,1285)</Cell>
<Cell dontCare="false" endCol="5" endRow="16" startCol="5" startRow="16" x0="1623" x1="2036" y0="1510" y1="1634">(64769,4369,1542)</Cell>
<Cell dontCare="false" endCol="0" endRow="17" startCol="0" startRow="17" x0="100" x1="430" y0="1634" y1="1672">(64769,4626,257)</Cell>
<Cell dontCare="false" endCol="1" endRow="17" startCol="1" startRow="17" x0="430" x1="820" y0="1634" y1="1672">(64769,4626,514)</Cell>
<Cell dontCare="false" endCol="2" endRow="17" startCol="2" startRow="17" x0="820" x1="1043" y0="1634" y1="1672">(64769,4626,771)</Cell>
<Cell dontCare="false" endCol="3" endRow="17" startCol="3" startRow="17" x0="1043" x1="1430" y0="1634" y1="1672">(64769,4626,1028)</Cell>
<Cell dontCare="false" endCol="4" endRow="17" startCol="4" startRow="17" x0="1430" x1="1623" y0="1634" y1="1672">(64769,4626,1285)</Cell>
<Cell dontCare="false" endCol="5" endRow="17" startCol="5" startRow="17" x0="1623" x1="2036" y0="1634" y1="1672">(64769,4626,1542)</Cell>
<Cell dontCare="false" endCol="0" endRow="18" startCol="0" startRow="18" x0="100" x1="430" y0="1672" y1="1710">(64769,4883,257)</Cell>
<Cell dontCare="false" endCol="1" endRow="18" startCol="1" startRow="18" x0="430" x1="820" y0="1672" y1="1710">(64769,4883,514)</Cell>
<Cell dontCare="false" endCol="2" endRow="18" startCol="2" startRow="18" x0="820" x1="1043" y0="1672" y1="1710">(64769,4883,771)</Cell>
<Cell dontCare="false" endCol="3" endRow="18" startCol="3" startRow="18" x0="1043" x1="1430" y0="1672" y1="1710">(64769,4883,1028)</Cell>
<Cell dontCare="false" endCol="4" endRow="18" startCol="4" startRow="18" x0="1430" x1="1623" y0="1672" y1="1710">(64769,4883,1285)</Cell>
<Cell dontCare="false" endCol="5" endRow="18" startCol="5" startRow="18" x0="1623" x1="2036" y0="1672" y1="1710">(64769,4883,1542)</Cell>
<Cell dontCare="false" endCol="0" endRow="21" startCol="0" startRow="19" x0="100" x1="430" y0="1710" y1="1896">(64769,5142,257)</Cell>
<Cell dontCare="false" endCol="1" endRow="19" startCol="1" startRow="19" x0="430" x1="820" y0="1710" y1="1824">(64769,5140,514)</Cell>
<Cell dontCare="false" endCol="2" endRow="19" startCol="2" startRow="19" x0="820" x1="1043" y0="1710" y1="1824">(64769,5140,771)</Cell>
<Cell dontCare="false" endCol="3" endRow="19" startCol="3" startRow="19" x0="1043" x1="1430" y0="1710" y1="1824">(64769,5140,1028)</Cell>
<Cell dontCare="false" endCol="4" endRow="19" startCol="4" startRow="19" x0="1430" x1="1623" y0="1710" y1="1824">(64769,5140,1285)</Cell>
<Cell dontCare="false" endCol="5" endRow="19" startCol="5" startRow="19" x0="1623" x1="2036" y0="1710" y1="1824">(64769,5140,1542)</Cell>
<Cell dontCare="true" endCol="0" endRow="20" startCol="0" startRow="20" x0="100" x1="430" y0="1824" y1="1866">(64769,5397,257)</Cell>
<Cell dontCare="false" endCol="1" endRow="20" startCol="1" startRow="20" x0="430" x1="820" y0="1824" y1="1866">(64769,5397,514)</Cell>
<Cell dontCare="false" endCol="2" endRow="20" startCol="2" startRow="20" x0="820" x1="1043" y0="1824" y1="1866">(64769,5397,771)</Cell>
<Cell dontCare="false" endCol="3" endRow="20" startCol="3" startRow="20" x0="1043" x1="1430" y0="1824" y1="1866">(64769,5397,1028)</Cell>
<Cell dontCare="false" endCol="4" endRow="20" startCol="4" startRow="20" x0="1430" x1="1623" y0="1824" y1="1866">(64769,5397,1285)</Cell>
<Cell dontCare="false" endCol="5" endRow="20" startCol="5" startRow="20" x0="1623" x1="2036" y0="1824" y1="1866">(64769,5397,1542)</Cell>
<Cell dontCare="true" endCol="0" endRow="21" startCol="0" startRow="21" x0="100" x1="430" y0="1866" y1="1896">(64769,5654,257)</Cell>
<Cell dontCare="false" endCol="1" endRow="21" startCol="1" startRow="21" x0="430" x1="820" y0="1866" y1="1896">(64769,5654,514)</Cell>
<Cell dontCare="false" endCol="2" endRow="21" startCol="2" startRow="21" x0="820" x1="1043" y0="1866" y1="1896">(64769,5654,771)</Cell>
<Cell dontCare="false" endCol="3" endRow="21" startCol="3" startRow="21" x0="1043" x1="1430" y0="1866" y1="1896">(64769,5654,1028)</Cell>
<Cell dontCare="false" endCol="4" endRow="21" startCol="4" startRow="21" x0="1430" x1="1623" y0="1866" y1="1896">(64769,5654,1285)</Cell>
<Cell dontCare="false" endCol="5" endRow="21" startCol="5" startRow="21" x0="1623" x1="2036" y0="1866" y1="1896">(64769,5654,1542)</Cell>
<Cell dontCare="false" endCol="0" endRow="24" startCol="0" startRow="22" x0="100" x1="430" y0="1896" y1="2102">(64769,5913,257)</Cell>
<Cell dontCare="false" endCol="1" endRow="22" startCol="1" startRow="22" x0="430" x1="820" y0="1896" y1="2016">(64769,5911,514)</Cell>
<Cell dontCare="false" endCol="2" endRow="22" startCol="2" startRow="22" x0="820" x1="1043" y0="1896" y1="2016">(64769,5911,771)</Cell>
<Cell dontCare="false" endCol="3" endRow="22" startCol="3" startRow="22" x0="1043" x1="1430" y0="1896" y1="2016">(64769,5911,1028)</Cell>
<Cell dontCare="false" endCol="4" endRow="22" startCol="4" startRow="22" x0="1430" x1="1623" y0="1896" y1="2016">(64769,5911,1285)</Cell>
<Cell dontCare="false" endCol="5" endRow="22" startCol="5" startRow="22" x0="1623" x1="2036" y0="1896" y1="2016">(64769,5911,1542)</Cell>
<Cell dontCare="true" endCol="0" endRow="23" startCol="0" startRow="23" x0="100" x1="430" y0="2016" y1="2048">(64769,6168,257)</Cell>
<Cell dontCare="false" endCol="1" endRow="23" startCol="1" startRow="23" x0="430" x1="820" y0="2016" y1="2048">(64769,6168,514)</Cell>
<Cell dontCare="false" endCol="2" endRow="23" startCol="2" startRow="23" x0="820" x1="1043" y0="2016" y1="2048">(64769,6168,771)</Cell>
<Cell dontCare="false" endCol="3" endRow="23" startCol="3" startRow="23" x0="1043" x1="1430" y0="2016" y1="2048">(64769,6168,1028)</Cell>
<Cell dontCare="false" endCol="4" endRow="23" startCol="4" startRow="23" x0="1430" x1="1623" y0="2016" y1="2048">(64769,6168,1285)</Cell>
<Cell dontCare="false" endCol="5" endRow="23" startCol="5" startRow="23" x0="1623" x1="2036" y0="2016" y1="2048">(64769,6168,1542)</Cell>
<Cell dontCare="true" endCol="0" endRow="24" startCol="0" startRow="24" x0="100" x1="430" y0="2048" y1="2102">(64769,6425,257)</Cell>
<Cell dontCare="false" endCol="1" endRow="24" startCol="1" startRow="24" x0="430" x1="820" y0="2048" y1="2102">(64769,6425,514)</Cell>
<Cell dontCare="false" endCol="2" endRow="24" startCol="2" startRow="24" x0="820" x1="1043" y0="2048" y1="2102">(64769,6425,771)</Cell>
<Cell dontCare="false" endCol="3" endRow="24" startCol="3" startRow="24" x0="1043" x1="1430" y0="2048" y1="2102">(64769,6425,1028)</Cell>
<Cell dontCare="false" endCol="4" endRow="24" startCol="4" startRow="24" x0="1430" x1="1623" y0="2048" y1="2102">(64769,6425,1285)</Cell>
<Cell dontCare="false" endCol="5" endRow="24" startCol="5" startRow="24" x0="1623" x1="2036" y0="2048" y1="2102">(64769,6425,1542)</Cell>
<Cell dontCare="false" endCol="0" endRow="27" startCol="0" startRow="25" x0="100" x1="430" y0="2102" y1="2310">(64769,6684,257)</Cell>
<Cell dontCare="false" endCol="1" endRow="25" startCol="1" startRow="25" x0="430" x1="820" y0="2102" y1="2206">(64769,6682,514)</Cell>
<Cell dontCare="false" endCol="2" endRow="25" startCol="2" startRow="25" x0="820" x1="1043" y0="2102" y1="2206">(64769,6682,771)</Cell>
<Cell dontCare="false" endCol="3" endRow="25" startCol="3" startRow="25" x0="1043" x1="1430" y0="2102" y1="2206">(64769,6682,1028)</Cell>
<Cell dontCare="false" endCol="4" endRow="25" startCol="4" startRow="25" x0="1430" x1="1623" y0="2102" y1="2206">(64769,6682,1285)</Cell>
<Cell dontCare="false" endCol="5" endRow="25" startCol="5" startRow="25" x0="1623" x1="2036" y0="2102" y1="2206">(64769,6682,1542)</Cell>
<Cell dontCare="true" endCol="0" endRow="26" startCol="0" startRow="26" x0="100" x1="430" y0="2206" y1="2246">(64769,6939,257)</Cell>
<Cell dontCare="false" endCol="1" endRow="26" startCol="1" startRow="26" x0="430" x1="820" y0="2206" y1="2246">(64769,6939,514)</Cell>
<Cell dontCare="false" endCol="2" endRow="26" startCol="2" startRow="26" x0="820" x1="1043" y0="2206" y1="2246">(64769,6939,771)</Cell>
<Cell dontCare="false" endCol="3" endRow="26" startCol="3" startRow="26" x0="1043" x1="1430" y0="2206" y1="2246">(64769,6939,1028)</Cell>
<Cell dontCare="false" endCol="4" endRow="26" startCol="4" startRow="26" x0="1430" x1="1623" y0="2206" y1="2246">(64769,6939,1285)</Cell>
<Cell dontCare="false" endCol="5" endRow="26" startCol="5" startRow="26" x0="1623" x1="2036" y0="2206" y1="2246">(64769,6939,1542)</Cell>
<Cell dontCare="true" endCol="0" endRow="27" startCol="0" startRow="27" x0="100" x1="430" y0="2246" y1="2310">(64769,7196,257)</Cell>
<Cell dontCare="false" endCol="1" endRow="27" startCol="1" startRow="27" x0="430" x1="820" y0="2246" y1="2310">(64769,7196,514)</Cell>
<Cell dontCare="false" endCol="2" endRow="27" startCol="2" startRow="27" x0="820" x1="1043" y0="2246" y1="2310">(64769,7196,771)</Cell>
<Cell dontCare="false" endCol="3" endRow="27" startCol="3" startRow="27" x0="1043" x1="1430" y0="2246" y1="2310">(64769,7196,1028)</Cell>
<Cell dontCare="false" endCol="4" endRow="27" startCol="4" startRow="27" x0="1430" x1="1623" y0="2246" y1="2310">(64769,7196,1285)</Cell>
<Cell dontCare="false" endCol="5" endRow="27" startCol="5" startRow="27" x0="1623" x1="2036" y0="2246" y1="2310">(64769,7196,1542)</Cell>
<Cell dontCare="false" endCol="0" endRow="28" startCol="0" startRow="28" x0="100" x1="430" y0="2310" y1="2396">(64769,7453,257)</Cell>
<Cell dontCare="false" endCol="1" endRow="28" startCol="1" startRow="28" x0="430" x1="820" y0="2310" y1="2396">(64769,7453,514)</Cell>
<Cell dontCare="false" endCol="2" endRow="28" startCol="2" startRow="28" x0="820" x1="1043" y0="2310" y1="2396">(64769,7453,771)</Cell>
<Cell dontCare="false" endCol="3" endRow="28" startCol="3" startRow="28" x0="1043" x1="1430" y0="2310" y1="2396">(64769,7453,1028)</Cell>
<Cell dontCare="false" endCol="4" endRow="28" startCol="4" startRow="28" x0="1430" x1="1623" y0="2310" y1="2396">(64769,7453,1285)</Cell>
<Cell dontCare="false" endCol="5" endRow="28" startCol="5" startRow="28" x0="1623" x1="2036" y0="2310" y1="2396">(64769,7453,1542)</Cell>
<Cell dontCare="false" endCol="0" endRow="29" startCol="0" startRow="29" x0="100" x1="430" y0="2396" y1="2436">(64769,7710,257)</Cell>
<Cell dontCare="false" endCol="1" endRow="29" startCol="1" startRow="29" x0="430" x1="820" y0="2396" y1="2436">(64769,7710,514)</Cell>
<Cell dontCare="false" endCol="2" endRow="29" startCol="2" startRow="29" x0="820" x1="1043" y0="2396" y1="2436">(64769,7710,771)</Cell>
<Cell dontCare="false" endCol="3" endRow="29" startCol="3" startRow="29" x0="1043" x1="1430" y0="2396" y1="2436">(64769,7710,1028)</Cell>
<Cell dontCare="false" endCol="4" endRow="29" startCol="4" startRow="29" x0="1430" x1="1623" y0="2396" y1="2436">(64769,7710,1285)</Cell>
<Cell dontCare="false" endCol="5" endRow="29" startCol="5" startRow="29" x0="1623" x1="2036" y0="2396" y1="2436">(64769,7710,1542)</Cell>
<Cell dontCare="false" endCol="0" endRow="30" startCol="0" startRow="30" x0="100" x1="430" y0="2436" y1="2504">(64769,7967,257)</Cell>
<Cell dontCare="false" endCol="1" endRow="30" startCol="1" startRow="30" x0="430" x1="820" y0="2436" y1="2504">(64769,7967,514)</Cell>
<Cell dontCare="false" endCol="2" endRow="30" startCol="2" startRow="30" x0="820" x1="1043" y0="2436" y1="2504">(64769,7967,771)</Cell>
<Cell dontCare="false" endCol="3" endRow="30" startCol="3" startRow="30" x0="1043" x1="1430" y0="2436" y1="2504">(64769,7967,1028)</Cell>
<Cell dontCare="false" endCol="4" endRow="30" startCol="4" startRow="30" x0="1430" x1="1623" y0="2436" y1="2504">(64769,7967,1285)</Cell>
<Cell dontCare="false" endCol="5" endRow="30" startCol="5" startRow="30" x0="1623" x1="2036" y0="2436" y1="2504">(64769,7967,1542)</Cell>
<Cell dontCare="false" endCol="0" endRow="33" startCol="0" startRow="31" x0="100" x1="430" y0="2504" y1="2713">(64769,8226,257)</Cell>
<Cell dontCare="false" endCol="1" endRow="31" startCol="1" startRow="31" x0="430" x1="820" y0="2504" y1="2588">(64769,8224,514)</Cell>
<Cell dontCare="false" endCol="2" endRow="31" startCol="2" startRow="31" x0="820" x1="1043" y0="2504" y1="2588">(64769,8224,771)</Cell>
<Cell dontCare="false" endCol="3" endRow="31" startCol="3" startRow="31" x0="1043" x1="1430" y0="2504" y1="2588">(64769,8224,1028)</Cell>
<Cell dontCare="false" endCol="4" endRow="31" startCol="4" startRow="31" x0="1430" x1="1623" y0="2504" y1="2588">(64769,8224,1285)</Cell>
<Cell dontCare="false" endCol="5" endRow="31" startCol="5" startRow="31" x0="1623" x1="2036" y0="2504" y1="2588">(64769,8224,1542)</Cell>
<Cell dontCare="true" endCol="0" endRow="32" startCol="0" startRow="32" x0="100" x1="430" y0="2588" y1="2628">(64769,8481,257)</Cell>
<Cell dontCare="false" endCol="1" endRow="32" startCol="1" startRow="32" x0="430" x1="820" y0="2588" y1="2628">(64769,8481,514)</Cell>
<Cell dontCare="false" endCol="2" endRow="32" startCol="2" startRow="32" x0="820" x1="1043" y0="2588" y1="2628">(64769,8481,771)</Cell>
<Cell dontCare="false" endCol="3" endRow="32" startCol="3" startRow="32" x0="1043" x1="1430" y0="2588" y1="2628">(64769,8481,1028)</Cell>
<Cell dontCare="false" endCol="4" endRow="32" startCol="4" startRow="32" x0="1430" x1="1623" y0="2588" y1="2628">(64769,8481,1285)</Cell>
<Cell dontCare="false" endCol="5" endRow="32" startCol="5" startRow="32" x0="1623" x1="2036" y0="2588" y1="2628">(64769,8481,1542)</Cell>
<Cell dontCare="true" endCol="0" endRow="33" startCol="0" startRow="33" x0="100" x1="430" y0="2628" y1="2713">(64769,8738,257)</Cell>
<Cell dontCare="false" endCol="1" endRow="33" startCol="1" startRow="33" x0="430" x1="820" y0="2628" y1="2713">(64769,8738,514)</Cell>
<Cell dontCare="false" endCol="2" endRow="33" startCol="2" startRow="33" x0="820" x1="1043" y0="2628" y1="2713">(64769,8738,771)</Cell>
<Cell dontCare="false" endCol="3" endRow="33" startCol="3" startRow="33" x0="1043" x1="1430" y0="2628" y1="2713">(64769,8738,1028)</Cell>
<Cell dontCare="false" endCol="4" endRow="33" startCol="4" startRow="33" x0="1430" x1="1623" y0="2628" y1="2713">(64769,8738,1285)</Cell>
<Cell dontCare="false" endCol="5" endRow="33" startCol="5" startRow="33" x0="1623" x1="2036" y0="2628" y1="2713">(64769,8738,1542)</Cell>
</Table>
</Tables>
</GroundTruth>
