<?xml version="1.0" encoding="UTF-8" standalone="no"?>
<GroundTruth InputFile="C:\Dokumente und Einstellungen\mehmood\Desktop\dataset\skew_corrected\unlv_tables_bin_test\8013_494.png">
<Tables>
<Table x0="186" x1="2292" y0="1978" y1="3012">
<Row x0="186" x1="2292" y0="2016" y1="2016"/>
<Row x0="186" x1="2292" y0="2090" y1="2090"/>
<Row x0="186" x1="2292" y0="2164" y1="2164"/>
<Row x0="186" x1="2292" y0="2228" y1="2228"/>
<Row x0="186" x1="2292" y0="2280" y1="2280"/>
<Row x0="186" x1="2292" y0="2350" y1="2350"/>
<Row x0="186" x1="2292" y0="2398" y1="2398"/>
<Row x0="186" x1="2292" y0="2502" y1="2502"/>
<Row x0="186" x1="2292" y0="2550" y1="2550"/>
<Row x0="186" x1="2292" y0="2618" y1="2618"/>
<Row x0="186" x1="2292" y0="2720" y1="2720"/>
<Row x0="186" x1="2292" y0="2790" y1="2790"/>
<Row x0="186" x1="2292" y0="2840" y1="2840"/>
<Row x0="186" x1="2292" y0="2908" y1="2908"/>
<Column x0="466" x1="466" y0="1978" y1="3012"/>
<Column x0="556" x1="556" y0="1978" y1="3012"/>
<Column x0="640" x1="640" y0="1978" y1="3012"/>
<Column x0="766" x1="766" y0="1978" y1="3012"/>
<Column x0="902" x1="902" y0="1978" y1="3012"/>
<Column x0="1064" x1="1064" y0="1978" y1="3012"/>
<Column x0="1218" x1="1218" y0="1978" y1="3012"/>
<Column x0="1332" x1="1332" y0="1978" y1="3012"/>
<Cell dontCare="false" endCol="0" endRow="0" startCol="0" startRow="0" x0="186" x1="466" y0="1978" y1="2016">(64769,257,257)</Cell>
<Cell dontCare="false" endCol="1" endRow="0" startCol="1" startRow="0" x0="466" x1="556" y0="1978" y1="2016">(64769,257,514)</Cell>
<Cell dontCare="false" endCol="2" endRow="0" startCol="2" startRow="0" x0="556" x1="640" y0="1978" y1="2016">(64769,257,771)</Cell>
<Cell dontCare="false" endCol="3" endRow="0" startCol="3" startRow="0" x0="640" x1="766" y0="1978" y1="2016">(64769,257,1028)</Cell>
<Cell dontCare="false" endCol="4" endRow="0" startCol="4" startRow="0" x0="766" x1="902" y0="1978" y1="2016">(64769,257,1285)</Cell>
<Cell dontCare="false" endCol="5" endRow="0" startCol="5" startRow="0" x0="902" x1="1064" y0="1978" y1="2016">(64769,257,1542)</Cell>
<Cell dontCare="false" endCol="6" endRow="0" startCol="6" startRow="0" x0="1064" x1="1218" y0="1978" y1="2016">(64769,257,1799)</Cell>
<Cell dontCare="false" endCol="7" endRow="0" startCol="7" startRow="0" x0="1218" x1="1332" y0="1978" y1="2016">(64769,257,2056)</Cell>
<Cell dontCare="false" endCol="8" endRow="0" startCol="8" startRow="0" x0="1332" x1="2292" y0="1978" y1="2016">(64769,257,2313)</Cell>
<Cell dontCare="false" endCol="0" endRow="1" startCol="0" startRow="1" x0="186" x1="466" y0="2016" y1="2090">(64769,514,257)</Cell>
<Cell dontCare="false" endCol="1" endRow="1" startCol="1" startRow="1" x0="466" x1="556" y0="2016" y1="2090">(64769,514,514)</Cell>
<Cell dontCare="false" endCol="2" endRow="1" startCol="2" startRow="1" x0="556" x1="640" y0="2016" y1="2090">(64769,514,771)</Cell>
<Cell dontCare="false" endCol="3" endRow="1" startCol="3" startRow="1" x0="640" x1="766" y0="2016" y1="2090">(64769,514,1028)</Cell>
<Cell dontCare="false" endCol="4" endRow="1" startCol="4" startRow="1" x0="766" x1="902" y0="2016" y1="2090">(64769,514,1285)</Cell>
<Cell dontCare="false" endCol="5" endRow="1" startCol="5" startRow="1" x0="902" x1="1064" y0="2016" y1="2090">(64769,514,1542)</Cell>
<Cell dontCare="false" endCol="6" endRow="1" startCol="6" startRow="1" x0="1064" x1="1218" y0="2016" y1="2090">(64769,514,1799)</Cell>
<Cell dontCare="false" endCol="7" endRow="1" startCol="7" startRow="1" x0="1218" x1="1332" y0="2016" y1="2090">(64769,514,2056)</Cell>
<Cell dontCare="false" endCol="8" endRow="1" startCol="8" startRow="1" x0="1332" x1="2292" y0="2016" y1="2090">(64769,514,2313)</Cell>
<Cell dontCare="false" endCol="0" endRow="2" startCol="0" startRow="2" x0="186" x1="466" y0="2090" y1="2164">(64769,771,257)</Cell>
<Cell dontCare="false" endCol="1" endRow="2" startCol="1" startRow="2" x0="466" x1="556" y0="2090" y1="2164">(64769,771,514)</Cell>
<Cell dontCare="false" endCol="2" endRow="2" startCol="2" startRow="2" x0="556" x1="640" y0="2090" y1="2164">(64769,771,771)</Cell>
<Cell dontCare="false" endCol="3" endRow="2" startCol="3" startRow="2" x0="640" x1="766" y0="2090" y1="2164">(64769,771,1028)</Cell>
<Cell dontCare="false" endCol="4" endRow="2" startCol="4" startRow="2" x0="766" x1="902" y0="2090" y1="2164">(64769,771,1285)</Cell>
<Cell dontCare="false" endCol="5" endRow="2" startCol="5" startRow="2" x0="902" x1="1064" y0="2090" y1="2164">(64769,771,1542)</Cell>
<Cell dontCare="false" endCol="6" endRow="2" startCol="6" startRow="2" x0="1064" x1="1218" y0="2090" y1="2164">(64769,771,1799)</Cell>
<Cell dontCare="false" endCol="7" endRow="2" startCol="7" startRow="2" x0="1218" x1="1332" y0="2090" y1="2164">(64769,771,2056)</Cell>
<Cell dontCare="false" endCol="8" endRow="2" startCol="8" startRow="2" x0="1332" x1="2292" y0="2090" y1="2164">(64769,771,2313)</Cell>
<Cell dontCare="false" endCol="0" endRow="3" startCol="0" startRow="3" x0="186" x1="466" y0="2164" y1="2228">(64769,1028,257)</Cell>
<Cell dontCare="false" endCol="1" endRow="3" startCol="1" startRow="3" x0="466" x1="556" y0="2164" y1="2228">(64769,1028,514)</Cell>
<Cell dontCare="false" endCol="2" endRow="3" startCol="2" startRow="3" x0="556" x1="640" y0="2164" y1="2228">(64769,1028,771)</Cell>
<Cell dontCare="false" endCol="3" endRow="3" startCol="3" startRow="3" x0="640" x1="766" y0="2164" y1="2228">(64769,1028,1028)</Cell>
<Cell dontCare="false" endCol="4" endRow="3" startCol="4" startRow="3" x0="766" x1="902" y0="2164" y1="2228">(64769,1028,1285)</Cell>
<Cell dontCare="false" endCol="5" endRow="3" startCol="5" startRow="3" x0="902" x1="1064" y0="2164" y1="2228">(64769,1028,1542)</Cell>
<Cell dontCare="false" endCol="6" endRow="3" startCol="6" startRow="3" x0="1064" x1="1218" y0="2164" y1="2228">(64769,1028,1799)</Cell>
<Cell dontCare="false" endCol="7" endRow="3" startCol="7" startRow="3" x0="1218" x1="1332" y0="2164" y1="2228">(64769,1028,2056)</Cell>
<Cell dontCare="false" endCol="8" endRow="3" startCol="8" startRow="3" x0="1332" x1="2292" y0="2164" y1="2228">(64769,1028,2313)</Cell>
<Cell dontCare="false" endCol="0" endRow="4" startCol="0" startRow="4" x0="186" x1="466" y0="2228" y1="2280">(64769,1285,257)</Cell>
<Cell dontCare="false" endCol="1" endRow="4" startCol="1" startRow="4" x0="466" x1="556" y0="2228" y1="2280">(64769,1285,514)</Cell>
<Cell dontCare="false" endCol="2" endRow="4" startCol="2" startRow="4" x0="556" x1="640" y0="2228" y1="2280">(64769,1285,771)</Cell>
<Cell dontCare="false" endCol="3" endRow="4" startCol="3" startRow="4" x0="640" x1="766" y0="2228" y1="2280">(64769,1285,1028)</Cell>
<Cell dontCare="false" endCol="4" endRow="4" startCol="4" startRow="4" x0="766" x1="902" y0="2228" y1="2280">(64769,1285,1285)</Cell>
<Cell dontCare="false" endCol="5" endRow="4" startCol="5" startRow="4" x0="902" x1="1064" y0="2228" y1="2280">(64769,1285,1542)</Cell>
<Cell dontCare="false" endCol="6" endRow="4" startCol="6" startRow="4" x0="1064" x1="1218" y0="2228" y1="2280">(64769,1285,1799)</Cell>
<Cell dontCare="false" endCol="7" endRow="4" startCol="7" startRow="4" x0="1218" x1="1332" y0="2228" y1="2280">(64769,1285,2056)</Cell>
<Cell dontCare="false" endCol="8" endRow="4" startCol="8" startRow="4" x0="1332" x1="2292" y0="2228" y1="2280">(64769,1285,2313)</Cell>
<Cell dontCare="false" endCol="0" endRow="5" startCol="0" startRow="5" x0="186" x1="466" y0="2280" y1="2350">(64769,1542,257)</Cell>
<Cell dontCare="false" endCol="1" endRow="5" startCol="1" startRow="5" x0="466" x1="556" y0="2280" y1="2350">(64769,1542,514)</Cell>
<Cell dontCare="false" endCol="2" endRow="5" startCol="2" startRow="5" x0="556" x1="640" y0="2280" y1="2350">(64769,1542,771)</Cell>
<Cell dontCare="false" endCol="3" endRow="5" startCol="3" startRow="5" x0="640" x1="766" y0="2280" y1="2350">(64769,1542,1028)</Cell>
<Cell dontCare="false" endCol="4" endRow="5" startCol="4" startRow="5" x0="766" x1="902" y0="2280" y1="2350">(64769,1542,1285)</Cell>
<Cell dontCare="false" endCol="5" endRow="5" startCol="5" startRow="5" x0="902" x1="1064" y0="2280" y1="2350">(64769,1542,1542)</Cell>
<Cell dontCare="false" endCol="6" endRow="5" startCol="6" startRow="5" x0="1064" x1="1218" y0="2280" y1="2350">(64769,1542,1799)</Cell>
<Cell dontCare="false" endCol="7" endRow="5" startCol="7" startRow="5" x0="1218" x1="1332" y0="2280" y1="2350">(64769,1542,2056)</Cell>
<Cell dontCare="false" endCol="8" endRow="5" startCol="8" startRow="5" x0="1332" x1="2292" y0="2280" y1="2350">(64769,1542,2313)</Cell>
<Cell dontCare="false" endCol="0" endRow="6" startCol="0" startRow="6" x0="186" x1="466" y0="2350" y1="2398">(64769,1799,257)</Cell>
<Cell dontCare="false" endCol="1" endRow="6" startCol="1" startRow="6" x0="466" x1="556" y0="2350" y1="2398">(64769,1799,514)</Cell>
<Cell dontCare="false" endCol="2" endRow="6" startCol="2" startRow="6" x0="556" x1="640" y0="2350" y1="2398">(64769,1799,771)</Cell>
<Cell dontCare="false" endCol="3" endRow="6" startCol="3" startRow="6" x0="640" x1="766" y0="2350" y1="2398">(64769,1799,1028)</Cell>
<Cell dontCare="false" endCol="4" endRow="6" startCol="4" startRow="6" x0="766" x1="902" y0="2350" y1="2398">(64769,1799,1285)</Cell>
<Cell dontCare="false" endCol="5" endRow="6" startCol="5" startRow="6" x0="902" x1="1064" y0="2350" y1="2398">(64769,1799,1542)</Cell>
<Cell dontCare="false" endCol="6" endRow="6" startCol="6" startRow="6" x0="1064" x1="1218" y0="2350" y1="2398">(64769,1799,1799)</Cell>
<Cell dontCare="false" endCol="7" endRow="6" startCol="7" startRow="6" x0="1218" x1="1332" y0="2350" y1="2398">(64769,1799,2056)</Cell>
<Cell dontCare="false" endCol="8" endRow="6" startCol="8" startRow="6" x0="1332" x1="2292" y0="2350" y1="2398">(64769,1799,2313)</Cell>
<Cell dontCare="false" endCol="0" endRow="7" startCol="0" startRow="7" x0="186" x1="466" y0="2398" y1="2502">(64769,2056,257)</Cell>
<Cell dontCare="false" endCol="1" endRow="7" startCol="1" startRow="7" x0="466" x1="556" y0="2398" y1="2502">(64769,2056,514)</Cell>
<Cell dontCare="false" endCol="2" endRow="7" startCol="2" startRow="7" x0="556" x1="640" y0="2398" y1="2502">(64769,2056,771)</Cell>
<Cell dontCare="false" endCol="3" endRow="7" startCol="3" startRow="7" x0="640" x1="766" y0="2398" y1="2502">(64769,2056,1028)</Cell>
<Cell dontCare="false" endCol="4" endRow="7" startCol="4" startRow="7" x0="766" x1="902" y0="2398" y1="2502">(64769,2056,1285)</Cell>
<Cell dontCare="false" endCol="5" endRow="7" startCol="5" startRow="7" x0="902" x1="1064" y0="2398" y1="2502">(64769,2056,1542)</Cell>
<Cell dontCare="false" endCol="6" endRow="7" startCol="6" startRow="7" x0="1064" x1="1218" y0="2398" y1="2502">(64769,2056,1799)</Cell>
<Cell dontCare="false" endCol="7" endRow="7" startCol="7" startRow="7" x0="1218" x1="1332" y0="2398" y1="2502">(64769,2056,2056)</Cell>
<Cell dontCare="false" endCol="8" endRow="7" startCol="8" startRow="7" x0="1332" x1="2292" y0="2398" y1="2502">(64769,2056,2313)</Cell>
<Cell dontCare="false" endCol="0" endRow="8" startCol="0" startRow="8" x0="186" x1="466" y0="2502" y1="2550">(64769,2313,257)</Cell>
<Cell dontCare="false" endCol="1" endRow="8" startCol="1" startRow="8" x0="466" x1="556" y0="2502" y1="2550">(64769,2313,514)</Cell>
<Cell dontCare="false" endCol="2" endRow="8" startCol="2" startRow="8" x0="556" x1="640" y0="2502" y1="2550">(64769,2313,771)</Cell>
<Cell dontCare="false" endCol="3" endRow="8" startCol="3" startRow="8" x0="640" x1="766" y0="2502" y1="2550">(64769,2313,1028)</Cell>
<Cell dontCare="false" endCol="4" endRow="8" startCol="4" startRow="8" x0="766" x1="902" y0="2502" y1="2550">(64769,2313,1285)</Cell>
<Cell dontCare="false" endCol="5" endRow="8" startCol="5" startRow="8" x0="902" x1="1064" y0="2502" y1="2550">(64769,2313,1542)</Cell>
<Cell dontCare="false" endCol="6" endRow="8" startCol="6" startRow="8" x0="1064" x1="1218" y0="2502" y1="2550">(64769,2313,1799)</Cell>
<Cell dontCare="false" endCol="7" endRow="8" startCol="7" startRow="8" x0="1218" x1="1332" y0="2502" y1="2550">(64769,2313,2056)</Cell>
<Cell dontCare="false" endCol="8" endRow="8" startCol="8" startRow="8" x0="1332" x1="2292" y0="2502" y1="2550">(64769,2313,2313)</Cell>
<Cell dontCare="false" endCol="0" endRow="9" startCol="0" startRow="9" x0="186" x1="466" y0="2550" y1="2618">(64769,2570,257)</Cell>
<Cell dontCare="false" endCol="1" endRow="9" startCol="1" startRow="9" x0="466" x1="556" y0="2550" y1="2618">(64769,2570,514)</Cell>
<Cell dontCare="false" endCol="2" endRow="9" startCol="2" startRow="9" x0="556" x1="640" y0="2550" y1="2618">(64769,2570,771)</Cell>
<Cell dontCare="false" endCol="3" endRow="9" startCol="3" startRow="9" x0="640" x1="766" y0="2550" y1="2618">(64769,2570,1028)</Cell>
<Cell dontCare="false" endCol="4" endRow="9" startCol="4" startRow="9" x0="766" x1="902" y0="2550" y1="2618">(64769,2570,1285)</Cell>
<Cell dontCare="false" endCol="5" endRow="9" startCol="5" startRow="9" x0="902" x1="1064" y0="2550" y1="2618">(64769,2570,1542)</Cell>
<Cell dontCare="false" endCol="6" endRow="9" startCol="6" startRow="9" x0="1064" x1="1218" y0="2550" y1="2618">(64769,2570,1799)</Cell>
<Cell dontCare="false" endCol="7" endRow="9" startCol="7" startRow="9" x0="1218" x1="1332" y0="2550" y1="2618">(64769,2570,2056)</Cell>
<Cell dontCare="false" endCol="8" endRow="9" startCol="8" startRow="9" x0="1332" x1="2292" y0="2550" y1="2618">(64769,2570,2313)</Cell>
<Cell dontCare="false" endCol="0" endRow="10" startCol="0" startRow="10" x0="186" x1="466" y0="2618" y1="2720">(64769,2827,257)</Cell>
<Cell dontCare="false" endCol="1" endRow="10" startCol="1" startRow="10" x0="466" x1="556" y0="2618" y1="2720">(64769,2827,514)</Cell>
<Cell dontCare="false" endCol="2" endRow="10" startCol="2" startRow="10" x0="556" x1="640" y0="2618" y1="2720">(64769,2827,771)</Cell>
<Cell dontCare="false" endCol="3" endRow="10" startCol="3" startRow="10" x0="640" x1="766" y0="2618" y1="2720">(64769,2827,1028)</Cell>
<Cell dontCare="false" endCol="4" endRow="10" startCol="4" startRow="10" x0="766" x1="902" y0="2618" y1="2720">(64769,2827,1285)</Cell>
<Cell dontCare="false" endCol="5" endRow="10" startCol="5" startRow="10" x0="902" x1="1064" y0="2618" y1="2720">(64769,2827,1542)</Cell>
<Cell dontCare="false" endCol="6" endRow="10" startCol="6" startRow="10" x0="1064" x1="1218" y0="2618" y1="2720">(64769,2827,1799)</Cell>
<Cell dontCare="false" endCol="7" endRow="10" startCol="7" startRow="10" x0="1218" x1="1332" y0="2618" y1="2720">(64769,2827,2056)</Cell>
<Cell dontCare="false" endCol="8" endRow="10" startCol="8" startRow="10" x0="1332" x1="2292" y0="2618" y1="2720">(64769,2827,2313)</Cell>
<Cell dontCare="false" endCol="0" endRow="11" startCol="0" startRow="11" x0="186" x1="466" y0="2720" y1="2790">(64769,3084,257)</Cell>
<Cell dontCare="false" endCol="1" endRow="11" startCol="1" startRow="11" x0="466" x1="556" y0="2720" y1="2790">(64769,3084,514)</Cell>
<Cell dontCare="false" endCol="2" endRow="11" startCol="2" startRow="11" x0="556" x1="640" y0="2720" y1="2790">(64769,3084,771)</Cell>
<Cell dontCare="false" endCol="3" endRow="11" startCol="3" startRow="11" x0="640" x1="766" y0="2720" y1="2790">(64769,3084,1028)</Cell>
<Cell dontCare="false" endCol="4" endRow="11" startCol="4" startRow="11" x0="766" x1="902" y0="2720" y1="2790">(64769,3084,1285)</Cell>
<Cell dontCare="false" endCol="5" endRow="11" startCol="5" startRow="11" x0="902" x1="1064" y0="2720" y1="2790">(64769,3084,1542)</Cell>
<Cell dontCare="false" endCol="6" endRow="11" startCol="6" startRow="11" x0="1064" x1="1218" y0="2720" y1="2790">(64769,3084,1799)</Cell>
<Cell dontCare="false" endCol="7" endRow="11" startCol="7" startRow="11" x0="1218" x1="1332" y0="2720" y1="2790">(64769,3084,2056)</Cell>
<Cell dontCare="false" endCol="8" endRow="11" startCol="8" startRow="11" x0="1332" x1="2292" y0="2720" y1="2790">(64769,3084,2313)</Cell>
<Cell dontCare="false" endCol="0" endRow="12" startCol="0" startRow="12" x0="186" x1="466" y0="2790" y1="2840">(64769,3341,257)</Cell>
<Cell dontCare="false" endCol="1" endRow="12" startCol="1" startRow="12" x0="466" x1="556" y0="2790" y1="2840">(64769,3341,514)</Cell>
<Cell dontCare="false" endCol="2" endRow="12" startCol="2" startRow="12" x0="556" x1="640" y0="2790" y1="2840">(64769,3341,771)</Cell>
<Cell dontCare="false" endCol="3" endRow="12" startCol="3" startRow="12" x0="640" x1="766" y0="2790" y1="2840">(64769,3341,1028)</Cell>
<Cell dontCare="false" endCol="4" endRow="12" startCol="4" startRow="12" x0="766" x1="902" y0="2790" y1="2840">(64769,3341,1285)</Cell>
<Cell dontCare="false" endCol="5" endRow="12" startCol="5" startRow="12" x0="902" x1="1064" y0="2790" y1="2840">(64769,3341,1542)</Cell>
<Cell dontCare="false" endCol="6" endRow="12" startCol="6" startRow="12" x0="1064" x1="1218" y0="2790" y1="2840">(64769,3341,1799)</Cell>
<Cell dontCare="false" endCol="7" endRow="12" startCol="7" startRow="12" x0="1218" x1="1332" y0="2790" y1="2840">(64769,3341,2056)</Cell>
<Cell dontCare="false" endCol="8" endRow="12" startCol="8" startRow="12" x0="1332" x1="2292" y0="2790" y1="2840">(64769,3341,2313)</Cell>
<Cell dontCare="false" endCol="0" endRow="13" startCol="0" startRow="13" x0="186" x1="466" y0="2840" y1="2908">(64769,3598,257)</Cell>
<Cell dontCare="false" endCol="1" endRow="13" startCol="1" startRow="13" x0="466" x1="556" y0="2840" y1="2908">(64769,3598,514)</Cell>
<Cell dontCare="false" endCol="2" endRow="13" startCol="2" startRow="13" x0="556" x1="640" y0="2840" y1="2908">(64769,3598,771)</Cell>
<Cell dontCare="false" endCol="3" endRow="13" startCol="3" startRow="13" x0="640" x1="766" y0="2840" y1="2908">(64769,3598,1028)</Cell>
<Cell dontCare="false" endCol="4" endRow="13" startCol="4" startRow="13" x0="766" x1="902" y0="2840" y1="2908">(64769,3598,1285)</Cell>
<Cell dontCare="false" endCol="5" endRow="13" startCol="5" startRow="13" x0="902" x1="1064" y0="2840" y1="2908">(64769,3598,1542)</Cell>
<Cell dontCare="false" endCol="6" endRow="13" startCol="6" startRow="13" x0="1064" x1="1218" y0="2840" y1="2908">(64769,3598,1799)</Cell>
<Cell dontCare="false" endCol="7" endRow="13" startCol="7" startRow="13" x0="1218" x1="1332" y0="2840" y1="2908">(64769,3598,2056)</Cell>
<Cell dontCare="false" endCol="8" endRow="13" startCol="8" startRow="13" x0="1332" x1="2292" y0="2840" y1="2908">(64769,3598,2313)</Cell>
<Cell dontCare="false" endCol="0" endRow="14" startCol="0" startRow="14" x0="186" x1="466" y0="2908" y1="3012">(64769,3855,257)</Cell>
<Cell dontCare="false" endCol="1" endRow="14" startCol="1" startRow="14" x0="466" x1="556" y0="2908" y1="3012">(64769,3855,514)</Cell>
<Cell dontCare="false" endCol="2" endRow="14" startCol="2" startRow="14" x0="556" x1="640" y0="2908" y1="3012">(64769,3855,771)</Cell>
<Cell dontCare="false" endCol="3" endRow="14" startCol="3" startRow="14" x0="640" x1="766" y0="2908" y1="3012">(64769,3855,1028)</Cell>
<Cell dontCare="false" endCol="4" endRow="14" startCol="4" startRow="14" x0="766" x1="902" y0="2908" y1="3012">(64769,3855,1285)</Cell>
<Cell dontCare="false" endCol="5" endRow="14" startCol="5" startRow="14" x0="902" x1="1064" y0="2908" y1="3012">(64769,3855,1542)</Cell>
<Cell dontCare="false" endCol="6" endRow="14" startCol="6" startRow="14" x0="1064" x1="1218" y0="2908" y1="3012">(64769,3855,1799)</Cell>
<Cell dontCare="false" endCol="7" endRow="14" startCol="7" startRow="14" x0="1218" x1="1332" y0="2908" y1="3012">(64769,3855,2056)</Cell>
<Cell dontCare="false" endCol="8" endRow="14" startCol="8" startRow="14" x0="1332" x1="2292" y0="2908" y1="3012">(64769,3855,2313)</Cell>
</Table>
</Tables>
</GroundTruth>
