<?xml version="1.0" encoding="UTF-8" standalone="no"?>
<GroundTruth InputFile="C:\Dokumente und Einstellungen\mehmood\Desktop\final\tablestest\8031_232.png">
<Tables>
<Table x0="830" x1="1520" y0="1421" y1="2060">
<Row x0="830" x1="1520" y0="1468" y1="1468"/>
<Row x0="830" x1="1520" y0="1515" y1="1515"/>
<Row x0="830" x1="1520" y0="1571" y1="1571"/>
<Row x0="830" x1="1520" y0="1674" y1="1674"/>
<Row x0="830" x1="1520" y0="1722" y1="1722"/>
<Row x0="830" x1="1520" y0="1788" y1="1788"/>
<Row x0="830" x1="1520" y0="1841" y1="1841"/>
<Row x0="830" x1="1520" y0="1894" y1="1894"/>
<Row x0="830" x1="1520" y0="1988" y1="1988"/>
<Column x0="1262" x1="1262" y0="1421" y1="2060"/>
<Column x0="1401" x1="1401" y0="1421" y1="2060"/>
<Cell dontCare="false" endCol="0" endRow="0" startCol="0" startRow="0" x0="830" x1="1262" y0="1421" y1="1468">(64769,257,257)</Cell>
<Cell dontCare="false" endCol="1" endRow="0" startCol="1" startRow="0" x0="1262" x1="1401" y0="1421" y1="1468">(64769,257,514)</Cell>
<Cell dontCare="false" endCol="2" endRow="0" startCol="2" startRow="0" x0="1401" x1="1520" y0="1421" y1="1468">(64769,257,771)</Cell>
<Cell dontCare="false" endCol="2" endRow="1" startCol="0" startRow="1" x0="830" x1="1520" y0="1468" y1="1515">(64769,514,259)</Cell>
<Cell dontCare="true" endCol="1" endRow="1" startCol="1" startRow="1" x0="1262" x1="1401" y0="1468" y1="1515">(64769,514,514)</Cell>
<Cell dontCare="true" endCol="2" endRow="1" startCol="2" startRow="1" x0="1401" x1="1520" y0="1468" y1="1515">(64769,514,771)</Cell>
<Cell dontCare="false" endCol="0" endRow="2" startCol="0" startRow="2" x0="830" x1="1262" y0="1515" y1="1571">(64769,771,257)</Cell>
<Cell dontCare="false" endCol="1" endRow="2" startCol="1" startRow="2" x0="1262" x1="1401" y0="1515" y1="1571">(64769,771,514)</Cell>
<Cell dontCare="false" endCol="2" endRow="2" startCol="2" startRow="2" x0="1401" x1="1520" y0="1515" y1="1571">(64769,771,771)</Cell>
<Cell dontCare="false" endCol="0" endRow="3" startCol="0" startRow="3" x0="830" x1="1262" y0="1571" y1="1674">(64769,1028,257)</Cell>
<Cell dontCare="false" endCol="1" endRow="3" startCol="1" startRow="3" x0="1262" x1="1401" y0="1571" y1="1674">(64769,1028,514)</Cell>
<Cell dontCare="false" endCol="2" endRow="3" startCol="2" startRow="3" x0="1401" x1="1520" y0="1571" y1="1674">(64769,1028,771)</Cell>
<Cell dontCare="false" endCol="0" endRow="4" startCol="0" startRow="4" x0="830" x1="1262" y0="1674" y1="1722">(64769,1285,257)</Cell>
<Cell dontCare="false" endCol="1" endRow="4" startCol="1" startRow="4" x0="1262" x1="1401" y0="1674" y1="1722">(64769,1285,514)</Cell>
<Cell dontCare="false" endCol="2" endRow="4" startCol="2" startRow="4" x0="1401" x1="1520" y0="1674" y1="1722">(64769,1285,771)</Cell>
<Cell dontCare="false" endCol="2" endRow="5" startCol="0" startRow="5" x0="830" x1="1520" y0="1722" y1="1788">(64769,1542,259)</Cell>
<Cell dontCare="true" endCol="1" endRow="5" startCol="1" startRow="5" x0="1262" x1="1401" y0="1722" y1="1788">(64769,1542,514)</Cell>
<Cell dontCare="true" endCol="2" endRow="5" startCol="2" startRow="5" x0="1401" x1="1520" y0="1722" y1="1788">(64769,1542,771)</Cell>
<Cell dontCare="false" endCol="0" endRow="6" startCol="0" startRow="6" x0="830" x1="1262" y0="1788" y1="1841">(64769,1799,257)</Cell>
<Cell dontCare="false" endCol="1" endRow="6" startCol="1" startRow="6" x0="1262" x1="1401" y0="1788" y1="1841">(64769,1799,514)</Cell>
<Cell dontCare="false" endCol="2" endRow="6" startCol="2" startRow="6" x0="1401" x1="1520" y0="1788" y1="1841">(64769,1799,771)</Cell>
<Cell dontCare="false" endCol="0" endRow="7" startCol="0" startRow="7" x0="830" x1="1262" y0="1841" y1="1894">(64769,2056,257)</Cell>
<Cell dontCare="false" endCol="1" endRow="7" startCol="1" startRow="7" x0="1262" x1="1401" y0="1841" y1="1894">(64769,2056,514)</Cell>
<Cell dontCare="false" endCol="2" endRow="7" startCol="2" startRow="7" x0="1401" x1="1520" y0="1841" y1="1894">(64769,2056,771)</Cell>
<Cell dontCare="false" endCol="0" endRow="8" startCol="0" startRow="8" x0="830" x1="1262" y0="1894" y1="1988">(64769,2313,257)</Cell>
<Cell dontCare="false" endCol="1" endRow="8" startCol="1" startRow="8" x0="1262" x1="1401" y0="1894" y1="1988">(64769,2313,514)</Cell>
<Cell dontCare="false" endCol="2" endRow="8" startCol="2" startRow="8" x0="1401" x1="1520" y0="1894" y1="1988">(64769,2313,771)</Cell>
<Cell dontCare="false" endCol="0" endRow="9" startCol="0" startRow="9" x0="830" x1="1262" y0="1988" y1="2060">(64769,2570,257)</Cell>
<Cell dontCare="false" endCol="1" endRow="9" startCol="1" startRow="9" x0="1262" x1="1401" y0="1988" y1="2060">(64769,2570,514)</Cell>
<Cell dontCare="false" endCol="2" endRow="9" startCol="2" startRow="9" x0="1401" x1="1520" y0="1988" y1="2060">(64769,2570,771)</Cell>
</Table>
</Tables>
</GroundTruth>
