<?xml version="1.0" encoding="UTF-8" standalone="no"?>
<GroundTruth InputFile="C:\Dokumente und Einstellungen\mehmood\Desktop\dataset\skew_corrected\unlv_tables_bin_test\8232_013.png">
<Tables>
<Table x0="156" x1="984" y0="2090" y1="2418">
<Row x0="156" x1="984" y0="2142" y1="2142"/>
<Row x0="156" x1="984" y0="2208" y1="2208"/>
<Row x0="156" x1="984" y0="2288" y1="2288"/>
<Row x0="156" x1="984" y0="2354" y1="2354"/>
<Column x0="324" x1="324" y0="2090" y1="2418"/>
<Column x0="598" x1="598" y0="2090" y1="2418"/>
<Column x0="822" x1="822" y0="2090" y1="2418"/>
<Cell dontCare="false" endCol="0" endRow="0" startCol="0" startRow="0" x0="156" x1="324" y0="2090" y1="2142">(64769,257,257)</Cell>
<Cell dontCare="false" endCol="1" endRow="0" startCol="1" startRow="0" x0="324" x1="598" y0="2090" y1="2142">(64769,257,514)</Cell>
<Cell dontCare="false" endCol="2" endRow="0" startCol="2" startRow="0" x0="598" x1="822" y0="2090" y1="2142">(64769,257,771)</Cell>
<Cell dontCare="false" endCol="3" endRow="0" startCol="3" startRow="0" x0="822" x1="984" y0="2090" y1="2142">(64769,257,1028)</Cell>
<Cell dontCare="false" endCol="0" endRow="1" startCol="0" startRow="1" x0="156" x1="324" y0="2142" y1="2208">(64769,514,257)</Cell>
<Cell dontCare="false" endCol="1" endRow="1" startCol="1" startRow="1" x0="324" x1="598" y0="2142" y1="2208">(64769,514,514)</Cell>
<Cell dontCare="false" endCol="2" endRow="1" startCol="2" startRow="1" x0="598" x1="822" y0="2142" y1="2208">(64769,514,771)</Cell>
<Cell dontCare="false" endCol="3" endRow="1" startCol="3" startRow="1" x0="822" x1="984" y0="2142" y1="2208">(64769,514,1028)</Cell>
<Cell dontCare="false" endCol="0" endRow="2" startCol="0" startRow="2" x0="156" x1="324" y0="2208" y1="2288">(64769,771,257)</Cell>
<Cell dontCare="false" endCol="1" endRow="2" startCol="1" startRow="2" x0="324" x1="598" y0="2208" y1="2288">(64769,771,514)</Cell>
<Cell dontCare="false" endCol="2" endRow="2" startCol="2" startRow="2" x0="598" x1="822" y0="2208" y1="2288">(64769,771,771)</Cell>
<Cell dontCare="false" endCol="3" endRow="2" startCol="3" startRow="2" x0="822" x1="984" y0="2208" y1="2288">(64769,771,1028)</Cell>
<Cell dontCare="false" endCol="0" endRow="3" startCol="0" startRow="3" x0="156" x1="324" y0="2288" y1="2354">(64769,1028,257)</Cell>
<Cell dontCare="false" endCol="1" endRow="3" startCol="1" startRow="3" x0="324" x1="598" y0="2288" y1="2354">(64769,1028,514)</Cell>
<Cell dontCare="false" endCol="2" endRow="3" startCol="2" startRow="3" x0="598" x1="822" y0="2288" y1="2354">(64769,1028,771)</Cell>
<Cell dontCare="false" endCol="3" endRow="3" startCol="3" startRow="3" x0="822" x1="984" y0="2288" y1="2354">(64769,1028,1028)</Cell>
<Cell dontCare="false" endCol="0" endRow="4" startCol="0" startRow="4" x0="156" x1="324" y0="2354" y1="2418">(64769,1285,257)</Cell>
<Cell dontCare="false" endCol="1" endRow="4" startCol="1" startRow="4" x0="324" x1="598" y0="2354" y1="2418">(64769,1285,514)</Cell>
<Cell dontCare="false" endCol="2" endRow="4" startCol="2" startRow="4" x0="598" x1="822" y0="2354" y1="2418">(64769,1285,771)</Cell>
<Cell dontCare="false" endCol="3" endRow="4" startCol="3" startRow="4" x0="822" x1="984" y0="2354" y1="2418">(64769,1285,1028)</Cell>
</Table>
</Tables>
</GroundTruth>
