<?xml version="1.0" encoding="UTF-8" standalone="no"?>
<GroundTruth InputFile="C:\Dokumente und Einstellungen\mehmood\Desktop\final\tablestest\8307_102.png">
<Tables>
<Table x0="133" x1="1350" y0="430" y1="2943">
<Row x0="133" x1="1350" y0="570" y1="570"/>
<Row x0="133" x1="1350" y0="628" y1="628"/>
<Row x0="133" x1="1350" y0="686" y1="686"/>
<Row x0="133" x1="1350" y0="754" y1="754"/>
<Row x0="133" x1="1350" y0="820" y1="820"/>
<Row x0="133" x1="1350" y0="880" y1="880"/>
<Row x0="133" x1="1350" y0="940" y1="940"/>
<Row x0="133" x1="1350" y0="1002" y1="1002"/>
<Row x0="133" x1="1350" y0="1064" y1="1064"/>
<Row x0="133" x1="1350" y0="1130" y1="1130"/>
<Row x0="133" x1="1350" y0="1190" y1="1190"/>
<Row x0="133" x1="1350" y0="1252" y1="1252"/>
<Row x0="133" x1="1350" y0="1316" y1="1316"/>
<Row x0="133" x1="1350" y0="1380" y1="1380"/>
<Row x0="133" x1="1350" y0="1440" y1="1440"/>
<Row x0="133" x1="1350" y0="1502" y1="1502"/>
<Row x0="133" x1="1350" y0="1562" y1="1562"/>
<Row x0="133" x1="1350" y0="1628" y1="1628"/>
<Row x0="133" x1="1350" y0="1692" y1="1692"/>
<Row x0="133" x1="1350" y0="1752" y1="1752"/>
<Row x0="133" x1="1350" y0="1816" y1="1816"/>
<Row x0="133" x1="1350" y0="1878" y1="1878"/>
<Row x0="133" x1="1350" y0="1940" y1="1940"/>
<Row x0="133" x1="1350" y0="2004" y1="2004"/>
<Row x0="133" x1="1350" y0="2066" y1="2066"/>
<Row x0="133" x1="1350" y0="2128" y1="2128"/>
<Row x0="133" x1="1350" y0="2190" y1="2190"/>
<Row x0="133" x1="1350" y0="2250" y1="2250"/>
<Row x0="133" x1="1350" y0="2314" y1="2314"/>
<Row x0="133" x1="1350" y0="2378" y1="2378"/>
<Row x0="133" x1="1350" y0="2440" y1="2440"/>
<Row x0="133" x1="1350" y0="2504" y1="2504"/>
<Row x0="133" x1="1350" y0="2564" y1="2564"/>
<Row x0="133" x1="1350" y0="2628" y1="2628"/>
<Row x0="133" x1="1350" y0="2690" y1="2690"/>
<Row x0="133" x1="1350" y0="2752" y1="2752"/>
<Row x0="133" x1="1350" y0="2812" y1="2812"/>
<Row x0="133" x1="1350" y0="2876" y1="2876"/>
<Column x0="193" x1="193" y0="430" y1="2943"/>
<Column x0="243" x1="243" y0="430" y1="2943"/>
<Column x0="290" x1="290" y0="430" y1="2943"/>
<Column x0="730" x1="730" y0="430" y1="2943"/>
<Column x0="806" x1="806" y0="430" y1="2943"/>
<Column x0="860" x1="860" y0="430" y1="2943"/>
<Column x0="916" x1="916" y0="430" y1="2943"/>
<Cell dontCare="false" endCol="0" endRow="0" startCol="0" startRow="0" x0="133" x1="193" y0="430" y1="570">(64769,257,257)</Cell>
<Cell dontCare="false" endCol="1" endRow="0" startCol="1" startRow="0" x0="193" x1="243" y0="430" y1="570">(64769,257,514)</Cell>
<Cell dontCare="false" endCol="2" endRow="0" startCol="2" startRow="0" x0="243" x1="290" y0="430" y1="570">(64769,257,771)</Cell>
<Cell dontCare="false" endCol="3" endRow="0" startCol="3" startRow="0" x0="290" x1="730" y0="430" y1="570">(64769,257,1028)</Cell>
<Cell dontCare="false" endCol="4" endRow="0" startCol="4" startRow="0" x0="730" x1="806" y0="430" y1="570">(64769,257,1285)</Cell>
<Cell dontCare="false" endCol="5" endRow="0" startCol="5" startRow="0" x0="806" x1="860" y0="430" y1="570">(64769,257,1542)</Cell>
<Cell dontCare="false" endCol="6" endRow="0" startCol="6" startRow="0" x0="860" x1="916" y0="430" y1="570">(64769,257,1799)</Cell>
<Cell dontCare="false" endCol="7" endRow="0" startCol="7" startRow="0" x0="916" x1="1350" y0="430" y1="570">(64769,257,2056)</Cell>
<Cell dontCare="false" endCol="0" endRow="2" startCol="0" startRow="1" x0="133" x1="193" y0="570" y1="686">(64769,515,257)</Cell>
<Cell dontCare="false" endCol="1" endRow="2" startCol="1" startRow="1" x0="193" x1="243" y0="570" y1="686">(64769,515,514)</Cell>
<Cell dontCare="false" endCol="2" endRow="2" startCol="2" startRow="1" x0="243" x1="290" y0="570" y1="686">(64769,515,771)</Cell>
<Cell dontCare="false" endCol="3" endRow="2" startCol="3" startRow="1" x0="290" x1="730" y0="570" y1="686">(64769,515,1028)</Cell>
<Cell dontCare="false" endCol="4" endRow="1" startCol="4" startRow="1" x0="730" x1="806" y0="570" y1="628">(64769,514,1285)</Cell>
<Cell dontCare="false" endCol="5" endRow="1" startCol="5" startRow="1" x0="806" x1="860" y0="570" y1="628">(64769,514,1542)</Cell>
<Cell dontCare="false" endCol="6" endRow="1" startCol="6" startRow="1" x0="860" x1="916" y0="570" y1="628">(64769,514,1799)</Cell>
<Cell dontCare="false" endCol="7" endRow="1" startCol="7" startRow="1" x0="916" x1="1350" y0="570" y1="628">(64769,514,2056)</Cell>
<Cell dontCare="true" endCol="0" endRow="2" startCol="0" startRow="2" x0="133" x1="193" y0="628" y1="686">(64769,771,257)</Cell>
<Cell dontCare="true" endCol="1" endRow="2" startCol="1" startRow="2" x0="193" x1="243" y0="628" y1="686">(64769,771,514)</Cell>
<Cell dontCare="true" endCol="2" endRow="2" startCol="2" startRow="2" x0="243" x1="290" y0="628" y1="686">(64769,771,771)</Cell>
<Cell dontCare="true" endCol="3" endRow="2" startCol="3" startRow="2" x0="290" x1="730" y0="628" y1="686">(64769,771,1028)</Cell>
<Cell dontCare="false" endCol="4" endRow="2" startCol="4" startRow="2" x0="730" x1="806" y0="628" y1="686">(64769,771,1285)</Cell>
<Cell dontCare="false" endCol="5" endRow="2" startCol="5" startRow="2" x0="806" x1="860" y0="628" y1="686">(64769,771,1542)</Cell>
<Cell dontCare="false" endCol="6" endRow="2" startCol="6" startRow="2" x0="860" x1="916" y0="628" y1="686">(64769,771,1799)</Cell>
<Cell dontCare="false" endCol="7" endRow="2" startCol="7" startRow="2" x0="916" x1="1350" y0="628" y1="686">(64769,771,2056)</Cell>
<Cell dontCare="false" endCol="0" endRow="3" startCol="0" startRow="3" x0="133" x1="193" y0="686" y1="754">(64769,1028,257)</Cell>
<Cell dontCare="false" endCol="1" endRow="3" startCol="1" startRow="3" x0="193" x1="243" y0="686" y1="754">(64769,1028,514)</Cell>
<Cell dontCare="false" endCol="2" endRow="3" startCol="2" startRow="3" x0="243" x1="290" y0="686" y1="754">(64769,1028,771)</Cell>
<Cell dontCare="false" endCol="3" endRow="3" startCol="3" startRow="3" x0="290" x1="730" y0="686" y1="754">(64769,1028,1028)</Cell>
<Cell dontCare="false" endCol="4" endRow="3" startCol="4" startRow="3" x0="730" x1="806" y0="686" y1="754">(64769,1028,1285)</Cell>
<Cell dontCare="false" endCol="5" endRow="3" startCol="5" startRow="3" x0="806" x1="860" y0="686" y1="754">(64769,1028,1542)</Cell>
<Cell dontCare="false" endCol="6" endRow="3" startCol="6" startRow="3" x0="860" x1="916" y0="686" y1="754">(64769,1028,1799)</Cell>
<Cell dontCare="false" endCol="7" endRow="3" startCol="7" startRow="3" x0="916" x1="1350" y0="686" y1="754">(64769,1028,2056)</Cell>
<Cell dontCare="false" endCol="0" endRow="4" startCol="0" startRow="4" x0="133" x1="193" y0="754" y1="820">(64769,1285,257)</Cell>
<Cell dontCare="false" endCol="1" endRow="4" startCol="1" startRow="4" x0="193" x1="243" y0="754" y1="820">(64769,1285,514)</Cell>
<Cell dontCare="false" endCol="2" endRow="4" startCol="2" startRow="4" x0="243" x1="290" y0="754" y1="820">(64769,1285,771)</Cell>
<Cell dontCare="false" endCol="3" endRow="4" startCol="3" startRow="4" x0="290" x1="730" y0="754" y1="820">(64769,1285,1028)</Cell>
<Cell dontCare="false" endCol="4" endRow="4" startCol="4" startRow="4" x0="730" x1="806" y0="754" y1="820">(64769,1285,1285)</Cell>
<Cell dontCare="false" endCol="5" endRow="4" startCol="5" startRow="4" x0="806" x1="860" y0="754" y1="820">(64769,1285,1542)</Cell>
<Cell dontCare="false" endCol="6" endRow="4" startCol="6" startRow="4" x0="860" x1="916" y0="754" y1="820">(64769,1285,1799)</Cell>
<Cell dontCare="false" endCol="7" endRow="4" startCol="7" startRow="4" x0="916" x1="1350" y0="754" y1="820">(64769,1285,2056)</Cell>
<Cell dontCare="false" endCol="0" endRow="5" startCol="0" startRow="5" x0="133" x1="193" y0="820" y1="880">(64769,1542,257)</Cell>
<Cell dontCare="false" endCol="1" endRow="5" startCol="1" startRow="5" x0="193" x1="243" y0="820" y1="880">(64769,1542,514)</Cell>
<Cell dontCare="false" endCol="2" endRow="5" startCol="2" startRow="5" x0="243" x1="290" y0="820" y1="880">(64769,1542,771)</Cell>
<Cell dontCare="false" endCol="3" endRow="5" startCol="3" startRow="5" x0="290" x1="730" y0="820" y1="880">(64769,1542,1028)</Cell>
<Cell dontCare="false" endCol="4" endRow="5" startCol="4" startRow="5" x0="730" x1="806" y0="820" y1="880">(64769,1542,1285)</Cell>
<Cell dontCare="false" endCol="5" endRow="5" startCol="5" startRow="5" x0="806" x1="860" y0="820" y1="880">(64769,1542,1542)</Cell>
<Cell dontCare="false" endCol="6" endRow="5" startCol="6" startRow="5" x0="860" x1="916" y0="820" y1="880">(64769,1542,1799)</Cell>
<Cell dontCare="false" endCol="7" endRow="5" startCol="7" startRow="5" x0="916" x1="1350" y0="820" y1="880">(64769,1542,2056)</Cell>
<Cell dontCare="false" endCol="0" endRow="6" startCol="0" startRow="6" x0="133" x1="193" y0="880" y1="940">(64769,1799,257)</Cell>
<Cell dontCare="false" endCol="1" endRow="6" startCol="1" startRow="6" x0="193" x1="243" y0="880" y1="940">(64769,1799,514)</Cell>
<Cell dontCare="false" endCol="2" endRow="6" startCol="2" startRow="6" x0="243" x1="290" y0="880" y1="940">(64769,1799,771)</Cell>
<Cell dontCare="false" endCol="3" endRow="6" startCol="3" startRow="6" x0="290" x1="730" y0="880" y1="940">(64769,1799,1028)</Cell>
<Cell dontCare="false" endCol="4" endRow="6" startCol="4" startRow="6" x0="730" x1="806" y0="880" y1="940">(64769,1799,1285)</Cell>
<Cell dontCare="false" endCol="5" endRow="6" startCol="5" startRow="6" x0="806" x1="860" y0="880" y1="940">(64769,1799,1542)</Cell>
<Cell dontCare="false" endCol="6" endRow="6" startCol="6" startRow="6" x0="860" x1="916" y0="880" y1="940">(64769,1799,1799)</Cell>
<Cell dontCare="false" endCol="7" endRow="6" startCol="7" startRow="6" x0="916" x1="1350" y0="880" y1="940">(64769,1799,2056)</Cell>
<Cell dontCare="false" endCol="0" endRow="7" startCol="0" startRow="7" x0="133" x1="193" y0="940" y1="1002">(64769,2056,257)</Cell>
<Cell dontCare="false" endCol="1" endRow="7" startCol="1" startRow="7" x0="193" x1="243" y0="940" y1="1002">(64769,2056,514)</Cell>
<Cell dontCare="false" endCol="2" endRow="7" startCol="2" startRow="7" x0="243" x1="290" y0="940" y1="1002">(64769,2056,771)</Cell>
<Cell dontCare="false" endCol="3" endRow="7" startCol="3" startRow="7" x0="290" x1="730" y0="940" y1="1002">(64769,2056,1028)</Cell>
<Cell dontCare="false" endCol="4" endRow="7" startCol="4" startRow="7" x0="730" x1="806" y0="940" y1="1002">(64769,2056,1285)</Cell>
<Cell dontCare="false" endCol="5" endRow="7" startCol="5" startRow="7" x0="806" x1="860" y0="940" y1="1002">(64769,2056,1542)</Cell>
<Cell dontCare="false" endCol="6" endRow="7" startCol="6" startRow="7" x0="860" x1="916" y0="940" y1="1002">(64769,2056,1799)</Cell>
<Cell dontCare="false" endCol="7" endRow="7" startCol="7" startRow="7" x0="916" x1="1350" y0="940" y1="1002">(64769,2056,2056)</Cell>
<Cell dontCare="false" endCol="0" endRow="8" startCol="0" startRow="8" x0="133" x1="193" y0="1002" y1="1064">(64769,2313,257)</Cell>
<Cell dontCare="false" endCol="1" endRow="8" startCol="1" startRow="8" x0="193" x1="243" y0="1002" y1="1064">(64769,2313,514)</Cell>
<Cell dontCare="false" endCol="2" endRow="8" startCol="2" startRow="8" x0="243" x1="290" y0="1002" y1="1064">(64769,2313,771)</Cell>
<Cell dontCare="false" endCol="3" endRow="8" startCol="3" startRow="8" x0="290" x1="730" y0="1002" y1="1064">(64769,2313,1028)</Cell>
<Cell dontCare="false" endCol="4" endRow="8" startCol="4" startRow="8" x0="730" x1="806" y0="1002" y1="1064">(64769,2313,1285)</Cell>
<Cell dontCare="false" endCol="5" endRow="8" startCol="5" startRow="8" x0="806" x1="860" y0="1002" y1="1064">(64769,2313,1542)</Cell>
<Cell dontCare="false" endCol="6" endRow="8" startCol="6" startRow="8" x0="860" x1="916" y0="1002" y1="1064">(64769,2313,1799)</Cell>
<Cell dontCare="false" endCol="7" endRow="8" startCol="7" startRow="8" x0="916" x1="1350" y0="1002" y1="1064">(64769,2313,2056)</Cell>
<Cell dontCare="false" endCol="0" endRow="9" startCol="0" startRow="9" x0="133" x1="193" y0="1064" y1="1130">(64769,2570,257)</Cell>
<Cell dontCare="false" endCol="1" endRow="9" startCol="1" startRow="9" x0="193" x1="243" y0="1064" y1="1130">(64769,2570,514)</Cell>
<Cell dontCare="false" endCol="2" endRow="9" startCol="2" startRow="9" x0="243" x1="290" y0="1064" y1="1130">(64769,2570,771)</Cell>
<Cell dontCare="false" endCol="3" endRow="9" startCol="3" startRow="9" x0="290" x1="730" y0="1064" y1="1130">(64769,2570,1028)</Cell>
<Cell dontCare="false" endCol="4" endRow="9" startCol="4" startRow="9" x0="730" x1="806" y0="1064" y1="1130">(64769,2570,1285)</Cell>
<Cell dontCare="false" endCol="5" endRow="9" startCol="5" startRow="9" x0="806" x1="860" y0="1064" y1="1130">(64769,2570,1542)</Cell>
<Cell dontCare="false" endCol="6" endRow="9" startCol="6" startRow="9" x0="860" x1="916" y0="1064" y1="1130">(64769,2570,1799)</Cell>
<Cell dontCare="false" endCol="7" endRow="9" startCol="7" startRow="9" x0="916" x1="1350" y0="1064" y1="1130">(64769,2570,2056)</Cell>
<Cell dontCare="false" endCol="0" endRow="10" startCol="0" startRow="10" x0="133" x1="193" y0="1130" y1="1190">(64769,2827,257)</Cell>
<Cell dontCare="false" endCol="1" endRow="10" startCol="1" startRow="10" x0="193" x1="243" y0="1130" y1="1190">(64769,2827,514)</Cell>
<Cell dontCare="false" endCol="2" endRow="10" startCol="2" startRow="10" x0="243" x1="290" y0="1130" y1="1190">(64769,2827,771)</Cell>
<Cell dontCare="false" endCol="3" endRow="10" startCol="3" startRow="10" x0="290" x1="730" y0="1130" y1="1190">(64769,2827,1028)</Cell>
<Cell dontCare="false" endCol="4" endRow="10" startCol="4" startRow="10" x0="730" x1="806" y0="1130" y1="1190">(64769,2827,1285)</Cell>
<Cell dontCare="false" endCol="5" endRow="10" startCol="5" startRow="10" x0="806" x1="860" y0="1130" y1="1190">(64769,2827,1542)</Cell>
<Cell dontCare="false" endCol="6" endRow="10" startCol="6" startRow="10" x0="860" x1="916" y0="1130" y1="1190">(64769,2827,1799)</Cell>
<Cell dontCare="false" endCol="7" endRow="10" startCol="7" startRow="10" x0="916" x1="1350" y0="1130" y1="1190">(64769,2827,2056)</Cell>
<Cell dontCare="false" endCol="0" endRow="11" startCol="0" startRow="11" x0="133" x1="193" y0="1190" y1="1252">(64769,3084,257)</Cell>
<Cell dontCare="false" endCol="1" endRow="11" startCol="1" startRow="11" x0="193" x1="243" y0="1190" y1="1252">(64769,3084,514)</Cell>
<Cell dontCare="false" endCol="2" endRow="11" startCol="2" startRow="11" x0="243" x1="290" y0="1190" y1="1252">(64769,3084,771)</Cell>
<Cell dontCare="false" endCol="3" endRow="11" startCol="3" startRow="11" x0="290" x1="730" y0="1190" y1="1252">(64769,3084,1028)</Cell>
<Cell dontCare="false" endCol="4" endRow="11" startCol="4" startRow="11" x0="730" x1="806" y0="1190" y1="1252">(64769,3084,1285)</Cell>
<Cell dontCare="false" endCol="5" endRow="11" startCol="5" startRow="11" x0="806" x1="860" y0="1190" y1="1252">(64769,3084,1542)</Cell>
<Cell dontCare="false" endCol="6" endRow="11" startCol="6" startRow="11" x0="860" x1="916" y0="1190" y1="1252">(64769,3084,1799)</Cell>
<Cell dontCare="false" endCol="7" endRow="11" startCol="7" startRow="11" x0="916" x1="1350" y0="1190" y1="1252">(64769,3084,2056)</Cell>
<Cell dontCare="false" endCol="0" endRow="12" startCol="0" startRow="12" x0="133" x1="193" y0="1252" y1="1316">(64769,3341,257)</Cell>
<Cell dontCare="false" endCol="1" endRow="12" startCol="1" startRow="12" x0="193" x1="243" y0="1252" y1="1316">(64769,3341,514)</Cell>
<Cell dontCare="false" endCol="2" endRow="12" startCol="2" startRow="12" x0="243" x1="290" y0="1252" y1="1316">(64769,3341,771)</Cell>
<Cell dontCare="false" endCol="3" endRow="12" startCol="3" startRow="12" x0="290" x1="730" y0="1252" y1="1316">(64769,3341,1028)</Cell>
<Cell dontCare="false" endCol="4" endRow="12" startCol="4" startRow="12" x0="730" x1="806" y0="1252" y1="1316">(64769,3341,1285)</Cell>
<Cell dontCare="false" endCol="5" endRow="12" startCol="5" startRow="12" x0="806" x1="860" y0="1252" y1="1316">(64769,3341,1542)</Cell>
<Cell dontCare="false" endCol="6" endRow="12" startCol="6" startRow="12" x0="860" x1="916" y0="1252" y1="1316">(64769,3341,1799)</Cell>
<Cell dontCare="false" endCol="7" endRow="12" startCol="7" startRow="12" x0="916" x1="1350" y0="1252" y1="1316">(64769,3341,2056)</Cell>
<Cell dontCare="false" endCol="0" endRow="13" startCol="0" startRow="13" x0="133" x1="193" y0="1316" y1="1380">(64769,3598,257)</Cell>
<Cell dontCare="false" endCol="1" endRow="13" startCol="1" startRow="13" x0="193" x1="243" y0="1316" y1="1380">(64769,3598,514)</Cell>
<Cell dontCare="false" endCol="2" endRow="13" startCol="2" startRow="13" x0="243" x1="290" y0="1316" y1="1380">(64769,3598,771)</Cell>
<Cell dontCare="false" endCol="3" endRow="13" startCol="3" startRow="13" x0="290" x1="730" y0="1316" y1="1380">(64769,3598,1028)</Cell>
<Cell dontCare="false" endCol="4" endRow="13" startCol="4" startRow="13" x0="730" x1="806" y0="1316" y1="1380">(64769,3598,1285)</Cell>
<Cell dontCare="false" endCol="5" endRow="13" startCol="5" startRow="13" x0="806" x1="860" y0="1316" y1="1380">(64769,3598,1542)</Cell>
<Cell dontCare="false" endCol="6" endRow="13" startCol="6" startRow="13" x0="860" x1="916" y0="1316" y1="1380">(64769,3598,1799)</Cell>
<Cell dontCare="false" endCol="7" endRow="13" startCol="7" startRow="13" x0="916" x1="1350" y0="1316" y1="1380">(64769,3598,2056)</Cell>
<Cell dontCare="false" endCol="0" endRow="14" startCol="0" startRow="14" x0="133" x1="193" y0="1380" y1="1440">(64769,3855,257)</Cell>
<Cell dontCare="false" endCol="1" endRow="14" startCol="1" startRow="14" x0="193" x1="243" y0="1380" y1="1440">(64769,3855,514)</Cell>
<Cell dontCare="false" endCol="2" endRow="14" startCol="2" startRow="14" x0="243" x1="290" y0="1380" y1="1440">(64769,3855,771)</Cell>
<Cell dontCare="false" endCol="3" endRow="14" startCol="3" startRow="14" x0="290" x1="730" y0="1380" y1="1440">(64769,3855,1028)</Cell>
<Cell dontCare="false" endCol="4" endRow="14" startCol="4" startRow="14" x0="730" x1="806" y0="1380" y1="1440">(64769,3855,1285)</Cell>
<Cell dontCare="false" endCol="5" endRow="14" startCol="5" startRow="14" x0="806" x1="860" y0="1380" y1="1440">(64769,3855,1542)</Cell>
<Cell dontCare="false" endCol="6" endRow="14" startCol="6" startRow="14" x0="860" x1="916" y0="1380" y1="1440">(64769,3855,1799)</Cell>
<Cell dontCare="false" endCol="7" endRow="14" startCol="7" startRow="14" x0="916" x1="1350" y0="1380" y1="1440">(64769,3855,2056)</Cell>
<Cell dontCare="false" endCol="0" endRow="15" startCol="0" startRow="15" x0="133" x1="193" y0="1440" y1="1502">(64769,4112,257)</Cell>
<Cell dontCare="false" endCol="1" endRow="15" startCol="1" startRow="15" x0="193" x1="243" y0="1440" y1="1502">(64769,4112,514)</Cell>
<Cell dontCare="false" endCol="2" endRow="15" startCol="2" startRow="15" x0="243" x1="290" y0="1440" y1="1502">(64769,4112,771)</Cell>
<Cell dontCare="false" endCol="3" endRow="15" startCol="3" startRow="15" x0="290" x1="730" y0="1440" y1="1502">(64769,4112,1028)</Cell>
<Cell dontCare="false" endCol="4" endRow="15" startCol="4" startRow="15" x0="730" x1="806" y0="1440" y1="1502">(64769,4112,1285)</Cell>
<Cell dontCare="false" endCol="5" endRow="15" startCol="5" startRow="15" x0="806" x1="860" y0="1440" y1="1502">(64769,4112,1542)</Cell>
<Cell dontCare="false" endCol="6" endRow="15" startCol="6" startRow="15" x0="860" x1="916" y0="1440" y1="1502">(64769,4112,1799)</Cell>
<Cell dontCare="false" endCol="7" endRow="15" startCol="7" startRow="15" x0="916" x1="1350" y0="1440" y1="1502">(64769,4112,2056)</Cell>
<Cell dontCare="false" endCol="0" endRow="16" startCol="0" startRow="16" x0="133" x1="193" y0="1502" y1="1562">(64769,4369,257)</Cell>
<Cell dontCare="false" endCol="1" endRow="16" startCol="1" startRow="16" x0="193" x1="243" y0="1502" y1="1562">(64769,4369,514)</Cell>
<Cell dontCare="false" endCol="2" endRow="16" startCol="2" startRow="16" x0="243" x1="290" y0="1502" y1="1562">(64769,4369,771)</Cell>
<Cell dontCare="false" endCol="3" endRow="16" startCol="3" startRow="16" x0="290" x1="730" y0="1502" y1="1562">(64769,4369,1028)</Cell>
<Cell dontCare="false" endCol="4" endRow="16" startCol="4" startRow="16" x0="730" x1="806" y0="1502" y1="1562">(64769,4369,1285)</Cell>
<Cell dontCare="false" endCol="5" endRow="16" startCol="5" startRow="16" x0="806" x1="860" y0="1502" y1="1562">(64769,4369,1542)</Cell>
<Cell dontCare="false" endCol="6" endRow="16" startCol="6" startRow="16" x0="860" x1="916" y0="1502" y1="1562">(64769,4369,1799)</Cell>
<Cell dontCare="false" endCol="7" endRow="16" startCol="7" startRow="16" x0="916" x1="1350" y0="1502" y1="1562">(64769,4369,2056)</Cell>
<Cell dontCare="false" endCol="0" endRow="17" startCol="0" startRow="17" x0="133" x1="193" y0="1562" y1="1628">(64769,4626,257)</Cell>
<Cell dontCare="false" endCol="1" endRow="17" startCol="1" startRow="17" x0="193" x1="243" y0="1562" y1="1628">(64769,4626,514)</Cell>
<Cell dontCare="false" endCol="2" endRow="17" startCol="2" startRow="17" x0="243" x1="290" y0="1562" y1="1628">(64769,4626,771)</Cell>
<Cell dontCare="false" endCol="3" endRow="17" startCol="3" startRow="17" x0="290" x1="730" y0="1562" y1="1628">(64769,4626,1028)</Cell>
<Cell dontCare="false" endCol="4" endRow="17" startCol="4" startRow="17" x0="730" x1="806" y0="1562" y1="1628">(64769,4626,1285)</Cell>
<Cell dontCare="false" endCol="5" endRow="17" startCol="5" startRow="17" x0="806" x1="860" y0="1562" y1="1628">(64769,4626,1542)</Cell>
<Cell dontCare="false" endCol="6" endRow="17" startCol="6" startRow="17" x0="860" x1="916" y0="1562" y1="1628">(64769,4626,1799)</Cell>
<Cell dontCare="false" endCol="7" endRow="17" startCol="7" startRow="17" x0="916" x1="1350" y0="1562" y1="1628">(64769,4626,2056)</Cell>
<Cell dontCare="false" endCol="0" endRow="18" startCol="0" startRow="18" x0="133" x1="193" y0="1628" y1="1692">(64769,4883,257)</Cell>
<Cell dontCare="false" endCol="1" endRow="18" startCol="1" startRow="18" x0="193" x1="243" y0="1628" y1="1692">(64769,4883,514)</Cell>
<Cell dontCare="false" endCol="2" endRow="18" startCol="2" startRow="18" x0="243" x1="290" y0="1628" y1="1692">(64769,4883,771)</Cell>
<Cell dontCare="false" endCol="3" endRow="18" startCol="3" startRow="18" x0="290" x1="730" y0="1628" y1="1692">(64769,4883,1028)</Cell>
<Cell dontCare="false" endCol="4" endRow="18" startCol="4" startRow="18" x0="730" x1="806" y0="1628" y1="1692">(64769,4883,1285)</Cell>
<Cell dontCare="false" endCol="5" endRow="18" startCol="5" startRow="18" x0="806" x1="860" y0="1628" y1="1692">(64769,4883,1542)</Cell>
<Cell dontCare="false" endCol="6" endRow="18" startCol="6" startRow="18" x0="860" x1="916" y0="1628" y1="1692">(64769,4883,1799)</Cell>
<Cell dontCare="false" endCol="7" endRow="18" startCol="7" startRow="18" x0="916" x1="1350" y0="1628" y1="1692">(64769,4883,2056)</Cell>
<Cell dontCare="false" endCol="0" endRow="19" startCol="0" startRow="19" x0="133" x1="193" y0="1692" y1="1752">(64769,5140,257)</Cell>
<Cell dontCare="false" endCol="1" endRow="19" startCol="1" startRow="19" x0="193" x1="243" y0="1692" y1="1752">(64769,5140,514)</Cell>
<Cell dontCare="false" endCol="2" endRow="19" startCol="2" startRow="19" x0="243" x1="290" y0="1692" y1="1752">(64769,5140,771)</Cell>
<Cell dontCare="false" endCol="3" endRow="19" startCol="3" startRow="19" x0="290" x1="730" y0="1692" y1="1752">(64769,5140,1028)</Cell>
<Cell dontCare="false" endCol="4" endRow="19" startCol="4" startRow="19" x0="730" x1="806" y0="1692" y1="1752">(64769,5140,1285)</Cell>
<Cell dontCare="false" endCol="5" endRow="19" startCol="5" startRow="19" x0="806" x1="860" y0="1692" y1="1752">(64769,5140,1542)</Cell>
<Cell dontCare="false" endCol="6" endRow="19" startCol="6" startRow="19" x0="860" x1="916" y0="1692" y1="1752">(64769,5140,1799)</Cell>
<Cell dontCare="false" endCol="7" endRow="19" startCol="7" startRow="19" x0="916" x1="1350" y0="1692" y1="1752">(64769,5140,2056)</Cell>
<Cell dontCare="false" endCol="0" endRow="20" startCol="0" startRow="20" x0="133" x1="193" y0="1752" y1="1816">(64769,5397,257)</Cell>
<Cell dontCare="false" endCol="1" endRow="20" startCol="1" startRow="20" x0="193" x1="243" y0="1752" y1="1816">(64769,5397,514)</Cell>
<Cell dontCare="false" endCol="2" endRow="20" startCol="2" startRow="20" x0="243" x1="290" y0="1752" y1="1816">(64769,5397,771)</Cell>
<Cell dontCare="false" endCol="3" endRow="20" startCol="3" startRow="20" x0="290" x1="730" y0="1752" y1="1816">(64769,5397,1028)</Cell>
<Cell dontCare="false" endCol="4" endRow="20" startCol="4" startRow="20" x0="730" x1="806" y0="1752" y1="1816">(64769,5397,1285)</Cell>
<Cell dontCare="false" endCol="5" endRow="20" startCol="5" startRow="20" x0="806" x1="860" y0="1752" y1="1816">(64769,5397,1542)</Cell>
<Cell dontCare="false" endCol="6" endRow="20" startCol="6" startRow="20" x0="860" x1="916" y0="1752" y1="1816">(64769,5397,1799)</Cell>
<Cell dontCare="false" endCol="7" endRow="20" startCol="7" startRow="20" x0="916" x1="1350" y0="1752" y1="1816">(64769,5397,2056)</Cell>
<Cell dontCare="false" endCol="0" endRow="21" startCol="0" startRow="21" x0="133" x1="193" y0="1816" y1="1878">(64769,5654,257)</Cell>
<Cell dontCare="false" endCol="1" endRow="21" startCol="1" startRow="21" x0="193" x1="243" y0="1816" y1="1878">(64769,5654,514)</Cell>
<Cell dontCare="false" endCol="2" endRow="21" startCol="2" startRow="21" x0="243" x1="290" y0="1816" y1="1878">(64769,5654,771)</Cell>
<Cell dontCare="false" endCol="3" endRow="21" startCol="3" startRow="21" x0="290" x1="730" y0="1816" y1="1878">(64769,5654,1028)</Cell>
<Cell dontCare="false" endCol="4" endRow="21" startCol="4" startRow="21" x0="730" x1="806" y0="1816" y1="1878">(64769,5654,1285)</Cell>
<Cell dontCare="false" endCol="5" endRow="21" startCol="5" startRow="21" x0="806" x1="860" y0="1816" y1="1878">(64769,5654,1542)</Cell>
<Cell dontCare="false" endCol="6" endRow="21" startCol="6" startRow="21" x0="860" x1="916" y0="1816" y1="1878">(64769,5654,1799)</Cell>
<Cell dontCare="false" endCol="7" endRow="21" startCol="7" startRow="21" x0="916" x1="1350" y0="1816" y1="1878">(64769,5654,2056)</Cell>
<Cell dontCare="false" endCol="0" endRow="22" startCol="0" startRow="22" x0="133" x1="193" y0="1878" y1="1940">(64769,5911,257)</Cell>
<Cell dontCare="false" endCol="1" endRow="22" startCol="1" startRow="22" x0="193" x1="243" y0="1878" y1="1940">(64769,5911,514)</Cell>
<Cell dontCare="false" endCol="2" endRow="22" startCol="2" startRow="22" x0="243" x1="290" y0="1878" y1="1940">(64769,5911,771)</Cell>
<Cell dontCare="false" endCol="3" endRow="22" startCol="3" startRow="22" x0="290" x1="730" y0="1878" y1="1940">(64769,5911,1028)</Cell>
<Cell dontCare="false" endCol="4" endRow="22" startCol="4" startRow="22" x0="730" x1="806" y0="1878" y1="1940">(64769,5911,1285)</Cell>
<Cell dontCare="false" endCol="5" endRow="22" startCol="5" startRow="22" x0="806" x1="860" y0="1878" y1="1940">(64769,5911,1542)</Cell>
<Cell dontCare="false" endCol="6" endRow="22" startCol="6" startRow="22" x0="860" x1="916" y0="1878" y1="1940">(64769,5911,1799)</Cell>
<Cell dontCare="false" endCol="7" endRow="22" startCol="7" startRow="22" x0="916" x1="1350" y0="1878" y1="1940">(64769,5911,2056)</Cell>
<Cell dontCare="false" endCol="0" endRow="23" startCol="0" startRow="23" x0="133" x1="193" y0="1940" y1="2004">(64769,6168,257)</Cell>
<Cell dontCare="false" endCol="1" endRow="23" startCol="1" startRow="23" x0="193" x1="243" y0="1940" y1="2004">(64769,6168,514)</Cell>
<Cell dontCare="false" endCol="2" endRow="23" startCol="2" startRow="23" x0="243" x1="290" y0="1940" y1="2004">(64769,6168,771)</Cell>
<Cell dontCare="false" endCol="3" endRow="23" startCol="3" startRow="23" x0="290" x1="730" y0="1940" y1="2004">(64769,6168,1028)</Cell>
<Cell dontCare="false" endCol="4" endRow="23" startCol="4" startRow="23" x0="730" x1="806" y0="1940" y1="2004">(64769,6168,1285)</Cell>
<Cell dontCare="false" endCol="5" endRow="23" startCol="5" startRow="23" x0="806" x1="860" y0="1940" y1="2004">(64769,6168,1542)</Cell>
<Cell dontCare="false" endCol="6" endRow="23" startCol="6" startRow="23" x0="860" x1="916" y0="1940" y1="2004">(64769,6168,1799)</Cell>
<Cell dontCare="false" endCol="7" endRow="23" startCol="7" startRow="23" x0="916" x1="1350" y0="1940" y1="2004">(64769,6168,2056)</Cell>
<Cell dontCare="false" endCol="0" endRow="24" startCol="0" startRow="24" x0="133" x1="193" y0="2004" y1="2066">(64769,6425,257)</Cell>
<Cell dontCare="false" endCol="1" endRow="24" startCol="1" startRow="24" x0="193" x1="243" y0="2004" y1="2066">(64769,6425,514)</Cell>
<Cell dontCare="false" endCol="2" endRow="24" startCol="2" startRow="24" x0="243" x1="290" y0="2004" y1="2066">(64769,6425,771)</Cell>
<Cell dontCare="false" endCol="3" endRow="24" startCol="3" startRow="24" x0="290" x1="730" y0="2004" y1="2066">(64769,6425,1028)</Cell>
<Cell dontCare="false" endCol="4" endRow="24" startCol="4" startRow="24" x0="730" x1="806" y0="2004" y1="2066">(64769,6425,1285)</Cell>
<Cell dontCare="false" endCol="5" endRow="24" startCol="5" startRow="24" x0="806" x1="860" y0="2004" y1="2066">(64769,6425,1542)</Cell>
<Cell dontCare="false" endCol="6" endRow="24" startCol="6" startRow="24" x0="860" x1="916" y0="2004" y1="2066">(64769,6425,1799)</Cell>
<Cell dontCare="false" endCol="7" endRow="24" startCol="7" startRow="24" x0="916" x1="1350" y0="2004" y1="2066">(64769,6425,2056)</Cell>
<Cell dontCare="false" endCol="0" endRow="25" startCol="0" startRow="25" x0="133" x1="193" y0="2066" y1="2128">(64769,6682,257)</Cell>
<Cell dontCare="false" endCol="1" endRow="25" startCol="1" startRow="25" x0="193" x1="243" y0="2066" y1="2128">(64769,6682,514)</Cell>
<Cell dontCare="false" endCol="2" endRow="25" startCol="2" startRow="25" x0="243" x1="290" y0="2066" y1="2128">(64769,6682,771)</Cell>
<Cell dontCare="false" endCol="3" endRow="25" startCol="3" startRow="25" x0="290" x1="730" y0="2066" y1="2128">(64769,6682,1028)</Cell>
<Cell dontCare="false" endCol="4" endRow="25" startCol="4" startRow="25" x0="730" x1="806" y0="2066" y1="2128">(64769,6682,1285)</Cell>
<Cell dontCare="false" endCol="5" endRow="25" startCol="5" startRow="25" x0="806" x1="860" y0="2066" y1="2128">(64769,6682,1542)</Cell>
<Cell dontCare="false" endCol="6" endRow="25" startCol="6" startRow="25" x0="860" x1="916" y0="2066" y1="2128">(64769,6682,1799)</Cell>
<Cell dontCare="false" endCol="7" endRow="25" startCol="7" startRow="25" x0="916" x1="1350" y0="2066" y1="2128">(64769,6682,2056)</Cell>
<Cell dontCare="false" endCol="0" endRow="26" startCol="0" startRow="26" x0="133" x1="193" y0="2128" y1="2190">(64769,6939,257)</Cell>
<Cell dontCare="false" endCol="1" endRow="26" startCol="1" startRow="26" x0="193" x1="243" y0="2128" y1="2190">(64769,6939,514)</Cell>
<Cell dontCare="false" endCol="2" endRow="26" startCol="2" startRow="26" x0="243" x1="290" y0="2128" y1="2190">(64769,6939,771)</Cell>
<Cell dontCare="false" endCol="3" endRow="26" startCol="3" startRow="26" x0="290" x1="730" y0="2128" y1="2190">(64769,6939,1028)</Cell>
<Cell dontCare="false" endCol="4" endRow="26" startCol="4" startRow="26" x0="730" x1="806" y0="2128" y1="2190">(64769,6939,1285)</Cell>
<Cell dontCare="false" endCol="5" endRow="26" startCol="5" startRow="26" x0="806" x1="860" y0="2128" y1="2190">(64769,6939,1542)</Cell>
<Cell dontCare="false" endCol="6" endRow="26" startCol="6" startRow="26" x0="860" x1="916" y0="2128" y1="2190">(64769,6939,1799)</Cell>
<Cell dontCare="false" endCol="7" endRow="26" startCol="7" startRow="26" x0="916" x1="1350" y0="2128" y1="2190">(64769,6939,2056)</Cell>
<Cell dontCare="false" endCol="0" endRow="27" startCol="0" startRow="27" x0="133" x1="193" y0="2190" y1="2250">(64769,7196,257)</Cell>
<Cell dontCare="false" endCol="1" endRow="27" startCol="1" startRow="27" x0="193" x1="243" y0="2190" y1="2250">(64769,7196,514)</Cell>
<Cell dontCare="false" endCol="2" endRow="27" startCol="2" startRow="27" x0="243" x1="290" y0="2190" y1="2250">(64769,7196,771)</Cell>
<Cell dontCare="false" endCol="3" endRow="27" startCol="3" startRow="27" x0="290" x1="730" y0="2190" y1="2250">(64769,7196,1028)</Cell>
<Cell dontCare="false" endCol="4" endRow="27" startCol="4" startRow="27" x0="730" x1="806" y0="2190" y1="2250">(64769,7196,1285)</Cell>
<Cell dontCare="false" endCol="5" endRow="27" startCol="5" startRow="27" x0="806" x1="860" y0="2190" y1="2250">(64769,7196,1542)</Cell>
<Cell dontCare="false" endCol="6" endRow="27" startCol="6" startRow="27" x0="860" x1="916" y0="2190" y1="2250">(64769,7196,1799)</Cell>
<Cell dontCare="false" endCol="7" endRow="27" startCol="7" startRow="27" x0="916" x1="1350" y0="2190" y1="2250">(64769,7196,2056)</Cell>
<Cell dontCare="false" endCol="0" endRow="28" startCol="0" startRow="28" x0="133" x1="193" y0="2250" y1="2314">(64769,7453,257)</Cell>
<Cell dontCare="false" endCol="1" endRow="28" startCol="1" startRow="28" x0="193" x1="243" y0="2250" y1="2314">(64769,7453,514)</Cell>
<Cell dontCare="false" endCol="2" endRow="28" startCol="2" startRow="28" x0="243" x1="290" y0="2250" y1="2314">(64769,7453,771)</Cell>
<Cell dontCare="false" endCol="3" endRow="28" startCol="3" startRow="28" x0="290" x1="730" y0="2250" y1="2314">(64769,7453,1028)</Cell>
<Cell dontCare="false" endCol="4" endRow="28" startCol="4" startRow="28" x0="730" x1="806" y0="2250" y1="2314">(64769,7453,1285)</Cell>
<Cell dontCare="false" endCol="5" endRow="28" startCol="5" startRow="28" x0="806" x1="860" y0="2250" y1="2314">(64769,7453,1542)</Cell>
<Cell dontCare="false" endCol="6" endRow="28" startCol="6" startRow="28" x0="860" x1="916" y0="2250" y1="2314">(64769,7453,1799)</Cell>
<Cell dontCare="false" endCol="7" endRow="28" startCol="7" startRow="28" x0="916" x1="1350" y0="2250" y1="2314">(64769,7453,2056)</Cell>
<Cell dontCare="false" endCol="0" endRow="29" startCol="0" startRow="29" x0="133" x1="193" y0="2314" y1="2378">(64769,7710,257)</Cell>
<Cell dontCare="false" endCol="1" endRow="29" startCol="1" startRow="29" x0="193" x1="243" y0="2314" y1="2378">(64769,7710,514)</Cell>
<Cell dontCare="false" endCol="2" endRow="29" startCol="2" startRow="29" x0="243" x1="290" y0="2314" y1="2378">(64769,7710,771)</Cell>
<Cell dontCare="false" endCol="3" endRow="29" startCol="3" startRow="29" x0="290" x1="730" y0="2314" y1="2378">(64769,7710,1028)</Cell>
<Cell dontCare="false" endCol="4" endRow="29" startCol="4" startRow="29" x0="730" x1="806" y0="2314" y1="2378">(64769,7710,1285)</Cell>
<Cell dontCare="false" endCol="5" endRow="29" startCol="5" startRow="29" x0="806" x1="860" y0="2314" y1="2378">(64769,7710,1542)</Cell>
<Cell dontCare="false" endCol="6" endRow="29" startCol="6" startRow="29" x0="860" x1="916" y0="2314" y1="2378">(64769,7710,1799)</Cell>
<Cell dontCare="false" endCol="7" endRow="29" startCol="7" startRow="29" x0="916" x1="1350" y0="2314" y1="2378">(64769,7710,2056)</Cell>
<Cell dontCare="false" endCol="0" endRow="30" startCol="0" startRow="30" x0="133" x1="193" y0="2378" y1="2440">(64769,7967,257)</Cell>
<Cell dontCare="false" endCol="1" endRow="30" startCol="1" startRow="30" x0="193" x1="243" y0="2378" y1="2440">(64769,7967,514)</Cell>
<Cell dontCare="false" endCol="2" endRow="30" startCol="2" startRow="30" x0="243" x1="290" y0="2378" y1="2440">(64769,7967,771)</Cell>
<Cell dontCare="false" endCol="3" endRow="30" startCol="3" startRow="30" x0="290" x1="730" y0="2378" y1="2440">(64769,7967,1028)</Cell>
<Cell dontCare="false" endCol="4" endRow="30" startCol="4" startRow="30" x0="730" x1="806" y0="2378" y1="2440">(64769,7967,1285)</Cell>
<Cell dontCare="false" endCol="5" endRow="30" startCol="5" startRow="30" x0="806" x1="860" y0="2378" y1="2440">(64769,7967,1542)</Cell>
<Cell dontCare="false" endCol="6" endRow="30" startCol="6" startRow="30" x0="860" x1="916" y0="2378" y1="2440">(64769,7967,1799)</Cell>
<Cell dontCare="false" endCol="7" endRow="30" startCol="7" startRow="30" x0="916" x1="1350" y0="2378" y1="2440">(64769,7967,2056)</Cell>
<Cell dontCare="false" endCol="0" endRow="31" startCol="0" startRow="31" x0="133" x1="193" y0="2440" y1="2504">(64769,8224,257)</Cell>
<Cell dontCare="false" endCol="1" endRow="31" startCol="1" startRow="31" x0="193" x1="243" y0="2440" y1="2504">(64769,8224,514)</Cell>
<Cell dontCare="false" endCol="2" endRow="31" startCol="2" startRow="31" x0="243" x1="290" y0="2440" y1="2504">(64769,8224,771)</Cell>
<Cell dontCare="false" endCol="3" endRow="31" startCol="3" startRow="31" x0="290" x1="730" y0="2440" y1="2504">(64769,8224,1028)</Cell>
<Cell dontCare="false" endCol="4" endRow="31" startCol="4" startRow="31" x0="730" x1="806" y0="2440" y1="2504">(64769,8224,1285)</Cell>
<Cell dontCare="false" endCol="5" endRow="31" startCol="5" startRow="31" x0="806" x1="860" y0="2440" y1="2504">(64769,8224,1542)</Cell>
<Cell dontCare="false" endCol="6" endRow="31" startCol="6" startRow="31" x0="860" x1="916" y0="2440" y1="2504">(64769,8224,1799)</Cell>
<Cell dontCare="false" endCol="7" endRow="31" startCol="7" startRow="31" x0="916" x1="1350" y0="2440" y1="2504">(64769,8224,2056)</Cell>
<Cell dontCare="false" endCol="0" endRow="32" startCol="0" startRow="32" x0="133" x1="193" y0="2504" y1="2564">(64769,8481,257)</Cell>
<Cell dontCare="false" endCol="1" endRow="32" startCol="1" startRow="32" x0="193" x1="243" y0="2504" y1="2564">(64769,8481,514)</Cell>
<Cell dontCare="false" endCol="2" endRow="32" startCol="2" startRow="32" x0="243" x1="290" y0="2504" y1="2564">(64769,8481,771)</Cell>
<Cell dontCare="false" endCol="3" endRow="32" startCol="3" startRow="32" x0="290" x1="730" y0="2504" y1="2564">(64769,8481,1028)</Cell>
<Cell dontCare="false" endCol="4" endRow="32" startCol="4" startRow="32" x0="730" x1="806" y0="2504" y1="2564">(64769,8481,1285)</Cell>
<Cell dontCare="false" endCol="5" endRow="32" startCol="5" startRow="32" x0="806" x1="860" y0="2504" y1="2564">(64769,8481,1542)</Cell>
<Cell dontCare="false" endCol="6" endRow="32" startCol="6" startRow="32" x0="860" x1="916" y0="2504" y1="2564">(64769,8481,1799)</Cell>
<Cell dontCare="false" endCol="7" endRow="32" startCol="7" startRow="32" x0="916" x1="1350" y0="2504" y1="2564">(64769,8481,2056)</Cell>
<Cell dontCare="false" endCol="0" endRow="33" startCol="0" startRow="33" x0="133" x1="193" y0="2564" y1="2628">(64769,8738,257)</Cell>
<Cell dontCare="false" endCol="1" endRow="33" startCol="1" startRow="33" x0="193" x1="243" y0="2564" y1="2628">(64769,8738,514)</Cell>
<Cell dontCare="false" endCol="2" endRow="33" startCol="2" startRow="33" x0="243" x1="290" y0="2564" y1="2628">(64769,8738,771)</Cell>
<Cell dontCare="false" endCol="3" endRow="33" startCol="3" startRow="33" x0="290" x1="730" y0="2564" y1="2628">(64769,8738,1028)</Cell>
<Cell dontCare="false" endCol="4" endRow="33" startCol="4" startRow="33" x0="730" x1="806" y0="2564" y1="2628">(64769,8738,1285)</Cell>
<Cell dontCare="false" endCol="5" endRow="33" startCol="5" startRow="33" x0="806" x1="860" y0="2564" y1="2628">(64769,8738,1542)</Cell>
<Cell dontCare="false" endCol="6" endRow="33" startCol="6" startRow="33" x0="860" x1="916" y0="2564" y1="2628">(64769,8738,1799)</Cell>
<Cell dontCare="false" endCol="7" endRow="33" startCol="7" startRow="33" x0="916" x1="1350" y0="2564" y1="2628">(64769,8738,2056)</Cell>
<Cell dontCare="false" endCol="0" endRow="34" startCol="0" startRow="34" x0="133" x1="193" y0="2628" y1="2690">(64769,8995,257)</Cell>
<Cell dontCare="false" endCol="1" endRow="34" startCol="1" startRow="34" x0="193" x1="243" y0="2628" y1="2690">(64769,8995,514)</Cell>
<Cell dontCare="false" endCol="2" endRow="34" startCol="2" startRow="34" x0="243" x1="290" y0="2628" y1="2690">(64769,8995,771)</Cell>
<Cell dontCare="false" endCol="3" endRow="34" startCol="3" startRow="34" x0="290" x1="730" y0="2628" y1="2690">(64769,8995,1028)</Cell>
<Cell dontCare="false" endCol="4" endRow="34" startCol="4" startRow="34" x0="730" x1="806" y0="2628" y1="2690">(64769,8995,1285)</Cell>
<Cell dontCare="false" endCol="5" endRow="34" startCol="5" startRow="34" x0="806" x1="860" y0="2628" y1="2690">(64769,8995,1542)</Cell>
<Cell dontCare="false" endCol="6" endRow="34" startCol="6" startRow="34" x0="860" x1="916" y0="2628" y1="2690">(64769,8995,1799)</Cell>
<Cell dontCare="false" endCol="7" endRow="34" startCol="7" startRow="34" x0="916" x1="1350" y0="2628" y1="2690">(64769,8995,2056)</Cell>
<Cell dontCare="false" endCol="0" endRow="35" startCol="0" startRow="35" x0="133" x1="193" y0="2690" y1="2752">(64769,9252,257)</Cell>
<Cell dontCare="false" endCol="1" endRow="35" startCol="1" startRow="35" x0="193" x1="243" y0="2690" y1="2752">(64769,9252,514)</Cell>
<Cell dontCare="false" endCol="2" endRow="35" startCol="2" startRow="35" x0="243" x1="290" y0="2690" y1="2752">(64769,9252,771)</Cell>
<Cell dontCare="false" endCol="3" endRow="35" startCol="3" startRow="35" x0="290" x1="730" y0="2690" y1="2752">(64769,9252,1028)</Cell>
<Cell dontCare="false" endCol="4" endRow="35" startCol="4" startRow="35" x0="730" x1="806" y0="2690" y1="2752">(64769,9252,1285)</Cell>
<Cell dontCare="false" endCol="5" endRow="35" startCol="5" startRow="35" x0="806" x1="860" y0="2690" y1="2752">(64769,9252,1542)</Cell>
<Cell dontCare="false" endCol="6" endRow="35" startCol="6" startRow="35" x0="860" x1="916" y0="2690" y1="2752">(64769,9252,1799)</Cell>
<Cell dontCare="false" endCol="7" endRow="35" startCol="7" startRow="35" x0="916" x1="1350" y0="2690" y1="2752">(64769,9252,2056)</Cell>
<Cell dontCare="false" endCol="0" endRow="36" startCol="0" startRow="36" x0="133" x1="193" y0="2752" y1="2812">(64769,9509,257)</Cell>
<Cell dontCare="false" endCol="1" endRow="36" startCol="1" startRow="36" x0="193" x1="243" y0="2752" y1="2812">(64769,9509,514)</Cell>
<Cell dontCare="false" endCol="2" endRow="36" startCol="2" startRow="36" x0="243" x1="290" y0="2752" y1="2812">(64769,9509,771)</Cell>
<Cell dontCare="false" endCol="3" endRow="36" startCol="3" startRow="36" x0="290" x1="730" y0="2752" y1="2812">(64769,9509,1028)</Cell>
<Cell dontCare="false" endCol="4" endRow="36" startCol="4" startRow="36" x0="730" x1="806" y0="2752" y1="2812">(64769,9509,1285)</Cell>
<Cell dontCare="false" endCol="5" endRow="36" startCol="5" startRow="36" x0="806" x1="860" y0="2752" y1="2812">(64769,9509,1542)</Cell>
<Cell dontCare="false" endCol="6" endRow="36" startCol="6" startRow="36" x0="860" x1="916" y0="2752" y1="2812">(64769,9509,1799)</Cell>
<Cell dontCare="false" endCol="7" endRow="36" startCol="7" startRow="36" x0="916" x1="1350" y0="2752" y1="2812">(64769,9509,2056)</Cell>
<Cell dontCare="false" endCol="0" endRow="37" startCol="0" startRow="37" x0="133" x1="193" y0="2812" y1="2876">(64769,9766,257)</Cell>
<Cell dontCare="false" endCol="1" endRow="37" startCol="1" startRow="37" x0="193" x1="243" y0="2812" y1="2876">(64769,9766,514)</Cell>
<Cell dontCare="false" endCol="2" endRow="37" startCol="2" startRow="37" x0="243" x1="290" y0="2812" y1="2876">(64769,9766,771)</Cell>
<Cell dontCare="false" endCol="3" endRow="37" startCol="3" startRow="37" x0="290" x1="730" y0="2812" y1="2876">(64769,9766,1028)</Cell>
<Cell dontCare="false" endCol="4" endRow="37" startCol="4" startRow="37" x0="730" x1="806" y0="2812" y1="2876">(64769,9766,1285)</Cell>
<Cell dontCare="false" endCol="5" endRow="37" startCol="5" startRow="37" x0="806" x1="860" y0="2812" y1="2876">(64769,9766,1542)</Cell>
<Cell dontCare="false" endCol="6" endRow="37" startCol="6" startRow="37" x0="860" x1="916" y0="2812" y1="2876">(64769,9766,1799)</Cell>
<Cell dontCare="false" endCol="7" endRow="37" startCol="7" startRow="37" x0="916" x1="1350" y0="2812" y1="2876">(64769,9766,2056)</Cell>
<Cell dontCare="false" endCol="0" endRow="38" startCol="0" startRow="38" x0="133" x1="193" y0="2876" y1="2943">(64769,10023,257)</Cell>
<Cell dontCare="false" endCol="1" endRow="38" startCol="1" startRow="38" x0="193" x1="243" y0="2876" y1="2943">(64769,10023,514)</Cell>
<Cell dontCare="false" endCol="2" endRow="38" startCol="2" startRow="38" x0="243" x1="290" y0="2876" y1="2943">(64769,10023,771)</Cell>
<Cell dontCare="false" endCol="3" endRow="38" startCol="3" startRow="38" x0="290" x1="730" y0="2876" y1="2943">(64769,10023,1028)</Cell>
<Cell dontCare="false" endCol="4" endRow="38" startCol="4" startRow="38" x0="730" x1="806" y0="2876" y1="2943">(64769,10023,1285)</Cell>
<Cell dontCare="false" endCol="5" endRow="38" startCol="5" startRow="38" x0="806" x1="860" y0="2876" y1="2943">(64769,10023,1542)</Cell>
<Cell dontCare="false" endCol="6" endRow="38" startCol="6" startRow="38" x0="860" x1="916" y0="2876" y1="2943">(64769,10023,1799)</Cell>
<Cell dontCare="false" endCol="7" endRow="38" startCol="7" startRow="38" x0="916" x1="1350" y0="2876" y1="2943">(64769,10023,2056)</Cell>
</Table>
<Table x0="1993" x1="2550" y0="436" y1="2990">
<Row x0="1993" x1="2550" y0="567" y1="567"/>
<Row x0="1993" x1="2550" y0="691" y1="691"/>
<Row x0="1993" x1="2550" y0="752" y1="752"/>
<Row x0="1993" x1="2550" y0="812" y1="812"/>
<Row x0="1993" x1="2550" y0="880" y1="880"/>
<Row x0="1993" x1="2550" y0="942" y1="942"/>
<Row x0="1993" x1="2550" y0="1002" y1="1002"/>
<Row x0="1993" x1="2550" y0="1067" y1="1067"/>
<Row x0="1993" x1="2550" y0="1128" y1="1128"/>
<Row x0="1993" x1="2550" y0="1188" y1="1188"/>
<Row x0="1993" x1="2550" y0="1251" y1="1251"/>
<Row x0="1993" x1="2550" y0="1314" y1="1314"/>
<Row x0="1993" x1="2550" y0="1377" y1="1377"/>
<Row x0="1993" x1="2550" y0="1440" y1="1440"/>
<Row x0="1993" x1="2550" y0="1500" y1="1500"/>
<Row x0="1993" x1="2550" y0="1560" y1="1560"/>
<Row x0="1993" x1="2550" y0="1625" y1="1625"/>
<Row x0="1993" x1="2550" y0="1690" y1="1690"/>
<Row x0="1993" x1="2550" y0="1752" y1="1752"/>
<Row x0="1993" x1="2550" y0="1812" y1="1812"/>
<Row x0="1993" x1="2550" y0="1877" y1="1877"/>
<Row x0="1993" x1="2550" y0="1938" y1="1938"/>
<Row x0="1993" x1="2550" y0="2001" y1="2001"/>
<Row x0="1993" x1="2550" y0="2064" y1="2064"/>
<Row x0="1993" x1="2550" y0="2127" y1="2127"/>
<Row x0="1993" x1="2550" y0="2188" y1="2188"/>
<Row x0="1993" x1="2550" y0="2248" y1="2248"/>
<Row x0="1993" x1="2550" y0="2314" y1="2314"/>
<Row x0="1993" x1="2550" y0="2375" y1="2375"/>
<Row x0="1993" x1="2550" y0="2438" y1="2438"/>
<Row x0="1993" x1="2550" y0="2500" y1="2500"/>
<Row x0="1993" x1="2550" y0="2565" y1="2565"/>
<Row x0="1993" x1="2550" y0="2628" y1="2628"/>
<Row x0="1993" x1="2550" y0="2690" y1="2690"/>
<Row x0="1993" x1="2550" y0="2750" y1="2750"/>
<Row x0="1993" x1="2550" y0="2814" y1="2814"/>
<Row x0="1993" x1="2550" y0="2874" y1="2874"/>
<Row x0="1993" x1="2550" y0="2940" y1="2940"/>
<Column x0="2074" x1="2074" y0="436" y1="2990"/>
<Column x0="2122" x1="2122" y0="436" y1="2990"/>
<Column x0="2172" x1="2172" y0="436" y1="2990"/>
<Cell dontCare="false" endCol="0" endRow="0" startCol="0" startRow="0" x0="1993" x1="2074" y0="436" y1="567">(64770,257,257)</Cell>
<Cell dontCare="false" endCol="1" endRow="0" startCol="1" startRow="0" x0="2074" x1="2122" y0="436" y1="567">(64770,257,514)</Cell>
<Cell dontCare="false" endCol="2" endRow="0" startCol="2" startRow="0" x0="2122" x1="2172" y0="436" y1="567">(64770,257,771)</Cell>
<Cell dontCare="false" endCol="3" endRow="0" startCol="3" startRow="0" x0="2172" x1="2550" y0="436" y1="567">(64770,257,1028)</Cell>
<Cell dontCare="false" endCol="0" endRow="1" startCol="0" startRow="1" x0="1993" x1="2074" y0="567" y1="691">(64770,514,257)</Cell>
<Cell dontCare="false" endCol="1" endRow="1" startCol="1" startRow="1" x0="2074" x1="2122" y0="567" y1="691">(64770,514,514)</Cell>
<Cell dontCare="false" endCol="2" endRow="1" startCol="2" startRow="1" x0="2122" x1="2172" y0="567" y1="691">(64770,514,771)</Cell>
<Cell dontCare="false" endCol="3" endRow="1" startCol="3" startRow="1" x0="2172" x1="2550" y0="567" y1="691">(64770,514,1028)</Cell>
<Cell dontCare="false" endCol="0" endRow="2" startCol="0" startRow="2" x0="1993" x1="2074" y0="691" y1="752">(64770,771,257)</Cell>
<Cell dontCare="false" endCol="1" endRow="2" startCol="1" startRow="2" x0="2074" x1="2122" y0="691" y1="752">(64770,771,514)</Cell>
<Cell dontCare="false" endCol="2" endRow="2" startCol="2" startRow="2" x0="2122" x1="2172" y0="691" y1="752">(64770,771,771)</Cell>
<Cell dontCare="false" endCol="3" endRow="2" startCol="3" startRow="2" x0="2172" x1="2550" y0="691" y1="752">(64770,771,1028)</Cell>
<Cell dontCare="false" endCol="0" endRow="3" startCol="0" startRow="3" x0="1993" x1="2074" y0="752" y1="812">(64770,1028,257)</Cell>
<Cell dontCare="false" endCol="1" endRow="3" startCol="1" startRow="3" x0="2074" x1="2122" y0="752" y1="812">(64770,1028,514)</Cell>
<Cell dontCare="false" endCol="2" endRow="3" startCol="2" startRow="3" x0="2122" x1="2172" y0="752" y1="812">(64770,1028,771)</Cell>
<Cell dontCare="false" endCol="3" endRow="3" startCol="3" startRow="3" x0="2172" x1="2550" y0="752" y1="812">(64770,1028,1028)</Cell>
<Cell dontCare="false" endCol="0" endRow="4" startCol="0" startRow="4" x0="1993" x1="2074" y0="812" y1="880">(64770,1285,257)</Cell>
<Cell dontCare="false" endCol="1" endRow="4" startCol="1" startRow="4" x0="2074" x1="2122" y0="812" y1="880">(64770,1285,514)</Cell>
<Cell dontCare="false" endCol="2" endRow="4" startCol="2" startRow="4" x0="2122" x1="2172" y0="812" y1="880">(64770,1285,771)</Cell>
<Cell dontCare="false" endCol="3" endRow="4" startCol="3" startRow="4" x0="2172" x1="2550" y0="812" y1="880">(64770,1285,1028)</Cell>
<Cell dontCare="false" endCol="0" endRow="5" startCol="0" startRow="5" x0="1993" x1="2074" y0="880" y1="942">(64770,1542,257)</Cell>
<Cell dontCare="false" endCol="1" endRow="5" startCol="1" startRow="5" x0="2074" x1="2122" y0="880" y1="942">(64770,1542,514)</Cell>
<Cell dontCare="false" endCol="2" endRow="5" startCol="2" startRow="5" x0="2122" x1="2172" y0="880" y1="942">(64770,1542,771)</Cell>
<Cell dontCare="false" endCol="3" endRow="5" startCol="3" startRow="5" x0="2172" x1="2550" y0="880" y1="942">(64770,1542,1028)</Cell>
<Cell dontCare="false" endCol="0" endRow="6" startCol="0" startRow="6" x0="1993" x1="2074" y0="942" y1="1002">(64770,1799,257)</Cell>
<Cell dontCare="false" endCol="1" endRow="6" startCol="1" startRow="6" x0="2074" x1="2122" y0="942" y1="1002">(64770,1799,514)</Cell>
<Cell dontCare="false" endCol="2" endRow="6" startCol="2" startRow="6" x0="2122" x1="2172" y0="942" y1="1002">(64770,1799,771)</Cell>
<Cell dontCare="false" endCol="3" endRow="6" startCol="3" startRow="6" x0="2172" x1="2550" y0="942" y1="1002">(64770,1799,1028)</Cell>
<Cell dontCare="false" endCol="0" endRow="7" startCol="0" startRow="7" x0="1993" x1="2074" y0="1002" y1="1067">(64770,2056,257)</Cell>
<Cell dontCare="false" endCol="1" endRow="7" startCol="1" startRow="7" x0="2074" x1="2122" y0="1002" y1="1067">(64770,2056,514)</Cell>
<Cell dontCare="false" endCol="2" endRow="7" startCol="2" startRow="7" x0="2122" x1="2172" y0="1002" y1="1067">(64770,2056,771)</Cell>
<Cell dontCare="false" endCol="3" endRow="7" startCol="3" startRow="7" x0="2172" x1="2550" y0="1002" y1="1067">(64770,2056,1028)</Cell>
<Cell dontCare="false" endCol="0" endRow="8" startCol="0" startRow="8" x0="1993" x1="2074" y0="1067" y1="1128">(64770,2313,257)</Cell>
<Cell dontCare="false" endCol="1" endRow="8" startCol="1" startRow="8" x0="2074" x1="2122" y0="1067" y1="1128">(64770,2313,514)</Cell>
<Cell dontCare="false" endCol="2" endRow="8" startCol="2" startRow="8" x0="2122" x1="2172" y0="1067" y1="1128">(64770,2313,771)</Cell>
<Cell dontCare="false" endCol="3" endRow="8" startCol="3" startRow="8" x0="2172" x1="2550" y0="1067" y1="1128">(64770,2313,1028)</Cell>
<Cell dontCare="false" endCol="0" endRow="9" startCol="0" startRow="9" x0="1993" x1="2074" y0="1128" y1="1188">(64770,2570,257)</Cell>
<Cell dontCare="false" endCol="1" endRow="9" startCol="1" startRow="9" x0="2074" x1="2122" y0="1128" y1="1188">(64770,2570,514)</Cell>
<Cell dontCare="false" endCol="2" endRow="9" startCol="2" startRow="9" x0="2122" x1="2172" y0="1128" y1="1188">(64770,2570,771)</Cell>
<Cell dontCare="false" endCol="3" endRow="9" startCol="3" startRow="9" x0="2172" x1="2550" y0="1128" y1="1188">(64770,2570,1028)</Cell>
<Cell dontCare="false" endCol="0" endRow="10" startCol="0" startRow="10" x0="1993" x1="2074" y0="1188" y1="1251">(64770,2827,257)</Cell>
<Cell dontCare="false" endCol="1" endRow="10" startCol="1" startRow="10" x0="2074" x1="2122" y0="1188" y1="1251">(64770,2827,514)</Cell>
<Cell dontCare="false" endCol="2" endRow="10" startCol="2" startRow="10" x0="2122" x1="2172" y0="1188" y1="1251">(64770,2827,771)</Cell>
<Cell dontCare="false" endCol="3" endRow="10" startCol="3" startRow="10" x0="2172" x1="2550" y0="1188" y1="1251">(64770,2827,1028)</Cell>
<Cell dontCare="false" endCol="0" endRow="11" startCol="0" startRow="11" x0="1993" x1="2074" y0="1251" y1="1314">(64770,3084,257)</Cell>
<Cell dontCare="false" endCol="1" endRow="11" startCol="1" startRow="11" x0="2074" x1="2122" y0="1251" y1="1314">(64770,3084,514)</Cell>
<Cell dontCare="false" endCol="2" endRow="11" startCol="2" startRow="11" x0="2122" x1="2172" y0="1251" y1="1314">(64770,3084,771)</Cell>
<Cell dontCare="false" endCol="3" endRow="11" startCol="3" startRow="11" x0="2172" x1="2550" y0="1251" y1="1314">(64770,3084,1028)</Cell>
<Cell dontCare="false" endCol="0" endRow="12" startCol="0" startRow="12" x0="1993" x1="2074" y0="1314" y1="1377">(64770,3341,257)</Cell>
<Cell dontCare="false" endCol="1" endRow="12" startCol="1" startRow="12" x0="2074" x1="2122" y0="1314" y1="1377">(64770,3341,514)</Cell>
<Cell dontCare="false" endCol="2" endRow="12" startCol="2" startRow="12" x0="2122" x1="2172" y0="1314" y1="1377">(64770,3341,771)</Cell>
<Cell dontCare="false" endCol="3" endRow="12" startCol="3" startRow="12" x0="2172" x1="2550" y0="1314" y1="1377">(64770,3341,1028)</Cell>
<Cell dontCare="false" endCol="0" endRow="13" startCol="0" startRow="13" x0="1993" x1="2074" y0="1377" y1="1440">(64770,3598,257)</Cell>
<Cell dontCare="false" endCol="1" endRow="13" startCol="1" startRow="13" x0="2074" x1="2122" y0="1377" y1="1440">(64770,3598,514)</Cell>
<Cell dontCare="false" endCol="2" endRow="13" startCol="2" startRow="13" x0="2122" x1="2172" y0="1377" y1="1440">(64770,3598,771)</Cell>
<Cell dontCare="false" endCol="3" endRow="13" startCol="3" startRow="13" x0="2172" x1="2550" y0="1377" y1="1440">(64770,3598,1028)</Cell>
<Cell dontCare="false" endCol="0" endRow="14" startCol="0" startRow="14" x0="1993" x1="2074" y0="1440" y1="1500">(64770,3855,257)</Cell>
<Cell dontCare="false" endCol="1" endRow="14" startCol="1" startRow="14" x0="2074" x1="2122" y0="1440" y1="1500">(64770,3855,514)</Cell>
<Cell dontCare="false" endCol="2" endRow="14" startCol="2" startRow="14" x0="2122" x1="2172" y0="1440" y1="1500">(64770,3855,771)</Cell>
<Cell dontCare="false" endCol="3" endRow="14" startCol="3" startRow="14" x0="2172" x1="2550" y0="1440" y1="1500">(64770,3855,1028)</Cell>
<Cell dontCare="false" endCol="0" endRow="15" startCol="0" startRow="15" x0="1993" x1="2074" y0="1500" y1="1560">(64770,4112,257)</Cell>
<Cell dontCare="false" endCol="1" endRow="15" startCol="1" startRow="15" x0="2074" x1="2122" y0="1500" y1="1560">(64770,4112,514)</Cell>
<Cell dontCare="false" endCol="2" endRow="15" startCol="2" startRow="15" x0="2122" x1="2172" y0="1500" y1="1560">(64770,4112,771)</Cell>
<Cell dontCare="false" endCol="3" endRow="15" startCol="3" startRow="15" x0="2172" x1="2550" y0="1500" y1="1560">(64770,4112,1028)</Cell>
<Cell dontCare="false" endCol="0" endRow="16" startCol="0" startRow="16" x0="1993" x1="2074" y0="1560" y1="1625">(64770,4369,257)</Cell>
<Cell dontCare="false" endCol="1" endRow="16" startCol="1" startRow="16" x0="2074" x1="2122" y0="1560" y1="1625">(64770,4369,514)</Cell>
<Cell dontCare="false" endCol="2" endRow="16" startCol="2" startRow="16" x0="2122" x1="2172" y0="1560" y1="1625">(64770,4369,771)</Cell>
<Cell dontCare="false" endCol="3" endRow="16" startCol="3" startRow="16" x0="2172" x1="2550" y0="1560" y1="1625">(64770,4369,1028)</Cell>
<Cell dontCare="false" endCol="0" endRow="17" startCol="0" startRow="17" x0="1993" x1="2074" y0="1625" y1="1690">(64770,4626,257)</Cell>
<Cell dontCare="false" endCol="1" endRow="17" startCol="1" startRow="17" x0="2074" x1="2122" y0="1625" y1="1690">(64770,4626,514)</Cell>
<Cell dontCare="false" endCol="2" endRow="17" startCol="2" startRow="17" x0="2122" x1="2172" y0="1625" y1="1690">(64770,4626,771)</Cell>
<Cell dontCare="false" endCol="3" endRow="17" startCol="3" startRow="17" x0="2172" x1="2550" y0="1625" y1="1690">(64770,4626,1028)</Cell>
<Cell dontCare="false" endCol="0" endRow="18" startCol="0" startRow="18" x0="1993" x1="2074" y0="1690" y1="1752">(64770,4883,257)</Cell>
<Cell dontCare="false" endCol="1" endRow="18" startCol="1" startRow="18" x0="2074" x1="2122" y0="1690" y1="1752">(64770,4883,514)</Cell>
<Cell dontCare="false" endCol="2" endRow="18" startCol="2" startRow="18" x0="2122" x1="2172" y0="1690" y1="1752">(64770,4883,771)</Cell>
<Cell dontCare="false" endCol="3" endRow="18" startCol="3" startRow="18" x0="2172" x1="2550" y0="1690" y1="1752">(64770,4883,1028)</Cell>
<Cell dontCare="false" endCol="0" endRow="19" startCol="0" startRow="19" x0="1993" x1="2074" y0="1752" y1="1812">(64770,5140,257)</Cell>
<Cell dontCare="false" endCol="1" endRow="19" startCol="1" startRow="19" x0="2074" x1="2122" y0="1752" y1="1812">(64770,5140,514)</Cell>
<Cell dontCare="false" endCol="2" endRow="19" startCol="2" startRow="19" x0="2122" x1="2172" y0="1752" y1="1812">(64770,5140,771)</Cell>
<Cell dontCare="false" endCol="3" endRow="19" startCol="3" startRow="19" x0="2172" x1="2550" y0="1752" y1="1812">(64770,5140,1028)</Cell>
<Cell dontCare="false" endCol="0" endRow="20" startCol="0" startRow="20" x0="1993" x1="2074" y0="1812" y1="1877">(64770,5397,257)</Cell>
<Cell dontCare="false" endCol="1" endRow="20" startCol="1" startRow="20" x0="2074" x1="2122" y0="1812" y1="1877">(64770,5397,514)</Cell>
<Cell dontCare="false" endCol="2" endRow="20" startCol="2" startRow="20" x0="2122" x1="2172" y0="1812" y1="1877">(64770,5397,771)</Cell>
<Cell dontCare="false" endCol="3" endRow="20" startCol="3" startRow="20" x0="2172" x1="2550" y0="1812" y1="1877">(64770,5397,1028)</Cell>
<Cell dontCare="false" endCol="0" endRow="21" startCol="0" startRow="21" x0="1993" x1="2074" y0="1877" y1="1938">(64770,5654,257)</Cell>
<Cell dontCare="false" endCol="1" endRow="21" startCol="1" startRow="21" x0="2074" x1="2122" y0="1877" y1="1938">(64770,5654,514)</Cell>
<Cell dontCare="false" endCol="2" endRow="21" startCol="2" startRow="21" x0="2122" x1="2172" y0="1877" y1="1938">(64770,5654,771)</Cell>
<Cell dontCare="false" endCol="3" endRow="21" startCol="3" startRow="21" x0="2172" x1="2550" y0="1877" y1="1938">(64770,5654,1028)</Cell>
<Cell dontCare="false" endCol="0" endRow="22" startCol="0" startRow="22" x0="1993" x1="2074" y0="1938" y1="2001">(64770,5911,257)</Cell>
<Cell dontCare="false" endCol="1" endRow="22" startCol="1" startRow="22" x0="2074" x1="2122" y0="1938" y1="2001">(64770,5911,514)</Cell>
<Cell dontCare="false" endCol="2" endRow="22" startCol="2" startRow="22" x0="2122" x1="2172" y0="1938" y1="2001">(64770,5911,771)</Cell>
<Cell dontCare="false" endCol="3" endRow="22" startCol="3" startRow="22" x0="2172" x1="2550" y0="1938" y1="2001">(64770,5911,1028)</Cell>
<Cell dontCare="false" endCol="0" endRow="23" startCol="0" startRow="23" x0="1993" x1="2074" y0="2001" y1="2064">(64770,6168,257)</Cell>
<Cell dontCare="false" endCol="1" endRow="23" startCol="1" startRow="23" x0="2074" x1="2122" y0="2001" y1="2064">(64770,6168,514)</Cell>
<Cell dontCare="false" endCol="2" endRow="23" startCol="2" startRow="23" x0="2122" x1="2172" y0="2001" y1="2064">(64770,6168,771)</Cell>
<Cell dontCare="false" endCol="3" endRow="23" startCol="3" startRow="23" x0="2172" x1="2550" y0="2001" y1="2064">(64770,6168,1028)</Cell>
<Cell dontCare="false" endCol="0" endRow="24" startCol="0" startRow="24" x0="1993" x1="2074" y0="2064" y1="2127">(64770,6425,257)</Cell>
<Cell dontCare="false" endCol="1" endRow="24" startCol="1" startRow="24" x0="2074" x1="2122" y0="2064" y1="2127">(64770,6425,514)</Cell>
<Cell dontCare="false" endCol="2" endRow="24" startCol="2" startRow="24" x0="2122" x1="2172" y0="2064" y1="2127">(64770,6425,771)</Cell>
<Cell dontCare="false" endCol="3" endRow="24" startCol="3" startRow="24" x0="2172" x1="2550" y0="2064" y1="2127">(64770,6425,1028)</Cell>
<Cell dontCare="false" endCol="0" endRow="25" startCol="0" startRow="25" x0="1993" x1="2074" y0="2127" y1="2188">(64770,6682,257)</Cell>
<Cell dontCare="false" endCol="1" endRow="25" startCol="1" startRow="25" x0="2074" x1="2122" y0="2127" y1="2188">(64770,6682,514)</Cell>
<Cell dontCare="false" endCol="2" endRow="25" startCol="2" startRow="25" x0="2122" x1="2172" y0="2127" y1="2188">(64770,6682,771)</Cell>
<Cell dontCare="false" endCol="3" endRow="25" startCol="3" startRow="25" x0="2172" x1="2550" y0="2127" y1="2188">(64770,6682,1028)</Cell>
<Cell dontCare="false" endCol="0" endRow="26" startCol="0" startRow="26" x0="1993" x1="2074" y0="2188" y1="2248">(64770,6939,257)</Cell>
<Cell dontCare="false" endCol="1" endRow="26" startCol="1" startRow="26" x0="2074" x1="2122" y0="2188" y1="2248">(64770,6939,514)</Cell>
<Cell dontCare="false" endCol="2" endRow="26" startCol="2" startRow="26" x0="2122" x1="2172" y0="2188" y1="2248">(64770,6939,771)</Cell>
<Cell dontCare="false" endCol="3" endRow="26" startCol="3" startRow="26" x0="2172" x1="2550" y0="2188" y1="2248">(64770,6939,1028)</Cell>
<Cell dontCare="false" endCol="0" endRow="27" startCol="0" startRow="27" x0="1993" x1="2074" y0="2248" y1="2314">(64770,7196,257)</Cell>
<Cell dontCare="false" endCol="1" endRow="27" startCol="1" startRow="27" x0="2074" x1="2122" y0="2248" y1="2314">(64770,7196,514)</Cell>
<Cell dontCare="false" endCol="2" endRow="27" startCol="2" startRow="27" x0="2122" x1="2172" y0="2248" y1="2314">(64770,7196,771)</Cell>
<Cell dontCare="false" endCol="3" endRow="27" startCol="3" startRow="27" x0="2172" x1="2550" y0="2248" y1="2314">(64770,7196,1028)</Cell>
<Cell dontCare="false" endCol="0" endRow="28" startCol="0" startRow="28" x0="1993" x1="2074" y0="2314" y1="2375">(64770,7453,257)</Cell>
<Cell dontCare="false" endCol="1" endRow="28" startCol="1" startRow="28" x0="2074" x1="2122" y0="2314" y1="2375">(64770,7453,514)</Cell>
<Cell dontCare="false" endCol="2" endRow="28" startCol="2" startRow="28" x0="2122" x1="2172" y0="2314" y1="2375">(64770,7453,771)</Cell>
<Cell dontCare="false" endCol="3" endRow="28" startCol="3" startRow="28" x0="2172" x1="2550" y0="2314" y1="2375">(64770,7453,1028)</Cell>
<Cell dontCare="false" endCol="0" endRow="29" startCol="0" startRow="29" x0="1993" x1="2074" y0="2375" y1="2438">(64770,7710,257)</Cell>
<Cell dontCare="false" endCol="1" endRow="29" startCol="1" startRow="29" x0="2074" x1="2122" y0="2375" y1="2438">(64770,7710,514)</Cell>
<Cell dontCare="false" endCol="2" endRow="29" startCol="2" startRow="29" x0="2122" x1="2172" y0="2375" y1="2438">(64770,7710,771)</Cell>
<Cell dontCare="false" endCol="3" endRow="29" startCol="3" startRow="29" x0="2172" x1="2550" y0="2375" y1="2438">(64770,7710,1028)</Cell>
<Cell dontCare="false" endCol="0" endRow="30" startCol="0" startRow="30" x0="1993" x1="2074" y0="2438" y1="2500">(64770,7967,257)</Cell>
<Cell dontCare="false" endCol="1" endRow="30" startCol="1" startRow="30" x0="2074" x1="2122" y0="2438" y1="2500">(64770,7967,514)</Cell>
<Cell dontCare="false" endCol="2" endRow="30" startCol="2" startRow="30" x0="2122" x1="2172" y0="2438" y1="2500">(64770,7967,771)</Cell>
<Cell dontCare="false" endCol="3" endRow="30" startCol="3" startRow="30" x0="2172" x1="2550" y0="2438" y1="2500">(64770,7967,1028)</Cell>
<Cell dontCare="false" endCol="0" endRow="31" startCol="0" startRow="31" x0="1993" x1="2074" y0="2500" y1="2565">(64770,8224,257)</Cell>
<Cell dontCare="false" endCol="1" endRow="31" startCol="1" startRow="31" x0="2074" x1="2122" y0="2500" y1="2565">(64770,8224,514)</Cell>
<Cell dontCare="false" endCol="2" endRow="31" startCol="2" startRow="31" x0="2122" x1="2172" y0="2500" y1="2565">(64770,8224,771)</Cell>
<Cell dontCare="false" endCol="3" endRow="31" startCol="3" startRow="31" x0="2172" x1="2550" y0="2500" y1="2565">(64770,8224,1028)</Cell>
<Cell dontCare="false" endCol="0" endRow="32" startCol="0" startRow="32" x0="1993" x1="2074" y0="2565" y1="2628">(64770,8481,257)</Cell>
<Cell dontCare="false" endCol="1" endRow="32" startCol="1" startRow="32" x0="2074" x1="2122" y0="2565" y1="2628">(64770,8481,514)</Cell>
<Cell dontCare="false" endCol="2" endRow="32" startCol="2" startRow="32" x0="2122" x1="2172" y0="2565" y1="2628">(64770,8481,771)</Cell>
<Cell dontCare="false" endCol="3" endRow="32" startCol="3" startRow="32" x0="2172" x1="2550" y0="2565" y1="2628">(64770,8481,1028)</Cell>
<Cell dontCare="false" endCol="0" endRow="33" startCol="0" startRow="33" x0="1993" x1="2074" y0="2628" y1="2690">(64770,8738,257)</Cell>
<Cell dontCare="false" endCol="1" endRow="33" startCol="1" startRow="33" x0="2074" x1="2122" y0="2628" y1="2690">(64770,8738,514)</Cell>
<Cell dontCare="false" endCol="2" endRow="33" startCol="2" startRow="33" x0="2122" x1="2172" y0="2628" y1="2690">(64770,8738,771)</Cell>
<Cell dontCare="false" endCol="3" endRow="33" startCol="3" startRow="33" x0="2172" x1="2550" y0="2628" y1="2690">(64770,8738,1028)</Cell>
<Cell dontCare="false" endCol="0" endRow="34" startCol="0" startRow="34" x0="1993" x1="2074" y0="2690" y1="2750">(64770,8995,257)</Cell>
<Cell dontCare="false" endCol="1" endRow="34" startCol="1" startRow="34" x0="2074" x1="2122" y0="2690" y1="2750">(64770,8995,514)</Cell>
<Cell dontCare="false" endCol="2" endRow="34" startCol="2" startRow="34" x0="2122" x1="2172" y0="2690" y1="2750">(64770,8995,771)</Cell>
<Cell dontCare="false" endCol="3" endRow="34" startCol="3" startRow="34" x0="2172" x1="2550" y0="2690" y1="2750">(64770,8995,1028)</Cell>
<Cell dontCare="false" endCol="0" endRow="35" startCol="0" startRow="35" x0="1993" x1="2074" y0="2750" y1="2814">(64770,9252,257)</Cell>
<Cell dontCare="false" endCol="1" endRow="35" startCol="1" startRow="35" x0="2074" x1="2122" y0="2750" y1="2814">(64770,9252,514)</Cell>
<Cell dontCare="false" endCol="2" endRow="35" startCol="2" startRow="35" x0="2122" x1="2172" y0="2750" y1="2814">(64770,9252,771)</Cell>
<Cell dontCare="false" endCol="3" endRow="35" startCol="3" startRow="35" x0="2172" x1="2550" y0="2750" y1="2814">(64770,9252,1028)</Cell>
<Cell dontCare="false" endCol="0" endRow="36" startCol="0" startRow="36" x0="1993" x1="2074" y0="2814" y1="2874">(64770,9509,257)</Cell>
<Cell dontCare="false" endCol="1" endRow="36" startCol="1" startRow="36" x0="2074" x1="2122" y0="2814" y1="2874">(64770,9509,514)</Cell>
<Cell dontCare="false" endCol="2" endRow="36" startCol="2" startRow="36" x0="2122" x1="2172" y0="2814" y1="2874">(64770,9509,771)</Cell>
<Cell dontCare="false" endCol="3" endRow="36" startCol="3" startRow="36" x0="2172" x1="2550" y0="2814" y1="2874">(64770,9509,1028)</Cell>
<Cell dontCare="false" endCol="0" endRow="37" startCol="0" startRow="37" x0="1993" x1="2074" y0="2874" y1="2940">(64770,9766,257)</Cell>
<Cell dontCare="false" endCol="1" endRow="37" startCol="1" startRow="37" x0="2074" x1="2122" y0="2874" y1="2940">(64770,9766,514)</Cell>
<Cell dontCare="false" endCol="2" endRow="37" startCol="2" startRow="37" x0="2122" x1="2172" y0="2874" y1="2940">(64770,9766,771)</Cell>
<Cell dontCare="false" endCol="3" endRow="37" startCol="3" startRow="37" x0="2172" x1="2550" y0="2874" y1="2940">(64770,9766,1028)</Cell>
<Cell dontCare="false" endCol="0" endRow="38" startCol="0" startRow="38" x0="1993" x1="2074" y0="2940" y1="2990">(64770,10023,257)</Cell>
<Cell dontCare="false" endCol="1" endRow="38" startCol="1" startRow="38" x0="2074" x1="2122" y0="2940" y1="2990">(64770,10023,514)</Cell>
<Cell dontCare="false" endCol="2" endRow="38" startCol="2" startRow="38" x0="2122" x1="2172" y0="2940" y1="2990">(64770,10023,771)</Cell>
<Cell dontCare="false" endCol="3" endRow="38" startCol="3" startRow="38" x0="2172" x1="2550" y0="2940" y1="2990">(64770,10023,1028)</Cell>
</Table>
<Table x0="113" x1="1343" y0="3073" y1="3296">
<Row x0="113" x1="1343" y0="3135" y1="3135"/>
<Row x0="113" x1="1343" y0="3198" y1="3198"/>
<Row x0="113" x1="1343" y0="3260" y1="3260"/>
<Column x0="198" x1="198" y0="3073" y1="3296"/>
<Column x0="247" x1="247" y0="3073" y1="3296"/>
<Column x0="298" x1="298" y0="3073" y1="3296"/>
<Column x0="734" x1="734" y0="3073" y1="3296"/>
<Column x0="808" x1="808" y0="3073" y1="3296"/>
<Column x0="857" x1="857" y0="3073" y1="3296"/>
<Column x0="911" x1="911" y0="3073" y1="3296"/>
<Cell dontCare="false" endCol="0" endRow="0" startCol="0" startRow="0" x0="113" x1="198" y0="3073" y1="3135">(64771,257,257)</Cell>
<Cell dontCare="false" endCol="1" endRow="0" startCol="1" startRow="0" x0="198" x1="247" y0="3073" y1="3135">(64771,257,514)</Cell>
<Cell dontCare="false" endCol="2" endRow="0" startCol="2" startRow="0" x0="247" x1="298" y0="3073" y1="3135">(64771,257,771)</Cell>
<Cell dontCare="false" endCol="3" endRow="0" startCol="3" startRow="0" x0="298" x1="734" y0="3073" y1="3135">(64771,257,1028)</Cell>
<Cell dontCare="false" endCol="4" endRow="0" startCol="4" startRow="0" x0="734" x1="808" y0="3073" y1="3135">(64771,257,1285)</Cell>
<Cell dontCare="false" endCol="5" endRow="0" startCol="5" startRow="0" x0="808" x1="857" y0="3073" y1="3135">(64771,257,1542)</Cell>
<Cell dontCare="false" endCol="6" endRow="0" startCol="6" startRow="0" x0="857" x1="911" y0="3073" y1="3135">(64771,257,1799)</Cell>
<Cell dontCare="false" endCol="7" endRow="0" startCol="7" startRow="0" x0="911" x1="1343" y0="3073" y1="3135">(64771,257,2056)</Cell>
<Cell dontCare="false" endCol="0" endRow="1" startCol="0" startRow="1" x0="113" x1="198" y0="3135" y1="3198">(64771,514,257)</Cell>
<Cell dontCare="false" endCol="1" endRow="1" startCol="1" startRow="1" x0="198" x1="247" y0="3135" y1="3198">(64771,514,514)</Cell>
<Cell dontCare="false" endCol="2" endRow="1" startCol="2" startRow="1" x0="247" x1="298" y0="3135" y1="3198">(64771,514,771)</Cell>
<Cell dontCare="false" endCol="3" endRow="1" startCol="3" startRow="1" x0="298" x1="734" y0="3135" y1="3198">(64771,514,1028)</Cell>
<Cell dontCare="false" endCol="4" endRow="1" startCol="4" startRow="1" x0="734" x1="808" y0="3135" y1="3198">(64771,514,1285)</Cell>
<Cell dontCare="false" endCol="5" endRow="1" startCol="5" startRow="1" x0="808" x1="857" y0="3135" y1="3198">(64771,514,1542)</Cell>
<Cell dontCare="false" endCol="6" endRow="1" startCol="6" startRow="1" x0="857" x1="911" y0="3135" y1="3198">(64771,514,1799)</Cell>
<Cell dontCare="false" endCol="7" endRow="1" startCol="7" startRow="1" x0="911" x1="1343" y0="3135" y1="3198">(64771,514,2056)</Cell>
<Cell dontCare="false" endCol="0" endRow="2" startCol="0" startRow="2" x0="113" x1="198" y0="3198" y1="3260">(64771,771,257)</Cell>
<Cell dontCare="false" endCol="1" endRow="2" startCol="1" startRow="2" x0="198" x1="247" y0="3198" y1="3260">(64771,771,514)</Cell>
<Cell dontCare="false" endCol="2" endRow="2" startCol="2" startRow="2" x0="247" x1="298" y0="3198" y1="3260">(64771,771,771)</Cell>
<Cell dontCare="false" endCol="3" endRow="2" startCol="3" startRow="2" x0="298" x1="734" y0="3198" y1="3260">(64771,771,1028)</Cell>
<Cell dontCare="false" endCol="4" endRow="2" startCol="4" startRow="2" x0="734" x1="808" y0="3198" y1="3260">(64771,771,1285)</Cell>
<Cell dontCare="false" endCol="5" endRow="2" startCol="5" startRow="2" x0="808" x1="857" y0="3198" y1="3260">(64771,771,1542)</Cell>
<Cell dontCare="false" endCol="6" endRow="2" startCol="6" startRow="2" x0="857" x1="911" y0="3198" y1="3260">(64771,771,1799)</Cell>
<Cell dontCare="false" endCol="7" endRow="2" startCol="7" startRow="2" x0="911" x1="1343" y0="3198" y1="3260">(64771,771,2056)</Cell>
<Cell dontCare="false" endCol="0" endRow="3" startCol="0" startRow="3" x0="113" x1="198" y0="3260" y1="3296">(64771,1028,257)</Cell>
<Cell dontCare="false" endCol="1" endRow="3" startCol="1" startRow="3" x0="198" x1="247" y0="3260" y1="3296">(64771,1028,514)</Cell>
<Cell dontCare="false" endCol="2" endRow="3" startCol="2" startRow="3" x0="247" x1="298" y0="3260" y1="3296">(64771,1028,771)</Cell>
<Cell dontCare="false" endCol="3" endRow="3" startCol="3" startRow="3" x0="298" x1="734" y0="3260" y1="3296">(64771,1028,1028)</Cell>
<Cell dontCare="false" endCol="4" endRow="3" startCol="4" startRow="3" x0="734" x1="808" y0="3260" y1="3296">(64771,1028,1285)</Cell>
<Cell dontCare="false" endCol="5" endRow="3" startCol="5" startRow="3" x0="808" x1="857" y0="3260" y1="3296">(64771,1028,1542)</Cell>
<Cell dontCare="false" endCol="6" endRow="3" startCol="6" startRow="3" x0="857" x1="911" y0="3260" y1="3296">(64771,1028,1799)</Cell>
<Cell dontCare="false" endCol="7" endRow="3" startCol="7" startRow="3" x0="911" x1="1343" y0="3260" y1="3296">(64771,1028,2056)</Cell>
</Table>
</Tables>
</GroundTruth>
