<?xml version="1.0" encoding="UTF-8" standalone="no"?>
<GroundTruth InputFile="C:\Dokumente und Einstellungen\mehmood\Desktop\dataset\skew_corrected\unlv_tables_bin_test\8332_087.png">
<Tables>
<Table x0="898" x1="1784" y0="422" y1="978">
<Row x0="898" x1="1784" y0="458" y1="458"/>
<Row x0="898" x1="1784" y0="488" y1="488"/>
<Row x0="898" x1="1784" y0="527" y1="527"/>
<Row x0="898" x1="1784" y0="567" y1="567"/>
<Row x0="898" x1="1784" y0="604" y1="604"/>
<Row x0="898" x1="1784" y0="637" y1="637"/>
<Row x0="898" x1="1784" y0="675" y1="675"/>
<Row x0="898" x1="1784" y0="710" y1="710"/>
<Row x0="898" x1="1784" y0="747" y1="747"/>
<Row x0="898" x1="1784" y0="785" y1="785"/>
<Row x0="898" x1="1784" y0="822" y1="822"/>
<Row x0="898" x1="1784" y0="860" y1="860"/>
<Row x0="898" x1="1784" y0="892" y1="892"/>
<Row x0="898" x1="1784" y0="931" y1="931"/>
<Column x0="1311" x1="1311" y0="422" y1="978"/>
<Column x0="1480" x1="1480" y0="422" y1="978"/>
<Cell dontCare="false" endCol="0" endRow="0" startCol="0" startRow="0" x0="898" x1="1311" y0="422" y1="458">(64769,257,257)</Cell>
<Cell dontCare="false" endCol="1" endRow="0" startCol="1" startRow="0" x0="1311" x1="1480" y0="422" y1="458">(64769,257,514)</Cell>
<Cell dontCare="false" endCol="2" endRow="1" startCol="2" startRow="0" x0="1480" x1="1784" y0="422" y1="488">(64769,258,771)</Cell>
<Cell dontCare="false" endCol="0" endRow="1" startCol="0" startRow="1" x0="898" x1="1311" y0="458" y1="488">(64769,514,257)</Cell>
<Cell dontCare="false" endCol="1" endRow="1" startCol="1" startRow="1" x0="1311" x1="1480" y0="458" y1="488">(64769,514,514)</Cell>
<Cell dontCare="true" endCol="2" endRow="1" startCol="2" startRow="1" x0="1480" x1="1784" y0="458" y1="488">(64769,514,771)</Cell>
<Cell dontCare="false" endCol="0" endRow="2" startCol="0" startRow="2" x0="898" x1="1311" y0="488" y1="527">(64769,771,257)</Cell>
<Cell dontCare="false" endCol="1" endRow="2" startCol="1" startRow="2" x0="1311" x1="1480" y0="488" y1="527">(64769,771,514)</Cell>
<Cell dontCare="false" endCol="2" endRow="2" startCol="2" startRow="2" x0="1480" x1="1784" y0="488" y1="527">(64769,771,771)</Cell>
<Cell dontCare="false" endCol="0" endRow="3" startCol="0" startRow="3" x0="898" x1="1311" y0="527" y1="567">(64769,1028,257)</Cell>
<Cell dontCare="false" endCol="1" endRow="3" startCol="1" startRow="3" x0="1311" x1="1480" y0="527" y1="567">(64769,1028,514)</Cell>
<Cell dontCare="false" endCol="2" endRow="3" startCol="2" startRow="3" x0="1480" x1="1784" y0="527" y1="567">(64769,1028,771)</Cell>
<Cell dontCare="false" endCol="0" endRow="4" startCol="0" startRow="4" x0="898" x1="1311" y0="567" y1="604">(64769,1285,257)</Cell>
<Cell dontCare="false" endCol="1" endRow="4" startCol="1" startRow="4" x0="1311" x1="1480" y0="567" y1="604">(64769,1285,514)</Cell>
<Cell dontCare="false" endCol="2" endRow="4" startCol="2" startRow="4" x0="1480" x1="1784" y0="567" y1="604">(64769,1285,771)</Cell>
<Cell dontCare="false" endCol="0" endRow="5" startCol="0" startRow="5" x0="898" x1="1311" y0="604" y1="637">(64769,1542,257)</Cell>
<Cell dontCare="false" endCol="1" endRow="5" startCol="1" startRow="5" x0="1311" x1="1480" y0="604" y1="637">(64769,1542,514)</Cell>
<Cell dontCare="false" endCol="2" endRow="5" startCol="2" startRow="5" x0="1480" x1="1784" y0="604" y1="637">(64769,1542,771)</Cell>
<Cell dontCare="false" endCol="0" endRow="6" startCol="0" startRow="6" x0="898" x1="1311" y0="637" y1="675">(64769,1799,257)</Cell>
<Cell dontCare="false" endCol="1" endRow="6" startCol="1" startRow="6" x0="1311" x1="1480" y0="637" y1="675">(64769,1799,514)</Cell>
<Cell dontCare="false" endCol="2" endRow="6" startCol="2" startRow="6" x0="1480" x1="1784" y0="637" y1="675">(64769,1799,771)</Cell>
<Cell dontCare="false" endCol="0" endRow="7" startCol="0" startRow="7" x0="898" x1="1311" y0="675" y1="710">(64769,2056,257)</Cell>
<Cell dontCare="false" endCol="1" endRow="7" startCol="1" startRow="7" x0="1311" x1="1480" y0="675" y1="710">(64769,2056,514)</Cell>
<Cell dontCare="false" endCol="2" endRow="7" startCol="2" startRow="7" x0="1480" x1="1784" y0="675" y1="710">(64769,2056,771)</Cell>
<Cell dontCare="false" endCol="0" endRow="8" startCol="0" startRow="8" x0="898" x1="1311" y0="710" y1="747">(64769,2313,257)</Cell>
<Cell dontCare="false" endCol="1" endRow="8" startCol="1" startRow="8" x0="1311" x1="1480" y0="710" y1="747">(64769,2313,514)</Cell>
<Cell dontCare="false" endCol="2" endRow="8" startCol="2" startRow="8" x0="1480" x1="1784" y0="710" y1="747">(64769,2313,771)</Cell>
<Cell dontCare="false" endCol="0" endRow="9" startCol="0" startRow="9" x0="898" x1="1311" y0="747" y1="785">(64769,2570,257)</Cell>
<Cell dontCare="false" endCol="1" endRow="9" startCol="1" startRow="9" x0="1311" x1="1480" y0="747" y1="785">(64769,2570,514)</Cell>
<Cell dontCare="false" endCol="2" endRow="9" startCol="2" startRow="9" x0="1480" x1="1784" y0="747" y1="785">(64769,2570,771)</Cell>
<Cell dontCare="false" endCol="0" endRow="10" startCol="0" startRow="10" x0="898" x1="1311" y0="785" y1="822">(64769,2827,257)</Cell>
<Cell dontCare="false" endCol="1" endRow="10" startCol="1" startRow="10" x0="1311" x1="1480" y0="785" y1="822">(64769,2827,514)</Cell>
<Cell dontCare="false" endCol="2" endRow="10" startCol="2" startRow="10" x0="1480" x1="1784" y0="785" y1="822">(64769,2827,771)</Cell>
<Cell dontCare="false" endCol="0" endRow="11" startCol="0" startRow="11" x0="898" x1="1311" y0="822" y1="860">(64769,3084,257)</Cell>
<Cell dontCare="false" endCol="1" endRow="11" startCol="1" startRow="11" x0="1311" x1="1480" y0="822" y1="860">(64769,3084,514)</Cell>
<Cell dontCare="false" endCol="2" endRow="11" startCol="2" startRow="11" x0="1480" x1="1784" y0="822" y1="860">(64769,3084,771)</Cell>
<Cell dontCare="false" endCol="0" endRow="12" startCol="0" startRow="12" x0="898" x1="1311" y0="860" y1="892">(64769,3341,257)</Cell>
<Cell dontCare="false" endCol="1" endRow="12" startCol="1" startRow="12" x0="1311" x1="1480" y0="860" y1="892">(64769,3341,514)</Cell>
<Cell dontCare="false" endCol="2" endRow="12" startCol="2" startRow="12" x0="1480" x1="1784" y0="860" y1="892">(64769,3341,771)</Cell>
<Cell dontCare="false" endCol="0" endRow="13" startCol="0" startRow="13" x0="898" x1="1311" y0="892" y1="931">(64769,3598,257)</Cell>
<Cell dontCare="false" endCol="1" endRow="13" startCol="1" startRow="13" x0="1311" x1="1480" y0="892" y1="931">(64769,3598,514)</Cell>
<Cell dontCare="false" endCol="2" endRow="13" startCol="2" startRow="13" x0="1480" x1="1784" y0="892" y1="931">(64769,3598,771)</Cell>
<Cell dontCare="false" endCol="0" endRow="14" startCol="0" startRow="14" x0="898" x1="1311" y0="931" y1="978">(64769,3855,257)</Cell>
<Cell dontCare="false" endCol="1" endRow="14" startCol="1" startRow="14" x0="1311" x1="1480" y0="931" y1="978">(64769,3855,514)</Cell>
<Cell dontCare="false" endCol="2" endRow="14" startCol="2" startRow="14" x0="1480" x1="1784" y0="931" y1="978">(64769,3855,771)</Cell>
</Table>
<Table x0="1346" x1="2212" y0="1102" y1="1660">
<Row x0="1346" x1="2212" y0="1137" y1="1137"/>
<Row x0="1346" x1="2212" y0="1168" y1="1168"/>
<Row x0="1346" x1="2212" y0="1207" y1="1207"/>
<Row x0="1346" x1="2212" y0="1242" y1="1242"/>
<Row x0="1346" x1="2212" y0="1280" y1="1280"/>
<Row x0="1346" x1="2212" y0="1317" y1="1317"/>
<Row x0="1346" x1="2212" y0="1355" y1="1355"/>
<Row x0="1346" x1="2212" y0="1390" y1="1390"/>
<Row x0="1346" x1="2212" y0="1425" y1="1425"/>
<Row x0="1346" x1="2212" y0="1462" y1="1462"/>
<Row x0="1346" x1="2212" y0="1498" y1="1498"/>
<Row x0="1346" x1="2212" y0="1537" y1="1537"/>
<Row x0="1346" x1="2212" y0="1574" y1="1574"/>
<Row x0="1346" x1="2212" y0="1610" y1="1610"/>
<Column x0="1747" x1="1747" y0="1102" y1="1660"/>
<Column x0="1924" x1="1924" y0="1102" y1="1660"/>
<Cell dontCare="false" endCol="0" endRow="0" startCol="0" startRow="0" x0="1346" x1="1747" y0="1102" y1="1137">(64770,257,257)</Cell>
<Cell dontCare="false" endCol="1" endRow="0" startCol="1" startRow="0" x0="1747" x1="1924" y0="1102" y1="1137">(64770,257,514)</Cell>
<Cell dontCare="false" endCol="2" endRow="1" startCol="2" startRow="0" x0="1924" x1="2212" y0="1102" y1="1168">(64770,258,771)</Cell>
<Cell dontCare="false" endCol="0" endRow="1" startCol="0" startRow="1" x0="1346" x1="1747" y0="1137" y1="1168">(64770,514,257)</Cell>
<Cell dontCare="false" endCol="1" endRow="1" startCol="1" startRow="1" x0="1747" x1="1924" y0="1137" y1="1168">(64770,514,514)</Cell>
<Cell dontCare="true" endCol="2" endRow="1" startCol="2" startRow="1" x0="1924" x1="2212" y0="1137" y1="1168">(64770,514,771)</Cell>
<Cell dontCare="false" endCol="0" endRow="2" startCol="0" startRow="2" x0="1346" x1="1747" y0="1168" y1="1207">(64770,771,257)</Cell>
<Cell dontCare="false" endCol="1" endRow="2" startCol="1" startRow="2" x0="1747" x1="1924" y0="1168" y1="1207">(64770,771,514)</Cell>
<Cell dontCare="false" endCol="2" endRow="2" startCol="2" startRow="2" x0="1924" x1="2212" y0="1168" y1="1207">(64770,771,771)</Cell>
<Cell dontCare="false" endCol="0" endRow="3" startCol="0" startRow="3" x0="1346" x1="1747" y0="1207" y1="1242">(64770,1028,257)</Cell>
<Cell dontCare="false" endCol="1" endRow="3" startCol="1" startRow="3" x0="1747" x1="1924" y0="1207" y1="1242">(64770,1028,514)</Cell>
<Cell dontCare="false" endCol="2" endRow="3" startCol="2" startRow="3" x0="1924" x1="2212" y0="1207" y1="1242">(64770,1028,771)</Cell>
<Cell dontCare="false" endCol="0" endRow="4" startCol="0" startRow="4" x0="1346" x1="1747" y0="1242" y1="1280">(64770,1285,257)</Cell>
<Cell dontCare="false" endCol="1" endRow="4" startCol="1" startRow="4" x0="1747" x1="1924" y0="1242" y1="1280">(64770,1285,514)</Cell>
<Cell dontCare="false" endCol="2" endRow="4" startCol="2" startRow="4" x0="1924" x1="2212" y0="1242" y1="1280">(64770,1285,771)</Cell>
<Cell dontCare="false" endCol="0" endRow="5" startCol="0" startRow="5" x0="1346" x1="1747" y0="1280" y1="1317">(64770,1542,257)</Cell>
<Cell dontCare="false" endCol="1" endRow="5" startCol="1" startRow="5" x0="1747" x1="1924" y0="1280" y1="1317">(64770,1542,514)</Cell>
<Cell dontCare="false" endCol="2" endRow="5" startCol="2" startRow="5" x0="1924" x1="2212" y0="1280" y1="1317">(64770,1542,771)</Cell>
<Cell dontCare="false" endCol="0" endRow="6" startCol="0" startRow="6" x0="1346" x1="1747" y0="1317" y1="1355">(64770,1799,257)</Cell>
<Cell dontCare="false" endCol="1" endRow="6" startCol="1" startRow="6" x0="1747" x1="1924" y0="1317" y1="1355">(64770,1799,514)</Cell>
<Cell dontCare="false" endCol="2" endRow="6" startCol="2" startRow="6" x0="1924" x1="2212" y0="1317" y1="1355">(64770,1799,771)</Cell>
<Cell dontCare="false" endCol="0" endRow="7" startCol="0" startRow="7" x0="1346" x1="1747" y0="1355" y1="1390">(64770,2056,257)</Cell>
<Cell dontCare="false" endCol="1" endRow="7" startCol="1" startRow="7" x0="1747" x1="1924" y0="1355" y1="1390">(64770,2056,514)</Cell>
<Cell dontCare="false" endCol="2" endRow="7" startCol="2" startRow="7" x0="1924" x1="2212" y0="1355" y1="1390">(64770,2056,771)</Cell>
<Cell dontCare="false" endCol="0" endRow="8" startCol="0" startRow="8" x0="1346" x1="1747" y0="1390" y1="1425">(64770,2313,257)</Cell>
<Cell dontCare="false" endCol="1" endRow="8" startCol="1" startRow="8" x0="1747" x1="1924" y0="1390" y1="1425">(64770,2313,514)</Cell>
<Cell dontCare="false" endCol="2" endRow="8" startCol="2" startRow="8" x0="1924" x1="2212" y0="1390" y1="1425">(64770,2313,771)</Cell>
<Cell dontCare="false" endCol="0" endRow="9" startCol="0" startRow="9" x0="1346" x1="1747" y0="1425" y1="1462">(64770,2570,257)</Cell>
<Cell dontCare="false" endCol="1" endRow="9" startCol="1" startRow="9" x0="1747" x1="1924" y0="1425" y1="1462">(64770,2570,514)</Cell>
<Cell dontCare="false" endCol="2" endRow="9" startCol="2" startRow="9" x0="1924" x1="2212" y0="1425" y1="1462">(64770,2570,771)</Cell>
<Cell dontCare="false" endCol="0" endRow="10" startCol="0" startRow="10" x0="1346" x1="1747" y0="1462" y1="1498">(64770,2827,257)</Cell>
<Cell dontCare="false" endCol="1" endRow="10" startCol="1" startRow="10" x0="1747" x1="1924" y0="1462" y1="1498">(64770,2827,514)</Cell>
<Cell dontCare="false" endCol="2" endRow="10" startCol="2" startRow="10" x0="1924" x1="2212" y0="1462" y1="1498">(64770,2827,771)</Cell>
<Cell dontCare="false" endCol="0" endRow="11" startCol="0" startRow="11" x0="1346" x1="1747" y0="1498" y1="1537">(64770,3084,257)</Cell>
<Cell dontCare="false" endCol="1" endRow="11" startCol="1" startRow="11" x0="1747" x1="1924" y0="1498" y1="1537">(64770,3084,514)</Cell>
<Cell dontCare="false" endCol="2" endRow="11" startCol="2" startRow="11" x0="1924" x1="2212" y0="1498" y1="1537">(64770,3084,771)</Cell>
<Cell dontCare="false" endCol="0" endRow="12" startCol="0" startRow="12" x0="1346" x1="1747" y0="1537" y1="1574">(64770,3341,257)</Cell>
<Cell dontCare="false" endCol="1" endRow="12" startCol="1" startRow="12" x0="1747" x1="1924" y0="1537" y1="1574">(64770,3341,514)</Cell>
<Cell dontCare="false" endCol="2" endRow="12" startCol="2" startRow="12" x0="1924" x1="2212" y0="1537" y1="1574">(64770,3341,771)</Cell>
<Cell dontCare="false" endCol="0" endRow="13" startCol="0" startRow="13" x0="1346" x1="1747" y0="1574" y1="1610">(64770,3598,257)</Cell>
<Cell dontCare="false" endCol="1" endRow="13" startCol="1" startRow="13" x0="1747" x1="1924" y0="1574" y1="1610">(64770,3598,514)</Cell>
<Cell dontCare="false" endCol="2" endRow="13" startCol="2" startRow="13" x0="1924" x1="2212" y0="1574" y1="1610">(64770,3598,771)</Cell>
<Cell dontCare="false" endCol="0" endRow="14" startCol="0" startRow="14" x0="1346" x1="1747" y0="1610" y1="1660">(64770,3855,257)</Cell>
<Cell dontCare="false" endCol="1" endRow="14" startCol="1" startRow="14" x0="1747" x1="1924" y0="1610" y1="1660">(64770,3855,514)</Cell>
<Cell dontCare="false" endCol="2" endRow="14" startCol="2" startRow="14" x0="1924" x1="2212" y0="1610" y1="1660">(64770,3855,771)</Cell>
</Table>
<Table x0="904" x1="1774" y0="1784" y1="2326">
<Row x0="904" x1="1774" y0="1807" y1="1807"/>
<Row x0="904" x1="1774" y0="1838" y1="1838"/>
<Row x0="904" x1="1774" y0="1875" y1="1875"/>
<Row x0="904" x1="1774" y0="1911" y1="1911"/>
<Row x0="904" x1="1774" y0="1950" y1="1950"/>
<Row x0="904" x1="1774" y0="1985" y1="1985"/>
<Row x0="904" x1="1774" y0="2022" y1="2022"/>
<Row x0="904" x1="1774" y0="2060" y1="2060"/>
<Row x0="904" x1="1774" y0="2094" y1="2094"/>
<Row x0="904" x1="1774" y0="2134" y1="2134"/>
<Row x0="904" x1="1774" y0="2168" y1="2168"/>
<Row x0="904" x1="1774" y0="2207" y1="2207"/>
<Row x0="904" x1="1774" y0="2244" y1="2244"/>
<Row x0="904" x1="1774" y0="2280" y1="2280"/>
<Column x0="1304" x1="1304" y0="1784" y1="2326"/>
<Column x0="1472" x1="1472" y0="1784" y1="2326"/>
<Cell dontCare="false" endCol="0" endRow="0" startCol="0" startRow="0" x0="904" x1="1304" y0="1784" y1="1807">(64771,257,257)</Cell>
<Cell dontCare="false" endCol="1" endRow="0" startCol="1" startRow="0" x0="1304" x1="1472" y0="1784" y1="1807">(64771,257,514)</Cell>
<Cell dontCare="false" endCol="2" endRow="1" startCol="2" startRow="0" x0="1472" x1="1774" y0="1784" y1="1838">(64771,258,771)</Cell>
<Cell dontCare="false" endCol="0" endRow="1" startCol="0" startRow="1" x0="904" x1="1304" y0="1807" y1="1838">(64771,514,257)</Cell>
<Cell dontCare="false" endCol="1" endRow="1" startCol="1" startRow="1" x0="1304" x1="1472" y0="1807" y1="1838">(64771,514,514)</Cell>
<Cell dontCare="true" endCol="2" endRow="1" startCol="2" startRow="1" x0="1472" x1="1774" y0="1807" y1="1838">(64771,514,771)</Cell>
<Cell dontCare="false" endCol="0" endRow="2" startCol="0" startRow="2" x0="904" x1="1304" y0="1838" y1="1875">(64771,771,257)</Cell>
<Cell dontCare="false" endCol="1" endRow="2" startCol="1" startRow="2" x0="1304" x1="1472" y0="1838" y1="1875">(64771,771,514)</Cell>
<Cell dontCare="false" endCol="2" endRow="2" startCol="2" startRow="2" x0="1472" x1="1774" y0="1838" y1="1875">(64771,771,771)</Cell>
<Cell dontCare="false" endCol="0" endRow="3" startCol="0" startRow="3" x0="904" x1="1304" y0="1875" y1="1911">(64771,1028,257)</Cell>
<Cell dontCare="false" endCol="1" endRow="3" startCol="1" startRow="3" x0="1304" x1="1472" y0="1875" y1="1911">(64771,1028,514)</Cell>
<Cell dontCare="false" endCol="2" endRow="3" startCol="2" startRow="3" x0="1472" x1="1774" y0="1875" y1="1911">(64771,1028,771)</Cell>
<Cell dontCare="false" endCol="0" endRow="4" startCol="0" startRow="4" x0="904" x1="1304" y0="1911" y1="1950">(64771,1285,257)</Cell>
<Cell dontCare="false" endCol="1" endRow="4" startCol="1" startRow="4" x0="1304" x1="1472" y0="1911" y1="1950">(64771,1285,514)</Cell>
<Cell dontCare="false" endCol="2" endRow="4" startCol="2" startRow="4" x0="1472" x1="1774" y0="1911" y1="1950">(64771,1285,771)</Cell>
<Cell dontCare="false" endCol="0" endRow="5" startCol="0" startRow="5" x0="904" x1="1304" y0="1950" y1="1985">(64771,1542,257)</Cell>
<Cell dontCare="false" endCol="1" endRow="5" startCol="1" startRow="5" x0="1304" x1="1472" y0="1950" y1="1985">(64771,1542,514)</Cell>
<Cell dontCare="false" endCol="2" endRow="5" startCol="2" startRow="5" x0="1472" x1="1774" y0="1950" y1="1985">(64771,1542,771)</Cell>
<Cell dontCare="false" endCol="0" endRow="6" startCol="0" startRow="6" x0="904" x1="1304" y0="1985" y1="2022">(64771,1799,257)</Cell>
<Cell dontCare="false" endCol="1" endRow="6" startCol="1" startRow="6" x0="1304" x1="1472" y0="1985" y1="2022">(64771,1799,514)</Cell>
<Cell dontCare="false" endCol="2" endRow="6" startCol="2" startRow="6" x0="1472" x1="1774" y0="1985" y1="2022">(64771,1799,771)</Cell>
<Cell dontCare="false" endCol="0" endRow="7" startCol="0" startRow="7" x0="904" x1="1304" y0="2022" y1="2060">(64771,2056,257)</Cell>
<Cell dontCare="false" endCol="1" endRow="7" startCol="1" startRow="7" x0="1304" x1="1472" y0="2022" y1="2060">(64771,2056,514)</Cell>
<Cell dontCare="false" endCol="2" endRow="7" startCol="2" startRow="7" x0="1472" x1="1774" y0="2022" y1="2060">(64771,2056,771)</Cell>
<Cell dontCare="false" endCol="0" endRow="8" startCol="0" startRow="8" x0="904" x1="1304" y0="2060" y1="2094">(64771,2313,257)</Cell>
<Cell dontCare="false" endCol="1" endRow="8" startCol="1" startRow="8" x0="1304" x1="1472" y0="2060" y1="2094">(64771,2313,514)</Cell>
<Cell dontCare="false" endCol="2" endRow="8" startCol="2" startRow="8" x0="1472" x1="1774" y0="2060" y1="2094">(64771,2313,771)</Cell>
<Cell dontCare="false" endCol="0" endRow="9" startCol="0" startRow="9" x0="904" x1="1304" y0="2094" y1="2134">(64771,2570,257)</Cell>
<Cell dontCare="false" endCol="1" endRow="9" startCol="1" startRow="9" x0="1304" x1="1472" y0="2094" y1="2134">(64771,2570,514)</Cell>
<Cell dontCare="false" endCol="2" endRow="9" startCol="2" startRow="9" x0="1472" x1="1774" y0="2094" y1="2134">(64771,2570,771)</Cell>
<Cell dontCare="false" endCol="0" endRow="10" startCol="0" startRow="10" x0="904" x1="1304" y0="2134" y1="2168">(64771,2827,257)</Cell>
<Cell dontCare="false" endCol="1" endRow="10" startCol="1" startRow="10" x0="1304" x1="1472" y0="2134" y1="2168">(64771,2827,514)</Cell>
<Cell dontCare="false" endCol="2" endRow="10" startCol="2" startRow="10" x0="1472" x1="1774" y0="2134" y1="2168">(64771,2827,771)</Cell>
<Cell dontCare="false" endCol="0" endRow="11" startCol="0" startRow="11" x0="904" x1="1304" y0="2168" y1="2207">(64771,3084,257)</Cell>
<Cell dontCare="false" endCol="1" endRow="11" startCol="1" startRow="11" x0="1304" x1="1472" y0="2168" y1="2207">(64771,3084,514)</Cell>
<Cell dontCare="false" endCol="2" endRow="11" startCol="2" startRow="11" x0="1472" x1="1774" y0="2168" y1="2207">(64771,3084,771)</Cell>
<Cell dontCare="false" endCol="0" endRow="12" startCol="0" startRow="12" x0="904" x1="1304" y0="2207" y1="2244">(64771,3341,257)</Cell>
<Cell dontCare="false" endCol="1" endRow="12" startCol="1" startRow="12" x0="1304" x1="1472" y0="2207" y1="2244">(64771,3341,514)</Cell>
<Cell dontCare="false" endCol="2" endRow="12" startCol="2" startRow="12" x0="1472" x1="1774" y0="2207" y1="2244">(64771,3341,771)</Cell>
<Cell dontCare="false" endCol="0" endRow="13" startCol="0" startRow="13" x0="904" x1="1304" y0="2244" y1="2280">(64771,3598,257)</Cell>
<Cell dontCare="false" endCol="1" endRow="13" startCol="1" startRow="13" x0="1304" x1="1472" y0="2244" y1="2280">(64771,3598,514)</Cell>
<Cell dontCare="false" endCol="2" endRow="13" startCol="2" startRow="13" x0="1472" x1="1774" y0="2244" y1="2280">(64771,3598,771)</Cell>
<Cell dontCare="false" endCol="0" endRow="14" startCol="0" startRow="14" x0="904" x1="1304" y0="2280" y1="2326">(64771,3855,257)</Cell>
<Cell dontCare="false" endCol="1" endRow="14" startCol="1" startRow="14" x0="1304" x1="1472" y0="2280" y1="2326">(64771,3855,514)</Cell>
<Cell dontCare="false" endCol="2" endRow="14" startCol="2" startRow="14" x0="1472" x1="1774" y0="2280" y1="2326">(64771,3855,771)</Cell>
</Table>
<Table x0="1334" x1="2224" y0="2450" y1="2996">
<Row x0="1334" x1="2224" y0="2485" y1="2485"/>
<Row x0="1334" x1="2224" y0="2511" y1="2511"/>
<Row x0="1334" x1="2224" y0="2554" y1="2554"/>
<Row x0="1334" x1="2224" y0="2591" y1="2591"/>
<Row x0="1334" x1="2224" y0="2627" y1="2627"/>
<Row x0="1334" x1="2224" y0="2662" y1="2662"/>
<Row x0="1334" x1="2224" y0="2701" y1="2701"/>
<Row x0="1334" x1="2224" y0="2737" y1="2737"/>
<Row x0="1334" x1="2224" y0="2774" y1="2774"/>
<Row x0="1334" x1="2224" y0="2811" y1="2811"/>
<Row x0="1334" x1="2224" y0="2848" y1="2848"/>
<Row x0="1334" x1="2224" y0="2885" y1="2885"/>
<Row x0="1334" x1="2224" y0="2920" y1="2920"/>
<Row x0="1334" x1="2224" y0="2958" y1="2958"/>
<Column x0="1735" x1="1735" y0="2450" y1="2996"/>
<Column x0="1927" x1="1927" y0="2450" y1="2996"/>
<Cell dontCare="false" endCol="0" endRow="0" startCol="0" startRow="0" x0="1334" x1="1735" y0="2450" y1="2485">(64772,257,257)</Cell>
<Cell dontCare="false" endCol="1" endRow="0" startCol="1" startRow="0" x0="1735" x1="1927" y0="2450" y1="2485">(64772,257,514)</Cell>
<Cell dontCare="false" endCol="2" endRow="1" startCol="2" startRow="0" x0="1927" x1="2224" y0="2450" y1="2511">(64772,258,771)</Cell>
<Cell dontCare="false" endCol="0" endRow="1" startCol="0" startRow="1" x0="1334" x1="1735" y0="2485" y1="2511">(64772,514,257)</Cell>
<Cell dontCare="false" endCol="1" endRow="1" startCol="1" startRow="1" x0="1735" x1="1927" y0="2485" y1="2511">(64772,514,514)</Cell>
<Cell dontCare="true" endCol="2" endRow="1" startCol="2" startRow="1" x0="1927" x1="2224" y0="2485" y1="2511">(64772,514,771)</Cell>
<Cell dontCare="false" endCol="0" endRow="2" startCol="0" startRow="2" x0="1334" x1="1735" y0="2511" y1="2554">(64772,771,257)</Cell>
<Cell dontCare="false" endCol="1" endRow="2" startCol="1" startRow="2" x0="1735" x1="1927" y0="2511" y1="2554">(64772,771,514)</Cell>
<Cell dontCare="false" endCol="2" endRow="2" startCol="2" startRow="2" x0="1927" x1="2224" y0="2511" y1="2554">(64772,771,771)</Cell>
<Cell dontCare="false" endCol="0" endRow="3" startCol="0" startRow="3" x0="1334" x1="1735" y0="2554" y1="2591">(64772,1028,257)</Cell>
<Cell dontCare="false" endCol="1" endRow="3" startCol="1" startRow="3" x0="1735" x1="1927" y0="2554" y1="2591">(64772,1028,514)</Cell>
<Cell dontCare="false" endCol="2" endRow="3" startCol="2" startRow="3" x0="1927" x1="2224" y0="2554" y1="2591">(64772,1028,771)</Cell>
<Cell dontCare="false" endCol="0" endRow="4" startCol="0" startRow="4" x0="1334" x1="1735" y0="2591" y1="2627">(64772,1285,257)</Cell>
<Cell dontCare="false" endCol="1" endRow="4" startCol="1" startRow="4" x0="1735" x1="1927" y0="2591" y1="2627">(64772,1285,514)</Cell>
<Cell dontCare="false" endCol="2" endRow="4" startCol="2" startRow="4" x0="1927" x1="2224" y0="2591" y1="2627">(64772,1285,771)</Cell>
<Cell dontCare="false" endCol="0" endRow="5" startCol="0" startRow="5" x0="1334" x1="1735" y0="2627" y1="2662">(64772,1542,257)</Cell>
<Cell dontCare="false" endCol="1" endRow="5" startCol="1" startRow="5" x0="1735" x1="1927" y0="2627" y1="2662">(64772,1542,514)</Cell>
<Cell dontCare="false" endCol="2" endRow="5" startCol="2" startRow="5" x0="1927" x1="2224" y0="2627" y1="2662">(64772,1542,771)</Cell>
<Cell dontCare="false" endCol="0" endRow="6" startCol="0" startRow="6" x0="1334" x1="1735" y0="2662" y1="2701">(64772,1799,257)</Cell>
<Cell dontCare="false" endCol="1" endRow="6" startCol="1" startRow="6" x0="1735" x1="1927" y0="2662" y1="2701">(64772,1799,514)</Cell>
<Cell dontCare="false" endCol="2" endRow="6" startCol="2" startRow="6" x0="1927" x1="2224" y0="2662" y1="2701">(64772,1799,771)</Cell>
<Cell dontCare="false" endCol="0" endRow="7" startCol="0" startRow="7" x0="1334" x1="1735" y0="2701" y1="2737">(64772,2056,257)</Cell>
<Cell dontCare="false" endCol="1" endRow="7" startCol="1" startRow="7" x0="1735" x1="1927" y0="2701" y1="2737">(64772,2056,514)</Cell>
<Cell dontCare="false" endCol="2" endRow="7" startCol="2" startRow="7" x0="1927" x1="2224" y0="2701" y1="2737">(64772,2056,771)</Cell>
<Cell dontCare="false" endCol="0" endRow="8" startCol="0" startRow="8" x0="1334" x1="1735" y0="2737" y1="2774">(64772,2313,257)</Cell>
<Cell dontCare="false" endCol="1" endRow="8" startCol="1" startRow="8" x0="1735" x1="1927" y0="2737" y1="2774">(64772,2313,514)</Cell>
<Cell dontCare="false" endCol="2" endRow="8" startCol="2" startRow="8" x0="1927" x1="2224" y0="2737" y1="2774">(64772,2313,771)</Cell>
<Cell dontCare="false" endCol="0" endRow="9" startCol="0" startRow="9" x0="1334" x1="1735" y0="2774" y1="2811">(64772,2570,257)</Cell>
<Cell dontCare="false" endCol="1" endRow="9" startCol="1" startRow="9" x0="1735" x1="1927" y0="2774" y1="2811">(64772,2570,514)</Cell>
<Cell dontCare="false" endCol="2" endRow="9" startCol="2" startRow="9" x0="1927" x1="2224" y0="2774" y1="2811">(64772,2570,771)</Cell>
<Cell dontCare="false" endCol="0" endRow="10" startCol="0" startRow="10" x0="1334" x1="1735" y0="2811" y1="2848">(64772,2827,257)</Cell>
<Cell dontCare="false" endCol="1" endRow="10" startCol="1" startRow="10" x0="1735" x1="1927" y0="2811" y1="2848">(64772,2827,514)</Cell>
<Cell dontCare="false" endCol="2" endRow="10" startCol="2" startRow="10" x0="1927" x1="2224" y0="2811" y1="2848">(64772,2827,771)</Cell>
<Cell dontCare="false" endCol="0" endRow="11" startCol="0" startRow="11" x0="1334" x1="1735" y0="2848" y1="2885">(64772,3084,257)</Cell>
<Cell dontCare="false" endCol="1" endRow="11" startCol="1" startRow="11" x0="1735" x1="1927" y0="2848" y1="2885">(64772,3084,514)</Cell>
<Cell dontCare="false" endCol="2" endRow="11" startCol="2" startRow="11" x0="1927" x1="2224" y0="2848" y1="2885">(64772,3084,771)</Cell>
<Cell dontCare="false" endCol="0" endRow="12" startCol="0" startRow="12" x0="1334" x1="1735" y0="2885" y1="2920">(64772,3341,257)</Cell>
<Cell dontCare="false" endCol="1" endRow="12" startCol="1" startRow="12" x0="1735" x1="1927" y0="2885" y1="2920">(64772,3341,514)</Cell>
<Cell dontCare="false" endCol="2" endRow="12" startCol="2" startRow="12" x0="1927" x1="2224" y0="2885" y1="2920">(64772,3341,771)</Cell>
<Cell dontCare="false" endCol="0" endRow="13" startCol="0" startRow="13" x0="1334" x1="1735" y0="2920" y1="2958">(64772,3598,257)</Cell>
<Cell dontCare="false" endCol="1" endRow="13" startCol="1" startRow="13" x0="1735" x1="1927" y0="2920" y1="2958">(64772,3598,514)</Cell>
<Cell dontCare="false" endCol="2" endRow="13" startCol="2" startRow="13" x0="1927" x1="2224" y0="2920" y1="2958">(64772,3598,771)</Cell>
<Cell dontCare="false" endCol="0" endRow="14" startCol="0" startRow="14" x0="1334" x1="1735" y0="2958" y1="2996">(64772,3855,257)</Cell>
<Cell dontCare="false" endCol="1" endRow="14" startCol="1" startRow="14" x0="1735" x1="1927" y0="2958" y1="2996">(64772,3855,514)</Cell>
<Cell dontCare="false" endCol="2" endRow="14" startCol="2" startRow="14" x0="1927" x1="2224" y0="2958" y1="2996">(64772,3855,771)</Cell>
</Table>
</Tables>
</GroundTruth>
