<?xml version="1.0" encoding="UTF-8" standalone="no"?>
<GroundTruth InputFile="C:\Dokumente und Einstellungen\mehmood\Desktop\dataset\skew_corrected\unlv_tables_bin_test\8333_033.png">
<Tables>
<Table x0="154" x1="598" y0="2748" y1="3096">
<Row x0="154" x1="598" y0="2804" y1="2804"/>
<Row x0="154" x1="598" y0="2864" y1="2864"/>
<Row x0="154" x1="598" y0="2916" y1="2916"/>
<Row x0="154" x1="598" y0="2978" y1="2978"/>
<Row x0="154" x1="598" y0="3028" y1="3028"/>
<Column x0="290" x1="290" y0="2748" y1="3096"/>
<Cell dontCare="false" endCol="0" endRow="0" startCol="0" startRow="0" x0="154" x1="290" y0="2748" y1="2804">(64769,257,257)</Cell>
<Cell dontCare="false" endCol="1" endRow="0" startCol="1" startRow="0" x0="290" x1="598" y0="2748" y1="2804">(64769,257,514)</Cell>
<Cell dontCare="false" endCol="0" endRow="1" startCol="0" startRow="1" x0="154" x1="290" y0="2804" y1="2864">(64769,514,257)</Cell>
<Cell dontCare="false" endCol="1" endRow="1" startCol="1" startRow="1" x0="290" x1="598" y0="2804" y1="2864">(64769,514,514)</Cell>
<Cell dontCare="false" endCol="0" endRow="2" startCol="0" startRow="2" x0="154" x1="290" y0="2864" y1="2916">(64769,771,257)</Cell>
<Cell dontCare="false" endCol="1" endRow="2" startCol="1" startRow="2" x0="290" x1="598" y0="2864" y1="2916">(64769,771,514)</Cell>
<Cell dontCare="false" endCol="0" endRow="3" startCol="0" startRow="3" x0="154" x1="290" y0="2916" y1="2978">(64769,1028,257)</Cell>
<Cell dontCare="false" endCol="1" endRow="3" startCol="1" startRow="3" x0="290" x1="598" y0="2916" y1="2978">(64769,1028,514)</Cell>
<Cell dontCare="false" endCol="0" endRow="4" startCol="0" startRow="4" x0="154" x1="290" y0="2978" y1="3028">(64769,1285,257)</Cell>
<Cell dontCare="false" endCol="1" endRow="4" startCol="1" startRow="4" x0="290" x1="598" y0="2978" y1="3028">(64769,1285,514)</Cell>
<Cell dontCare="false" endCol="0" endRow="5" startCol="0" startRow="5" x0="154" x1="290" y0="3028" y1="3096">(64769,1542,257)</Cell>
<Cell dontCare="false" endCol="1" endRow="5" startCol="1" startRow="5" x0="290" x1="598" y0="3028" y1="3096">(64769,1542,514)</Cell>
</Table>
</Tables>
</GroundTruth>
