<?xml version="1.0" encoding="UTF-8" standalone="no"?>
<GroundTruth InputFile="C:\Dokumente und Einstellungen\mehmood\Desktop\task_december\problem_files\8336_070.png">
<Tables>
<Table x0="220" x1="2266" y0="700" y1="2796">
<Row x0="220" x1="2266" y0="734" y1="734"/>
<Row x0="220" x1="2266" y0="774" y1="774"/>
<Row x0="220" x1="2266" y0="836" y1="836"/>
<Row x0="220" x1="2266" y0="892" y1="892"/>
<Row x0="220" x1="2266" y0="930" y1="930"/>
<Row x0="220" x1="2266" y0="972" y1="972"/>
<Row x0="220" x1="2266" y0="1014" y1="1014"/>
<Row x0="220" x1="2266" y0="1056" y1="1056"/>
<Row x0="220" x1="2266" y0="1096" y1="1096"/>
<Row x0="220" x1="2266" y0="1138" y1="1138"/>
<Row x0="220" x1="2266" y0="1176" y1="1176"/>
<Row x0="220" x1="2266" y0="1224" y1="1224"/>
<Row x0="220" x1="2266" y0="1264" y1="1264"/>
<Row x0="220" x1="2266" y0="1306" y1="1306"/>
<Row x0="220" x1="2266" y0="1372" y1="1372"/>
<Row x0="220" x1="2266" y0="1414" y1="1414"/>
<Row x0="220" x1="2266" y0="1454" y1="1454"/>
<Row x0="220" x1="2266" y0="1500" y1="1500"/>
<Row x0="220" x1="2266" y0="1536" y1="1536"/>
<Row x0="220" x1="2266" y0="1584" y1="1584"/>
<Row x0="220" x1="2266" y0="1624" y1="1624"/>
<Row x0="220" x1="2266" y0="1664" y1="1664"/>
<Row x0="220" x1="2266" y0="1706" y1="1706"/>
<Row x0="220" x1="2266" y0="1744" y1="1744"/>
<Row x0="220" x1="2266" y0="1790" y1="1790"/>
<Row x0="220" x1="2266" y0="1854" y1="1854"/>
<Row x0="220" x1="2266" y0="1894" y1="1894"/>
<Row x0="220" x1="2266" y0="1938" y1="1938"/>
<Row x0="220" x1="2266" y0="1978" y1="1978"/>
<Row x0="220" x1="2266" y0="2024" y1="2024"/>
<Row x0="220" x1="2266" y0="2064" y1="2064"/>
<Row x0="220" x1="2266" y0="2104" y1="2104"/>
<Row x0="220" x1="2266" y0="2144" y1="2144"/>
<Row x0="220" x1="2266" y0="2186" y1="2186"/>
<Row x0="220" x1="2266" y0="2230" y1="2230"/>
<Row x0="220" x1="2266" y0="2278" y1="2278"/>
<Row x0="220" x1="2266" y0="2338" y1="2338"/>
<Row x0="220" x1="2266" y0="2382" y1="2382"/>
<Row x0="220" x1="2266" y0="2420" y1="2420"/>
<Row x0="220" x1="2266" y0="2462" y1="2462"/>
<Row x0="220" x1="2266" y0="2502" y1="2502"/>
<Row x0="220" x1="2266" y0="2546" y1="2546"/>
<Row x0="220" x1="2266" y0="2590" y1="2590"/>
<Row x0="220" x1="2266" y0="2630" y1="2630"/>
<Row x0="220" x1="2266" y0="2672" y1="2672"/>
<Row x0="220" x1="2266" y0="2712" y1="2712"/>
<Row x0="220" x1="2266" y0="2756" y1="2756"/>
<Column x0="743" x1="743" y0="700" y1="2796"/>
<Column x0="873" x1="873" y0="700" y1="2796"/>
<Column x0="1013" x1="1013" y0="700" y1="2796"/>
<Column x0="1110" x1="1110" y0="700" y1="2796"/>
<Column x0="1200" x1="1200" y0="700" y1="2796"/>
<Column x0="1293" x1="1293" y0="700" y1="2796"/>
<Column x0="1373" x1="1373" y0="700" y1="2796"/>
<Column x0="1530" x1="1530" y0="700" y1="2796"/>
<Column x0="1606" x1="1606" y0="700" y1="2796"/>
<Column x0="1676" x1="1676" y0="700" y1="2796"/>
<Column x0="1793" x1="1793" y0="700" y1="2796"/>
<Column x0="1923" x1="1923" y0="700" y1="2796"/>
<Column x0="2073" x1="2073" y0="700" y1="2796"/>
<Cell dontCare="false" endCol="0" endRow="0" startCol="0" startRow="0" x0="220" x1="743" y0="700" y1="734">(64769,257,257)</Cell>
<Cell dontCare="false" endCol="1" endRow="0" startCol="1" startRow="0" x0="743" x1="873" y0="700" y1="734">(64769,257,514)</Cell>
<Cell dontCare="false" endCol="2" endRow="0" startCol="2" startRow="0" x0="873" x1="1013" y0="700" y1="734">(64769,257,771)</Cell>
<Cell dontCare="false" endCol="3" endRow="0" startCol="3" startRow="0" x0="1013" x1="1110" y0="700" y1="734">(64769,257,1028)</Cell>
<Cell dontCare="false" endCol="6" endRow="1" startCol="4" startRow="0" x0="1110" x1="1373" y0="700" y1="774">(64769,258,1287)</Cell>
<Cell dontCare="true" endCol="5" endRow="0" startCol="5" startRow="0" x0="1200" x1="1293" y0="700" y1="734">(64769,257,1542)</Cell>
<Cell dontCare="true" endCol="6" endRow="0" startCol="6" startRow="0" x0="1293" x1="1373" y0="700" y1="734">(64769,257,1799)</Cell>
<Cell dontCare="false" endCol="7" endRow="2" startCol="7" startRow="0" x0="1373" x1="1530" y0="700" y1="836">(64769,259,2056)</Cell>
<Cell dontCare="false" endCol="10" endRow="0" startCol="8" startRow="0" x0="1530" x1="1793" y0="700" y1="734">(64769,257,2315)</Cell>
<Cell dontCare="true" endCol="9" endRow="0" startCol="9" startRow="0" x0="1606" x1="1676" y0="700" y1="734">(64769,257,2570)</Cell>
<Cell dontCare="true" endCol="10" endRow="0" startCol="10" startRow="0" x0="1676" x1="1793" y0="700" y1="734">(64769,257,2827)</Cell>
<Cell dontCare="false" endCol="11" endRow="2" startCol="11" startRow="0" x0="1793" x1="1923" y0="700" y1="836">(64769,259,3084)</Cell>
<Cell dontCare="false" endCol="12" endRow="0" startCol="12" startRow="0" x0="1923" x1="2073" y0="700" y1="734">(64769,257,3341)</Cell>
<Cell dontCare="false" endCol="13" endRow="0" startCol="13" startRow="0" x0="2073" x1="2266" y0="700" y1="734">(64769,257,3598)</Cell>
<Cell dontCare="false" endCol="0" endRow="1" startCol="0" startRow="1" x0="220" x1="743" y0="734" y1="774">(64769,514,257)</Cell>
<Cell dontCare="false" endCol="1" endRow="1" startCol="1" startRow="1" x0="743" x1="873" y0="734" y1="774">(64769,514,514)</Cell>
<Cell dontCare="false" endCol="2" endRow="1" startCol="2" startRow="1" x0="873" x1="1013" y0="734" y1="774">(64769,514,771)</Cell>
<Cell dontCare="false" endCol="3" endRow="1" startCol="3" startRow="1" x0="1013" x1="1110" y0="734" y1="774">(64769,514,1028)</Cell>
<Cell dontCare="true" endCol="6" endRow="1" startCol="4" startRow="1" x0="1110" x1="1373" y0="734" y1="774">(64769,514,1287)</Cell>
<Cell dontCare="true" endCol="5" endRow="1" startCol="5" startRow="1" x0="1200" x1="1293" y0="734" y1="774">(64769,514,1542)</Cell>
<Cell dontCare="true" endCol="6" endRow="1" startCol="6" startRow="1" x0="1293" x1="1373" y0="734" y1="774">(64769,514,1799)</Cell>
<Cell dontCare="true" endCol="7" endRow="1" startCol="7" startRow="1" x0="1373" x1="1530" y0="734" y1="774">(64769,514,2056)</Cell>
<Cell dontCare="false" endCol="8" endRow="1" startCol="8" startRow="1" x0="1530" x1="1606" y0="734" y1="774">(64769,514,2313)</Cell>
<Cell dontCare="false" endCol="9" endRow="1" startCol="9" startRow="1" x0="1606" x1="1676" y0="734" y1="774">(64769,514,2570)</Cell>
<Cell dontCare="false" endCol="10" endRow="2" startCol="10" startRow="1" x0="1676" x1="1793" y0="734" y1="836">(64769,515,2827)</Cell>
<Cell dontCare="true" endCol="11" endRow="1" startCol="11" startRow="1" x0="1793" x1="1923" y0="734" y1="774">(64769,514,3084)</Cell>
<Cell dontCare="false" endCol="12" endRow="2" startCol="12" startRow="1" x0="1923" x1="2073" y0="734" y1="836">(64769,515,3341)</Cell>
<Cell dontCare="false" endCol="13" endRow="1" startCol="13" startRow="1" x0="2073" x1="2266" y0="734" y1="774">(64769,514,3598)</Cell>
<Cell dontCare="false" endCol="0" endRow="2" startCol="0" startRow="2" x0="220" x1="743" y0="774" y1="836">(64769,771,257)</Cell>
<Cell dontCare="false" endCol="1" endRow="2" startCol="1" startRow="2" x0="743" x1="873" y0="774" y1="836">(64769,771,514)</Cell>
<Cell dontCare="false" endCol="2" endRow="2" startCol="2" startRow="2" x0="873" x1="1013" y0="774" y1="836">(64769,771,771)</Cell>
<Cell dontCare="false" endCol="3" endRow="2" startCol="3" startRow="2" x0="1013" x1="1110" y0="774" y1="836">(64769,771,1028)</Cell>
<Cell dontCare="false" endCol="4" endRow="2" startCol="4" startRow="2" x0="1110" x1="1200" y0="774" y1="836">(64769,771,1285)</Cell>
<Cell dontCare="false" endCol="5" endRow="2" startCol="5" startRow="2" x0="1200" x1="1293" y0="774" y1="836">(64769,771,1542)</Cell>
<Cell dontCare="false" endCol="6" endRow="2" startCol="6" startRow="2" x0="1293" x1="1373" y0="774" y1="836">(64769,771,1799)</Cell>
<Cell dontCare="true" endCol="7" endRow="2" startCol="7" startRow="2" x0="1373" x1="1530" y0="774" y1="836">(64769,771,2056)</Cell>
<Cell dontCare="false" endCol="8" endRow="2" startCol="8" startRow="2" x0="1530" x1="1606" y0="774" y1="836">(64769,771,2313)</Cell>
<Cell dontCare="false" endCol="9" endRow="2" startCol="9" startRow="2" x0="1606" x1="1676" y0="774" y1="836">(64769,771,2570)</Cell>
<Cell dontCare="true" endCol="10" endRow="2" startCol="10" startRow="2" x0="1676" x1="1793" y0="774" y1="836">(64769,771,2827)</Cell>
<Cell dontCare="true" endCol="11" endRow="2" startCol="11" startRow="2" x0="1793" x1="1923" y0="774" y1="836">(64769,771,3084)</Cell>
<Cell dontCare="true" endCol="12" endRow="2" startCol="12" startRow="2" x0="1923" x1="2073" y0="774" y1="836">(64769,771,3341)</Cell>
<Cell dontCare="false" endCol="13" endRow="2" startCol="13" startRow="2" x0="2073" x1="2266" y0="774" y1="836">(64769,771,3598)</Cell>
<Cell dontCare="false" endCol="13" endRow="3" startCol="0" startRow="3" x0="220" x1="2266" y0="836" y1="892">(64769,1028,270)</Cell>
<Cell dontCare="true" endCol="1" endRow="3" startCol="1" startRow="3" x0="743" x1="873" y0="836" y1="892">(64769,1028,514)</Cell>
<Cell dontCare="true" endCol="2" endRow="3" startCol="2" startRow="3" x0="873" x1="1013" y0="836" y1="892">(64769,1028,771)</Cell>
<Cell dontCare="true" endCol="3" endRow="3" startCol="3" startRow="3" x0="1013" x1="1110" y0="836" y1="892">(64769,1028,1028)</Cell>
<Cell dontCare="true" endCol="4" endRow="3" startCol="4" startRow="3" x0="1110" x1="1200" y0="836" y1="892">(64769,1028,1285)</Cell>
<Cell dontCare="true" endCol="5" endRow="3" startCol="5" startRow="3" x0="1200" x1="1293" y0="836" y1="892">(64769,1028,1542)</Cell>
<Cell dontCare="true" endCol="6" endRow="3" startCol="6" startRow="3" x0="1293" x1="1373" y0="836" y1="892">(64769,1028,1799)</Cell>
<Cell dontCare="true" endCol="7" endRow="3" startCol="7" startRow="3" x0="1373" x1="1530" y0="836" y1="892">(64769,1028,2056)</Cell>
<Cell dontCare="true" endCol="8" endRow="3" startCol="8" startRow="3" x0="1530" x1="1606" y0="836" y1="892">(64769,1028,2313)</Cell>
<Cell dontCare="true" endCol="9" endRow="3" startCol="9" startRow="3" x0="1606" x1="1676" y0="836" y1="892">(64769,1028,2570)</Cell>
<Cell dontCare="true" endCol="10" endRow="3" startCol="10" startRow="3" x0="1676" x1="1793" y0="836" y1="892">(64769,1028,2827)</Cell>
<Cell dontCare="true" endCol="11" endRow="3" startCol="11" startRow="3" x0="1793" x1="1923" y0="836" y1="892">(64769,1028,3084)</Cell>
<Cell dontCare="true" endCol="12" endRow="3" startCol="12" startRow="3" x0="1923" x1="2073" y0="836" y1="892">(64769,1028,3341)</Cell>
<Cell dontCare="true" endCol="13" endRow="3" startCol="13" startRow="3" x0="2073" x1="2266" y0="836" y1="892">(64769,1028,3598)</Cell>
<Cell dontCare="false" endCol="0" endRow="4" startCol="0" startRow="4" x0="220" x1="743" y0="892" y1="930">(64769,1285,257)</Cell>
<Cell dontCare="false" endCol="1" endRow="4" startCol="1" startRow="4" x0="743" x1="873" y0="892" y1="930">(64769,1285,514)</Cell>
<Cell dontCare="false" endCol="2" endRow="4" startCol="2" startRow="4" x0="873" x1="1013" y0="892" y1="930">(64769,1285,771)</Cell>
<Cell dontCare="false" endCol="3" endRow="4" startCol="3" startRow="4" x0="1013" x1="1110" y0="892" y1="930">(64769,1285,1028)</Cell>
<Cell dontCare="false" endCol="4" endRow="4" startCol="4" startRow="4" x0="1110" x1="1200" y0="892" y1="930">(64769,1285,1285)</Cell>
<Cell dontCare="false" endCol="5" endRow="4" startCol="5" startRow="4" x0="1200" x1="1293" y0="892" y1="930">(64769,1285,1542)</Cell>
<Cell dontCare="false" endCol="6" endRow="4" startCol="6" startRow="4" x0="1293" x1="1373" y0="892" y1="930">(64769,1285,1799)</Cell>
<Cell dontCare="false" endCol="7" endRow="4" startCol="7" startRow="4" x0="1373" x1="1530" y0="892" y1="930">(64769,1285,2056)</Cell>
<Cell dontCare="false" endCol="8" endRow="4" startCol="8" startRow="4" x0="1530" x1="1606" y0="892" y1="930">(64769,1285,2313)</Cell>
<Cell dontCare="false" endCol="9" endRow="4" startCol="9" startRow="4" x0="1606" x1="1676" y0="892" y1="930">(64769,1285,2570)</Cell>
<Cell dontCare="false" endCol="10" endRow="4" startCol="10" startRow="4" x0="1676" x1="1793" y0="892" y1="930">(64769,1285,2827)</Cell>
<Cell dontCare="false" endCol="11" endRow="4" startCol="11" startRow="4" x0="1793" x1="1923" y0="892" y1="930">(64769,1285,3084)</Cell>
<Cell dontCare="false" endCol="12" endRow="4" startCol="12" startRow="4" x0="1923" x1="2073" y0="892" y1="930">(64769,1285,3341)</Cell>
<Cell dontCare="false" endCol="13" endRow="4" startCol="13" startRow="4" x0="2073" x1="2266" y0="892" y1="930">(64769,1285,3598)</Cell>
<Cell dontCare="false" endCol="0" endRow="5" startCol="0" startRow="5" x0="220" x1="743" y0="930" y1="972">(64769,1542,257)</Cell>
<Cell dontCare="false" endCol="1" endRow="5" startCol="1" startRow="5" x0="743" x1="873" y0="930" y1="972">(64769,1542,514)</Cell>
<Cell dontCare="false" endCol="2" endRow="5" startCol="2" startRow="5" x0="873" x1="1013" y0="930" y1="972">(64769,1542,771)</Cell>
<Cell dontCare="false" endCol="3" endRow="5" startCol="3" startRow="5" x0="1013" x1="1110" y0="930" y1="972">(64769,1542,1028)</Cell>
<Cell dontCare="false" endCol="4" endRow="5" startCol="4" startRow="5" x0="1110" x1="1200" y0="930" y1="972">(64769,1542,1285)</Cell>
<Cell dontCare="false" endCol="5" endRow="5" startCol="5" startRow="5" x0="1200" x1="1293" y0="930" y1="972">(64769,1542,1542)</Cell>
<Cell dontCare="false" endCol="6" endRow="5" startCol="6" startRow="5" x0="1293" x1="1373" y0="930" y1="972">(64769,1542,1799)</Cell>
<Cell dontCare="false" endCol="7" endRow="5" startCol="7" startRow="5" x0="1373" x1="1530" y0="930" y1="972">(64769,1542,2056)</Cell>
<Cell dontCare="false" endCol="8" endRow="5" startCol="8" startRow="5" x0="1530" x1="1606" y0="930" y1="972">(64769,1542,2313)</Cell>
<Cell dontCare="false" endCol="9" endRow="5" startCol="9" startRow="5" x0="1606" x1="1676" y0="930" y1="972">(64769,1542,2570)</Cell>
<Cell dontCare="false" endCol="10" endRow="5" startCol="10" startRow="5" x0="1676" x1="1793" y0="930" y1="972">(64769,1542,2827)</Cell>
<Cell dontCare="false" endCol="11" endRow="5" startCol="11" startRow="5" x0="1793" x1="1923" y0="930" y1="972">(64769,1542,3084)</Cell>
<Cell dontCare="false" endCol="12" endRow="5" startCol="12" startRow="5" x0="1923" x1="2073" y0="930" y1="972">(64769,1542,3341)</Cell>
<Cell dontCare="false" endCol="13" endRow="5" startCol="13" startRow="5" x0="2073" x1="2266" y0="930" y1="972">(64769,1542,3598)</Cell>
<Cell dontCare="false" endCol="0" endRow="6" startCol="0" startRow="6" x0="220" x1="743" y0="972" y1="1014">(64769,1799,257)</Cell>
<Cell dontCare="false" endCol="1" endRow="6" startCol="1" startRow="6" x0="743" x1="873" y0="972" y1="1014">(64769,1799,514)</Cell>
<Cell dontCare="false" endCol="2" endRow="6" startCol="2" startRow="6" x0="873" x1="1013" y0="972" y1="1014">(64769,1799,771)</Cell>
<Cell dontCare="false" endCol="3" endRow="6" startCol="3" startRow="6" x0="1013" x1="1110" y0="972" y1="1014">(64769,1799,1028)</Cell>
<Cell dontCare="false" endCol="4" endRow="6" startCol="4" startRow="6" x0="1110" x1="1200" y0="972" y1="1014">(64769,1799,1285)</Cell>
<Cell dontCare="false" endCol="5" endRow="6" startCol="5" startRow="6" x0="1200" x1="1293" y0="972" y1="1014">(64769,1799,1542)</Cell>
<Cell dontCare="false" endCol="6" endRow="6" startCol="6" startRow="6" x0="1293" x1="1373" y0="972" y1="1014">(64769,1799,1799)</Cell>
<Cell dontCare="false" endCol="7" endRow="6" startCol="7" startRow="6" x0="1373" x1="1530" y0="972" y1="1014">(64769,1799,2056)</Cell>
<Cell dontCare="false" endCol="8" endRow="6" startCol="8" startRow="6" x0="1530" x1="1606" y0="972" y1="1014">(64769,1799,2313)</Cell>
<Cell dontCare="false" endCol="9" endRow="6" startCol="9" startRow="6" x0="1606" x1="1676" y0="972" y1="1014">(64769,1799,2570)</Cell>
<Cell dontCare="false" endCol="10" endRow="6" startCol="10" startRow="6" x0="1676" x1="1793" y0="972" y1="1014">(64769,1799,2827)</Cell>
<Cell dontCare="false" endCol="11" endRow="6" startCol="11" startRow="6" x0="1793" x1="1923" y0="972" y1="1014">(64769,1799,3084)</Cell>
<Cell dontCare="false" endCol="12" endRow="6" startCol="12" startRow="6" x0="1923" x1="2073" y0="972" y1="1014">(64769,1799,3341)</Cell>
<Cell dontCare="false" endCol="13" endRow="6" startCol="13" startRow="6" x0="2073" x1="2266" y0="972" y1="1014">(64769,1799,3598)</Cell>
<Cell dontCare="false" endCol="0" endRow="7" startCol="0" startRow="7" x0="220" x1="743" y0="1014" y1="1056">(64769,2056,257)</Cell>
<Cell dontCare="false" endCol="1" endRow="7" startCol="1" startRow="7" x0="743" x1="873" y0="1014" y1="1056">(64769,2056,514)</Cell>
<Cell dontCare="false" endCol="2" endRow="7" startCol="2" startRow="7" x0="873" x1="1013" y0="1014" y1="1056">(64769,2056,771)</Cell>
<Cell dontCare="false" endCol="3" endRow="7" startCol="3" startRow="7" x0="1013" x1="1110" y0="1014" y1="1056">(64769,2056,1028)</Cell>
<Cell dontCare="false" endCol="4" endRow="7" startCol="4" startRow="7" x0="1110" x1="1200" y0="1014" y1="1056">(64769,2056,1285)</Cell>
<Cell dontCare="false" endCol="5" endRow="7" startCol="5" startRow="7" x0="1200" x1="1293" y0="1014" y1="1056">(64769,2056,1542)</Cell>
<Cell dontCare="false" endCol="6" endRow="7" startCol="6" startRow="7" x0="1293" x1="1373" y0="1014" y1="1056">(64769,2056,1799)</Cell>
<Cell dontCare="false" endCol="7" endRow="7" startCol="7" startRow="7" x0="1373" x1="1530" y0="1014" y1="1056">(64769,2056,2056)</Cell>
<Cell dontCare="false" endCol="8" endRow="7" startCol="8" startRow="7" x0="1530" x1="1606" y0="1014" y1="1056">(64769,2056,2313)</Cell>
<Cell dontCare="false" endCol="9" endRow="7" startCol="9" startRow="7" x0="1606" x1="1676" y0="1014" y1="1056">(64769,2056,2570)</Cell>
<Cell dontCare="false" endCol="10" endRow="7" startCol="10" startRow="7" x0="1676" x1="1793" y0="1014" y1="1056">(64769,2056,2827)</Cell>
<Cell dontCare="false" endCol="11" endRow="7" startCol="11" startRow="7" x0="1793" x1="1923" y0="1014" y1="1056">(64769,2056,3084)</Cell>
<Cell dontCare="false" endCol="12" endRow="7" startCol="12" startRow="7" x0="1923" x1="2073" y0="1014" y1="1056">(64769,2056,3341)</Cell>
<Cell dontCare="false" endCol="13" endRow="7" startCol="13" startRow="7" x0="2073" x1="2266" y0="1014" y1="1056">(64769,2056,3598)</Cell>
<Cell dontCare="false" endCol="0" endRow="8" startCol="0" startRow="8" x0="220" x1="743" y0="1056" y1="1096">(64769,2313,257)</Cell>
<Cell dontCare="false" endCol="1" endRow="8" startCol="1" startRow="8" x0="743" x1="873" y0="1056" y1="1096">(64769,2313,514)</Cell>
<Cell dontCare="false" endCol="2" endRow="8" startCol="2" startRow="8" x0="873" x1="1013" y0="1056" y1="1096">(64769,2313,771)</Cell>
<Cell dontCare="false" endCol="3" endRow="8" startCol="3" startRow="8" x0="1013" x1="1110" y0="1056" y1="1096">(64769,2313,1028)</Cell>
<Cell dontCare="false" endCol="4" endRow="8" startCol="4" startRow="8" x0="1110" x1="1200" y0="1056" y1="1096">(64769,2313,1285)</Cell>
<Cell dontCare="false" endCol="5" endRow="8" startCol="5" startRow="8" x0="1200" x1="1293" y0="1056" y1="1096">(64769,2313,1542)</Cell>
<Cell dontCare="false" endCol="6" endRow="8" startCol="6" startRow="8" x0="1293" x1="1373" y0="1056" y1="1096">(64769,2313,1799)</Cell>
<Cell dontCare="false" endCol="7" endRow="8" startCol="7" startRow="8" x0="1373" x1="1530" y0="1056" y1="1096">(64769,2313,2056)</Cell>
<Cell dontCare="false" endCol="8" endRow="8" startCol="8" startRow="8" x0="1530" x1="1606" y0="1056" y1="1096">(64769,2313,2313)</Cell>
<Cell dontCare="false" endCol="9" endRow="8" startCol="9" startRow="8" x0="1606" x1="1676" y0="1056" y1="1096">(64769,2313,2570)</Cell>
<Cell dontCare="false" endCol="10" endRow="8" startCol="10" startRow="8" x0="1676" x1="1793" y0="1056" y1="1096">(64769,2313,2827)</Cell>
<Cell dontCare="false" endCol="11" endRow="8" startCol="11" startRow="8" x0="1793" x1="1923" y0="1056" y1="1096">(64769,2313,3084)</Cell>
<Cell dontCare="false" endCol="12" endRow="8" startCol="12" startRow="8" x0="1923" x1="2073" y0="1056" y1="1096">(64769,2313,3341)</Cell>
<Cell dontCare="false" endCol="13" endRow="8" startCol="13" startRow="8" x0="2073" x1="2266" y0="1056" y1="1096">(64769,2313,3598)</Cell>
<Cell dontCare="false" endCol="0" endRow="9" startCol="0" startRow="9" x0="220" x1="743" y0="1096" y1="1138">(64769,2570,257)</Cell>
<Cell dontCare="false" endCol="1" endRow="9" startCol="1" startRow="9" x0="743" x1="873" y0="1096" y1="1138">(64769,2570,514)</Cell>
<Cell dontCare="false" endCol="2" endRow="9" startCol="2" startRow="9" x0="873" x1="1013" y0="1096" y1="1138">(64769,2570,771)</Cell>
<Cell dontCare="false" endCol="3" endRow="9" startCol="3" startRow="9" x0="1013" x1="1110" y0="1096" y1="1138">(64769,2570,1028)</Cell>
<Cell dontCare="false" endCol="4" endRow="9" startCol="4" startRow="9" x0="1110" x1="1200" y0="1096" y1="1138">(64769,2570,1285)</Cell>
<Cell dontCare="false" endCol="5" endRow="9" startCol="5" startRow="9" x0="1200" x1="1293" y0="1096" y1="1138">(64769,2570,1542)</Cell>
<Cell dontCare="false" endCol="6" endRow="9" startCol="6" startRow="9" x0="1293" x1="1373" y0="1096" y1="1138">(64769,2570,1799)</Cell>
<Cell dontCare="false" endCol="7" endRow="9" startCol="7" startRow="9" x0="1373" x1="1530" y0="1096" y1="1138">(64769,2570,2056)</Cell>
<Cell dontCare="false" endCol="8" endRow="9" startCol="8" startRow="9" x0="1530" x1="1606" y0="1096" y1="1138">(64769,2570,2313)</Cell>
<Cell dontCare="false" endCol="9" endRow="9" startCol="9" startRow="9" x0="1606" x1="1676" y0="1096" y1="1138">(64769,2570,2570)</Cell>
<Cell dontCare="false" endCol="10" endRow="9" startCol="10" startRow="9" x0="1676" x1="1793" y0="1096" y1="1138">(64769,2570,2827)</Cell>
<Cell dontCare="false" endCol="11" endRow="9" startCol="11" startRow="9" x0="1793" x1="1923" y0="1096" y1="1138">(64769,2570,3084)</Cell>
<Cell dontCare="false" endCol="12" endRow="9" startCol="12" startRow="9" x0="1923" x1="2073" y0="1096" y1="1138">(64769,2570,3341)</Cell>
<Cell dontCare="false" endCol="13" endRow="9" startCol="13" startRow="9" x0="2073" x1="2266" y0="1096" y1="1138">(64769,2570,3598)</Cell>
<Cell dontCare="false" endCol="0" endRow="10" startCol="0" startRow="10" x0="220" x1="743" y0="1138" y1="1176">(64769,2827,257)</Cell>
<Cell dontCare="false" endCol="1" endRow="10" startCol="1" startRow="10" x0="743" x1="873" y0="1138" y1="1176">(64769,2827,514)</Cell>
<Cell dontCare="false" endCol="2" endRow="10" startCol="2" startRow="10" x0="873" x1="1013" y0="1138" y1="1176">(64769,2827,771)</Cell>
<Cell dontCare="false" endCol="3" endRow="10" startCol="3" startRow="10" x0="1013" x1="1110" y0="1138" y1="1176">(64769,2827,1028)</Cell>
<Cell dontCare="false" endCol="4" endRow="10" startCol="4" startRow="10" x0="1110" x1="1200" y0="1138" y1="1176">(64769,2827,1285)</Cell>
<Cell dontCare="false" endCol="5" endRow="10" startCol="5" startRow="10" x0="1200" x1="1293" y0="1138" y1="1176">(64769,2827,1542)</Cell>
<Cell dontCare="false" endCol="6" endRow="10" startCol="6" startRow="10" x0="1293" x1="1373" y0="1138" y1="1176">(64769,2827,1799)</Cell>
<Cell dontCare="false" endCol="7" endRow="10" startCol="7" startRow="10" x0="1373" x1="1530" y0="1138" y1="1176">(64769,2827,2056)</Cell>
<Cell dontCare="false" endCol="8" endRow="10" startCol="8" startRow="10" x0="1530" x1="1606" y0="1138" y1="1176">(64769,2827,2313)</Cell>
<Cell dontCare="false" endCol="9" endRow="10" startCol="9" startRow="10" x0="1606" x1="1676" y0="1138" y1="1176">(64769,2827,2570)</Cell>
<Cell dontCare="false" endCol="10" endRow="10" startCol="10" startRow="10" x0="1676" x1="1793" y0="1138" y1="1176">(64769,2827,2827)</Cell>
<Cell dontCare="false" endCol="11" endRow="10" startCol="11" startRow="10" x0="1793" x1="1923" y0="1138" y1="1176">(64769,2827,3084)</Cell>
<Cell dontCare="false" endCol="12" endRow="10" startCol="12" startRow="10" x0="1923" x1="2073" y0="1138" y1="1176">(64769,2827,3341)</Cell>
<Cell dontCare="false" endCol="13" endRow="10" startCol="13" startRow="10" x0="2073" x1="2266" y0="1138" y1="1176">(64769,2827,3598)</Cell>
<Cell dontCare="false" endCol="0" endRow="11" startCol="0" startRow="11" x0="220" x1="743" y0="1176" y1="1224">(64769,3084,257)</Cell>
<Cell dontCare="false" endCol="1" endRow="11" startCol="1" startRow="11" x0="743" x1="873" y0="1176" y1="1224">(64769,3084,514)</Cell>
<Cell dontCare="false" endCol="2" endRow="11" startCol="2" startRow="11" x0="873" x1="1013" y0="1176" y1="1224">(64769,3084,771)</Cell>
<Cell dontCare="false" endCol="3" endRow="11" startCol="3" startRow="11" x0="1013" x1="1110" y0="1176" y1="1224">(64769,3084,1028)</Cell>
<Cell dontCare="false" endCol="4" endRow="11" startCol="4" startRow="11" x0="1110" x1="1200" y0="1176" y1="1224">(64769,3084,1285)</Cell>
<Cell dontCare="false" endCol="5" endRow="11" startCol="5" startRow="11" x0="1200" x1="1293" y0="1176" y1="1224">(64769,3084,1542)</Cell>
<Cell dontCare="false" endCol="6" endRow="11" startCol="6" startRow="11" x0="1293" x1="1373" y0="1176" y1="1224">(64769,3084,1799)</Cell>
<Cell dontCare="false" endCol="7" endRow="11" startCol="7" startRow="11" x0="1373" x1="1530" y0="1176" y1="1224">(64769,3084,2056)</Cell>
<Cell dontCare="false" endCol="8" endRow="11" startCol="8" startRow="11" x0="1530" x1="1606" y0="1176" y1="1224">(64769,3084,2313)</Cell>
<Cell dontCare="false" endCol="9" endRow="11" startCol="9" startRow="11" x0="1606" x1="1676" y0="1176" y1="1224">(64769,3084,2570)</Cell>
<Cell dontCare="false" endCol="10" endRow="11" startCol="10" startRow="11" x0="1676" x1="1793" y0="1176" y1="1224">(64769,3084,2827)</Cell>
<Cell dontCare="false" endCol="11" endRow="11" startCol="11" startRow="11" x0="1793" x1="1923" y0="1176" y1="1224">(64769,3084,3084)</Cell>
<Cell dontCare="false" endCol="12" endRow="11" startCol="12" startRow="11" x0="1923" x1="2073" y0="1176" y1="1224">(64769,3084,3341)</Cell>
<Cell dontCare="false" endCol="13" endRow="11" startCol="13" startRow="11" x0="2073" x1="2266" y0="1176" y1="1224">(64769,3084,3598)</Cell>
<Cell dontCare="false" endCol="0" endRow="12" startCol="0" startRow="12" x0="220" x1="743" y0="1224" y1="1264">(64769,3341,257)</Cell>
<Cell dontCare="false" endCol="1" endRow="12" startCol="1" startRow="12" x0="743" x1="873" y0="1224" y1="1264">(64769,3341,514)</Cell>
<Cell dontCare="false" endCol="2" endRow="12" startCol="2" startRow="12" x0="873" x1="1013" y0="1224" y1="1264">(64769,3341,771)</Cell>
<Cell dontCare="false" endCol="3" endRow="12" startCol="3" startRow="12" x0="1013" x1="1110" y0="1224" y1="1264">(64769,3341,1028)</Cell>
<Cell dontCare="false" endCol="4" endRow="12" startCol="4" startRow="12" x0="1110" x1="1200" y0="1224" y1="1264">(64769,3341,1285)</Cell>
<Cell dontCare="false" endCol="5" endRow="12" startCol="5" startRow="12" x0="1200" x1="1293" y0="1224" y1="1264">(64769,3341,1542)</Cell>
<Cell dontCare="false" endCol="6" endRow="12" startCol="6" startRow="12" x0="1293" x1="1373" y0="1224" y1="1264">(64769,3341,1799)</Cell>
<Cell dontCare="false" endCol="7" endRow="12" startCol="7" startRow="12" x0="1373" x1="1530" y0="1224" y1="1264">(64769,3341,2056)</Cell>
<Cell dontCare="false" endCol="8" endRow="12" startCol="8" startRow="12" x0="1530" x1="1606" y0="1224" y1="1264">(64769,3341,2313)</Cell>
<Cell dontCare="false" endCol="9" endRow="12" startCol="9" startRow="12" x0="1606" x1="1676" y0="1224" y1="1264">(64769,3341,2570)</Cell>
<Cell dontCare="false" endCol="10" endRow="12" startCol="10" startRow="12" x0="1676" x1="1793" y0="1224" y1="1264">(64769,3341,2827)</Cell>
<Cell dontCare="false" endCol="11" endRow="12" startCol="11" startRow="12" x0="1793" x1="1923" y0="1224" y1="1264">(64769,3341,3084)</Cell>
<Cell dontCare="false" endCol="12" endRow="12" startCol="12" startRow="12" x0="1923" x1="2073" y0="1224" y1="1264">(64769,3341,3341)</Cell>
<Cell dontCare="false" endCol="13" endRow="12" startCol="13" startRow="12" x0="2073" x1="2266" y0="1224" y1="1264">(64769,3341,3598)</Cell>
<Cell dontCare="false" endCol="0" endRow="13" startCol="0" startRow="13" x0="220" x1="743" y0="1264" y1="1306">(64769,3598,257)</Cell>
<Cell dontCare="false" endCol="1" endRow="13" startCol="1" startRow="13" x0="743" x1="873" y0="1264" y1="1306">(64769,3598,514)</Cell>
<Cell dontCare="false" endCol="2" endRow="13" startCol="2" startRow="13" x0="873" x1="1013" y0="1264" y1="1306">(64769,3598,771)</Cell>
<Cell dontCare="false" endCol="3" endRow="13" startCol="3" startRow="13" x0="1013" x1="1110" y0="1264" y1="1306">(64769,3598,1028)</Cell>
<Cell dontCare="false" endCol="4" endRow="13" startCol="4" startRow="13" x0="1110" x1="1200" y0="1264" y1="1306">(64769,3598,1285)</Cell>
<Cell dontCare="false" endCol="5" endRow="13" startCol="5" startRow="13" x0="1200" x1="1293" y0="1264" y1="1306">(64769,3598,1542)</Cell>
<Cell dontCare="false" endCol="6" endRow="13" startCol="6" startRow="13" x0="1293" x1="1373" y0="1264" y1="1306">(64769,3598,1799)</Cell>
<Cell dontCare="false" endCol="7" endRow="13" startCol="7" startRow="13" x0="1373" x1="1530" y0="1264" y1="1306">(64769,3598,2056)</Cell>
<Cell dontCare="false" endCol="8" endRow="13" startCol="8" startRow="13" x0="1530" x1="1606" y0="1264" y1="1306">(64769,3598,2313)</Cell>
<Cell dontCare="false" endCol="9" endRow="13" startCol="9" startRow="13" x0="1606" x1="1676" y0="1264" y1="1306">(64769,3598,2570)</Cell>
<Cell dontCare="false" endCol="10" endRow="13" startCol="10" startRow="13" x0="1676" x1="1793" y0="1264" y1="1306">(64769,3598,2827)</Cell>
<Cell dontCare="false" endCol="11" endRow="13" startCol="11" startRow="13" x0="1793" x1="1923" y0="1264" y1="1306">(64769,3598,3084)</Cell>
<Cell dontCare="false" endCol="12" endRow="13" startCol="12" startRow="13" x0="1923" x1="2073" y0="1264" y1="1306">(64769,3598,3341)</Cell>
<Cell dontCare="false" endCol="13" endRow="13" startCol="13" startRow="13" x0="2073" x1="2266" y0="1264" y1="1306">(64769,3598,3598)</Cell>
<Cell dontCare="false" endCol="13" endRow="14" startCol="0" startRow="14" x0="220" x1="2266" y0="1306" y1="1372">(64769,3855,270)</Cell>
<Cell dontCare="true" endCol="1" endRow="14" startCol="1" startRow="14" x0="743" x1="873" y0="1306" y1="1372">(64769,3855,514)</Cell>
<Cell dontCare="true" endCol="2" endRow="14" startCol="2" startRow="14" x0="873" x1="1013" y0="1306" y1="1372">(64769,3855,771)</Cell>
<Cell dontCare="true" endCol="3" endRow="14" startCol="3" startRow="14" x0="1013" x1="1110" y0="1306" y1="1372">(64769,3855,1028)</Cell>
<Cell dontCare="true" endCol="4" endRow="14" startCol="4" startRow="14" x0="1110" x1="1200" y0="1306" y1="1372">(64769,3855,1285)</Cell>
<Cell dontCare="true" endCol="5" endRow="14" startCol="5" startRow="14" x0="1200" x1="1293" y0="1306" y1="1372">(64769,3855,1542)</Cell>
<Cell dontCare="true" endCol="6" endRow="14" startCol="6" startRow="14" x0="1293" x1="1373" y0="1306" y1="1372">(64769,3855,1799)</Cell>
<Cell dontCare="true" endCol="7" endRow="14" startCol="7" startRow="14" x0="1373" x1="1530" y0="1306" y1="1372">(64769,3855,2056)</Cell>
<Cell dontCare="true" endCol="8" endRow="14" startCol="8" startRow="14" x0="1530" x1="1606" y0="1306" y1="1372">(64769,3855,2313)</Cell>
<Cell dontCare="true" endCol="9" endRow="14" startCol="9" startRow="14" x0="1606" x1="1676" y0="1306" y1="1372">(64769,3855,2570)</Cell>
<Cell dontCare="true" endCol="10" endRow="14" startCol="10" startRow="14" x0="1676" x1="1793" y0="1306" y1="1372">(64769,3855,2827)</Cell>
<Cell dontCare="true" endCol="11" endRow="14" startCol="11" startRow="14" x0="1793" x1="1923" y0="1306" y1="1372">(64769,3855,3084)</Cell>
<Cell dontCare="true" endCol="12" endRow="14" startCol="12" startRow="14" x0="1923" x1="2073" y0="1306" y1="1372">(64769,3855,3341)</Cell>
<Cell dontCare="true" endCol="13" endRow="14" startCol="13" startRow="14" x0="2073" x1="2266" y0="1306" y1="1372">(64769,3855,3598)</Cell>
<Cell dontCare="false" endCol="0" endRow="15" startCol="0" startRow="15" x0="220" x1="743" y0="1372" y1="1414">(64769,4112,257)</Cell>
<Cell dontCare="false" endCol="1" endRow="15" startCol="1" startRow="15" x0="743" x1="873" y0="1372" y1="1414">(64769,4112,514)</Cell>
<Cell dontCare="false" endCol="2" endRow="15" startCol="2" startRow="15" x0="873" x1="1013" y0="1372" y1="1414">(64769,4112,771)</Cell>
<Cell dontCare="false" endCol="3" endRow="15" startCol="3" startRow="15" x0="1013" x1="1110" y0="1372" y1="1414">(64769,4112,1028)</Cell>
<Cell dontCare="false" endCol="4" endRow="15" startCol="4" startRow="15" x0="1110" x1="1200" y0="1372" y1="1414">(64769,4112,1285)</Cell>
<Cell dontCare="false" endCol="5" endRow="15" startCol="5" startRow="15" x0="1200" x1="1293" y0="1372" y1="1414">(64769,4112,1542)</Cell>
<Cell dontCare="false" endCol="6" endRow="15" startCol="6" startRow="15" x0="1293" x1="1373" y0="1372" y1="1414">(64769,4112,1799)</Cell>
<Cell dontCare="false" endCol="7" endRow="15" startCol="7" startRow="15" x0="1373" x1="1530" y0="1372" y1="1414">(64769,4112,2056)</Cell>
<Cell dontCare="false" endCol="8" endRow="15" startCol="8" startRow="15" x0="1530" x1="1606" y0="1372" y1="1414">(64769,4112,2313)</Cell>
<Cell dontCare="false" endCol="9" endRow="15" startCol="9" startRow="15" x0="1606" x1="1676" y0="1372" y1="1414">(64769,4112,2570)</Cell>
<Cell dontCare="false" endCol="10" endRow="15" startCol="10" startRow="15" x0="1676" x1="1793" y0="1372" y1="1414">(64769,4112,2827)</Cell>
<Cell dontCare="false" endCol="11" endRow="15" startCol="11" startRow="15" x0="1793" x1="1923" y0="1372" y1="1414">(64769,4112,3084)</Cell>
<Cell dontCare="false" endCol="12" endRow="15" startCol="12" startRow="15" x0="1923" x1="2073" y0="1372" y1="1414">(64769,4112,3341)</Cell>
<Cell dontCare="false" endCol="13" endRow="15" startCol="13" startRow="15" x0="2073" x1="2266" y0="1372" y1="1414">(64769,4112,3598)</Cell>
<Cell dontCare="false" endCol="0" endRow="16" startCol="0" startRow="16" x0="220" x1="743" y0="1414" y1="1454">(64769,4369,257)</Cell>
<Cell dontCare="false" endCol="1" endRow="16" startCol="1" startRow="16" x0="743" x1="873" y0="1414" y1="1454">(64769,4369,514)</Cell>
<Cell dontCare="false" endCol="2" endRow="16" startCol="2" startRow="16" x0="873" x1="1013" y0="1414" y1="1454">(64769,4369,771)</Cell>
<Cell dontCare="false" endCol="3" endRow="16" startCol="3" startRow="16" x0="1013" x1="1110" y0="1414" y1="1454">(64769,4369,1028)</Cell>
<Cell dontCare="false" endCol="4" endRow="16" startCol="4" startRow="16" x0="1110" x1="1200" y0="1414" y1="1454">(64769,4369,1285)</Cell>
<Cell dontCare="false" endCol="5" endRow="16" startCol="5" startRow="16" x0="1200" x1="1293" y0="1414" y1="1454">(64769,4369,1542)</Cell>
<Cell dontCare="false" endCol="6" endRow="16" startCol="6" startRow="16" x0="1293" x1="1373" y0="1414" y1="1454">(64769,4369,1799)</Cell>
<Cell dontCare="false" endCol="7" endRow="16" startCol="7" startRow="16" x0="1373" x1="1530" y0="1414" y1="1454">(64769,4369,2056)</Cell>
<Cell dontCare="false" endCol="8" endRow="16" startCol="8" startRow="16" x0="1530" x1="1606" y0="1414" y1="1454">(64769,4369,2313)</Cell>
<Cell dontCare="false" endCol="9" endRow="16" startCol="9" startRow="16" x0="1606" x1="1676" y0="1414" y1="1454">(64769,4369,2570)</Cell>
<Cell dontCare="false" endCol="10" endRow="16" startCol="10" startRow="16" x0="1676" x1="1793" y0="1414" y1="1454">(64769,4369,2827)</Cell>
<Cell dontCare="false" endCol="11" endRow="16" startCol="11" startRow="16" x0="1793" x1="1923" y0="1414" y1="1454">(64769,4369,3084)</Cell>
<Cell dontCare="false" endCol="12" endRow="16" startCol="12" startRow="16" x0="1923" x1="2073" y0="1414" y1="1454">(64769,4369,3341)</Cell>
<Cell dontCare="false" endCol="13" endRow="16" startCol="13" startRow="16" x0="2073" x1="2266" y0="1414" y1="1454">(64769,4369,3598)</Cell>
<Cell dontCare="false" endCol="0" endRow="17" startCol="0" startRow="17" x0="220" x1="743" y0="1454" y1="1500">(64769,4626,257)</Cell>
<Cell dontCare="false" endCol="1" endRow="17" startCol="1" startRow="17" x0="743" x1="873" y0="1454" y1="1500">(64769,4626,514)</Cell>
<Cell dontCare="false" endCol="2" endRow="17" startCol="2" startRow="17" x0="873" x1="1013" y0="1454" y1="1500">(64769,4626,771)</Cell>
<Cell dontCare="false" endCol="3" endRow="17" startCol="3" startRow="17" x0="1013" x1="1110" y0="1454" y1="1500">(64769,4626,1028)</Cell>
<Cell dontCare="false" endCol="4" endRow="17" startCol="4" startRow="17" x0="1110" x1="1200" y0="1454" y1="1500">(64769,4626,1285)</Cell>
<Cell dontCare="false" endCol="5" endRow="17" startCol="5" startRow="17" x0="1200" x1="1293" y0="1454" y1="1500">(64769,4626,1542)</Cell>
<Cell dontCare="false" endCol="6" endRow="17" startCol="6" startRow="17" x0="1293" x1="1373" y0="1454" y1="1500">(64769,4626,1799)</Cell>
<Cell dontCare="false" endCol="7" endRow="17" startCol="7" startRow="17" x0="1373" x1="1530" y0="1454" y1="1500">(64769,4626,2056)</Cell>
<Cell dontCare="false" endCol="8" endRow="17" startCol="8" startRow="17" x0="1530" x1="1606" y0="1454" y1="1500">(64769,4626,2313)</Cell>
<Cell dontCare="false" endCol="9" endRow="17" startCol="9" startRow="17" x0="1606" x1="1676" y0="1454" y1="1500">(64769,4626,2570)</Cell>
<Cell dontCare="false" endCol="10" endRow="17" startCol="10" startRow="17" x0="1676" x1="1793" y0="1454" y1="1500">(64769,4626,2827)</Cell>
<Cell dontCare="false" endCol="11" endRow="17" startCol="11" startRow="17" x0="1793" x1="1923" y0="1454" y1="1500">(64769,4626,3084)</Cell>
<Cell dontCare="false" endCol="12" endRow="17" startCol="12" startRow="17" x0="1923" x1="2073" y0="1454" y1="1500">(64769,4626,3341)</Cell>
<Cell dontCare="false" endCol="13" endRow="17" startCol="13" startRow="17" x0="2073" x1="2266" y0="1454" y1="1500">(64769,4626,3598)</Cell>
<Cell dontCare="false" endCol="0" endRow="18" startCol="0" startRow="18" x0="220" x1="743" y0="1500" y1="1536">(64769,4883,257)</Cell>
<Cell dontCare="false" endCol="1" endRow="18" startCol="1" startRow="18" x0="743" x1="873" y0="1500" y1="1536">(64769,4883,514)</Cell>
<Cell dontCare="false" endCol="2" endRow="18" startCol="2" startRow="18" x0="873" x1="1013" y0="1500" y1="1536">(64769,4883,771)</Cell>
<Cell dontCare="false" endCol="3" endRow="18" startCol="3" startRow="18" x0="1013" x1="1110" y0="1500" y1="1536">(64769,4883,1028)</Cell>
<Cell dontCare="false" endCol="4" endRow="18" startCol="4" startRow="18" x0="1110" x1="1200" y0="1500" y1="1536">(64769,4883,1285)</Cell>
<Cell dontCare="false" endCol="5" endRow="18" startCol="5" startRow="18" x0="1200" x1="1293" y0="1500" y1="1536">(64769,4883,1542)</Cell>
<Cell dontCare="false" endCol="6" endRow="18" startCol="6" startRow="18" x0="1293" x1="1373" y0="1500" y1="1536">(64769,4883,1799)</Cell>
<Cell dontCare="false" endCol="7" endRow="18" startCol="7" startRow="18" x0="1373" x1="1530" y0="1500" y1="1536">(64769,4883,2056)</Cell>
<Cell dontCare="false" endCol="8" endRow="18" startCol="8" startRow="18" x0="1530" x1="1606" y0="1500" y1="1536">(64769,4883,2313)</Cell>
<Cell dontCare="false" endCol="9" endRow="18" startCol="9" startRow="18" x0="1606" x1="1676" y0="1500" y1="1536">(64769,4883,2570)</Cell>
<Cell dontCare="false" endCol="10" endRow="18" startCol="10" startRow="18" x0="1676" x1="1793" y0="1500" y1="1536">(64769,4883,2827)</Cell>
<Cell dontCare="false" endCol="11" endRow="18" startCol="11" startRow="18" x0="1793" x1="1923" y0="1500" y1="1536">(64769,4883,3084)</Cell>
<Cell dontCare="false" endCol="12" endRow="18" startCol="12" startRow="18" x0="1923" x1="2073" y0="1500" y1="1536">(64769,4883,3341)</Cell>
<Cell dontCare="false" endCol="13" endRow="18" startCol="13" startRow="18" x0="2073" x1="2266" y0="1500" y1="1536">(64769,4883,3598)</Cell>
<Cell dontCare="false" endCol="0" endRow="19" startCol="0" startRow="19" x0="220" x1="743" y0="1536" y1="1584">(64769,5140,257)</Cell>
<Cell dontCare="false" endCol="1" endRow="19" startCol="1" startRow="19" x0="743" x1="873" y0="1536" y1="1584">(64769,5140,514)</Cell>
<Cell dontCare="false" endCol="2" endRow="19" startCol="2" startRow="19" x0="873" x1="1013" y0="1536" y1="1584">(64769,5140,771)</Cell>
<Cell dontCare="false" endCol="3" endRow="19" startCol="3" startRow="19" x0="1013" x1="1110" y0="1536" y1="1584">(64769,5140,1028)</Cell>
<Cell dontCare="false" endCol="4" endRow="19" startCol="4" startRow="19" x0="1110" x1="1200" y0="1536" y1="1584">(64769,5140,1285)</Cell>
<Cell dontCare="false" endCol="5" endRow="19" startCol="5" startRow="19" x0="1200" x1="1293" y0="1536" y1="1584">(64769,5140,1542)</Cell>
<Cell dontCare="false" endCol="6" endRow="19" startCol="6" startRow="19" x0="1293" x1="1373" y0="1536" y1="1584">(64769,5140,1799)</Cell>
<Cell dontCare="false" endCol="7" endRow="19" startCol="7" startRow="19" x0="1373" x1="1530" y0="1536" y1="1584">(64769,5140,2056)</Cell>
<Cell dontCare="false" endCol="8" endRow="19" startCol="8" startRow="19" x0="1530" x1="1606" y0="1536" y1="1584">(64769,5140,2313)</Cell>
<Cell dontCare="false" endCol="9" endRow="19" startCol="9" startRow="19" x0="1606" x1="1676" y0="1536" y1="1584">(64769,5140,2570)</Cell>
<Cell dontCare="false" endCol="10" endRow="19" startCol="10" startRow="19" x0="1676" x1="1793" y0="1536" y1="1584">(64769,5140,2827)</Cell>
<Cell dontCare="false" endCol="11" endRow="19" startCol="11" startRow="19" x0="1793" x1="1923" y0="1536" y1="1584">(64769,5140,3084)</Cell>
<Cell dontCare="false" endCol="12" endRow="19" startCol="12" startRow="19" x0="1923" x1="2073" y0="1536" y1="1584">(64769,5140,3341)</Cell>
<Cell dontCare="false" endCol="13" endRow="19" startCol="13" startRow="19" x0="2073" x1="2266" y0="1536" y1="1584">(64769,5140,3598)</Cell>
<Cell dontCare="false" endCol="0" endRow="20" startCol="0" startRow="20" x0="220" x1="743" y0="1584" y1="1624">(64769,5397,257)</Cell>
<Cell dontCare="false" endCol="1" endRow="20" startCol="1" startRow="20" x0="743" x1="873" y0="1584" y1="1624">(64769,5397,514)</Cell>
<Cell dontCare="false" endCol="2" endRow="20" startCol="2" startRow="20" x0="873" x1="1013" y0="1584" y1="1624">(64769,5397,771)</Cell>
<Cell dontCare="false" endCol="3" endRow="20" startCol="3" startRow="20" x0="1013" x1="1110" y0="1584" y1="1624">(64769,5397,1028)</Cell>
<Cell dontCare="false" endCol="4" endRow="20" startCol="4" startRow="20" x0="1110" x1="1200" y0="1584" y1="1624">(64769,5397,1285)</Cell>
<Cell dontCare="false" endCol="5" endRow="20" startCol="5" startRow="20" x0="1200" x1="1293" y0="1584" y1="1624">(64769,5397,1542)</Cell>
<Cell dontCare="false" endCol="6" endRow="20" startCol="6" startRow="20" x0="1293" x1="1373" y0="1584" y1="1624">(64769,5397,1799)</Cell>
<Cell dontCare="false" endCol="7" endRow="20" startCol="7" startRow="20" x0="1373" x1="1530" y0="1584" y1="1624">(64769,5397,2056)</Cell>
<Cell dontCare="false" endCol="8" endRow="20" startCol="8" startRow="20" x0="1530" x1="1606" y0="1584" y1="1624">(64769,5397,2313)</Cell>
<Cell dontCare="false" endCol="9" endRow="20" startCol="9" startRow="20" x0="1606" x1="1676" y0="1584" y1="1624">(64769,5397,2570)</Cell>
<Cell dontCare="false" endCol="10" endRow="20" startCol="10" startRow="20" x0="1676" x1="1793" y0="1584" y1="1624">(64769,5397,2827)</Cell>
<Cell dontCare="false" endCol="11" endRow="20" startCol="11" startRow="20" x0="1793" x1="1923" y0="1584" y1="1624">(64769,5397,3084)</Cell>
<Cell dontCare="false" endCol="12" endRow="20" startCol="12" startRow="20" x0="1923" x1="2073" y0="1584" y1="1624">(64769,5397,3341)</Cell>
<Cell dontCare="false" endCol="13" endRow="20" startCol="13" startRow="20" x0="2073" x1="2266" y0="1584" y1="1624">(64769,5397,3598)</Cell>
<Cell dontCare="false" endCol="0" endRow="21" startCol="0" startRow="21" x0="220" x1="743" y0="1624" y1="1664">(64769,5654,257)</Cell>
<Cell dontCare="false" endCol="1" endRow="21" startCol="1" startRow="21" x0="743" x1="873" y0="1624" y1="1664">(64769,5654,514)</Cell>
<Cell dontCare="false" endCol="2" endRow="21" startCol="2" startRow="21" x0="873" x1="1013" y0="1624" y1="1664">(64769,5654,771)</Cell>
<Cell dontCare="false" endCol="3" endRow="21" startCol="3" startRow="21" x0="1013" x1="1110" y0="1624" y1="1664">(64769,5654,1028)</Cell>
<Cell dontCare="false" endCol="4" endRow="21" startCol="4" startRow="21" x0="1110" x1="1200" y0="1624" y1="1664">(64769,5654,1285)</Cell>
<Cell dontCare="false" endCol="5" endRow="21" startCol="5" startRow="21" x0="1200" x1="1293" y0="1624" y1="1664">(64769,5654,1542)</Cell>
<Cell dontCare="false" endCol="6" endRow="21" startCol="6" startRow="21" x0="1293" x1="1373" y0="1624" y1="1664">(64769,5654,1799)</Cell>
<Cell dontCare="false" endCol="7" endRow="21" startCol="7" startRow="21" x0="1373" x1="1530" y0="1624" y1="1664">(64769,5654,2056)</Cell>
<Cell dontCare="false" endCol="8" endRow="21" startCol="8" startRow="21" x0="1530" x1="1606" y0="1624" y1="1664">(64769,5654,2313)</Cell>
<Cell dontCare="false" endCol="9" endRow="21" startCol="9" startRow="21" x0="1606" x1="1676" y0="1624" y1="1664">(64769,5654,2570)</Cell>
<Cell dontCare="false" endCol="10" endRow="21" startCol="10" startRow="21" x0="1676" x1="1793" y0="1624" y1="1664">(64769,5654,2827)</Cell>
<Cell dontCare="false" endCol="11" endRow="21" startCol="11" startRow="21" x0="1793" x1="1923" y0="1624" y1="1664">(64769,5654,3084)</Cell>
<Cell dontCare="false" endCol="12" endRow="21" startCol="12" startRow="21" x0="1923" x1="2073" y0="1624" y1="1664">(64769,5654,3341)</Cell>
<Cell dontCare="false" endCol="13" endRow="21" startCol="13" startRow="21" x0="2073" x1="2266" y0="1624" y1="1664">(64769,5654,3598)</Cell>
<Cell dontCare="false" endCol="0" endRow="22" startCol="0" startRow="22" x0="220" x1="743" y0="1664" y1="1706">(64769,5911,257)</Cell>
<Cell dontCare="false" endCol="1" endRow="22" startCol="1" startRow="22" x0="743" x1="873" y0="1664" y1="1706">(64769,5911,514)</Cell>
<Cell dontCare="false" endCol="2" endRow="22" startCol="2" startRow="22" x0="873" x1="1013" y0="1664" y1="1706">(64769,5911,771)</Cell>
<Cell dontCare="false" endCol="3" endRow="22" startCol="3" startRow="22" x0="1013" x1="1110" y0="1664" y1="1706">(64769,5911,1028)</Cell>
<Cell dontCare="false" endCol="4" endRow="22" startCol="4" startRow="22" x0="1110" x1="1200" y0="1664" y1="1706">(64769,5911,1285)</Cell>
<Cell dontCare="false" endCol="5" endRow="22" startCol="5" startRow="22" x0="1200" x1="1293" y0="1664" y1="1706">(64769,5911,1542)</Cell>
<Cell dontCare="false" endCol="6" endRow="22" startCol="6" startRow="22" x0="1293" x1="1373" y0="1664" y1="1706">(64769,5911,1799)</Cell>
<Cell dontCare="false" endCol="7" endRow="22" startCol="7" startRow="22" x0="1373" x1="1530" y0="1664" y1="1706">(64769,5911,2056)</Cell>
<Cell dontCare="false" endCol="8" endRow="22" startCol="8" startRow="22" x0="1530" x1="1606" y0="1664" y1="1706">(64769,5911,2313)</Cell>
<Cell dontCare="false" endCol="9" endRow="22" startCol="9" startRow="22" x0="1606" x1="1676" y0="1664" y1="1706">(64769,5911,2570)</Cell>
<Cell dontCare="false" endCol="10" endRow="22" startCol="10" startRow="22" x0="1676" x1="1793" y0="1664" y1="1706">(64769,5911,2827)</Cell>
<Cell dontCare="false" endCol="11" endRow="22" startCol="11" startRow="22" x0="1793" x1="1923" y0="1664" y1="1706">(64769,5911,3084)</Cell>
<Cell dontCare="false" endCol="12" endRow="22" startCol="12" startRow="22" x0="1923" x1="2073" y0="1664" y1="1706">(64769,5911,3341)</Cell>
<Cell dontCare="false" endCol="13" endRow="22" startCol="13" startRow="22" x0="2073" x1="2266" y0="1664" y1="1706">(64769,5911,3598)</Cell>
<Cell dontCare="false" endCol="0" endRow="23" startCol="0" startRow="23" x0="220" x1="743" y0="1706" y1="1744">(64769,6168,257)</Cell>
<Cell dontCare="false" endCol="1" endRow="23" startCol="1" startRow="23" x0="743" x1="873" y0="1706" y1="1744">(64769,6168,514)</Cell>
<Cell dontCare="false" endCol="2" endRow="23" startCol="2" startRow="23" x0="873" x1="1013" y0="1706" y1="1744">(64769,6168,771)</Cell>
<Cell dontCare="false" endCol="3" endRow="23" startCol="3" startRow="23" x0="1013" x1="1110" y0="1706" y1="1744">(64769,6168,1028)</Cell>
<Cell dontCare="false" endCol="4" endRow="23" startCol="4" startRow="23" x0="1110" x1="1200" y0="1706" y1="1744">(64769,6168,1285)</Cell>
<Cell dontCare="false" endCol="5" endRow="23" startCol="5" startRow="23" x0="1200" x1="1293" y0="1706" y1="1744">(64769,6168,1542)</Cell>
<Cell dontCare="false" endCol="6" endRow="23" startCol="6" startRow="23" x0="1293" x1="1373" y0="1706" y1="1744">(64769,6168,1799)</Cell>
<Cell dontCare="false" endCol="7" endRow="23" startCol="7" startRow="23" x0="1373" x1="1530" y0="1706" y1="1744">(64769,6168,2056)</Cell>
<Cell dontCare="false" endCol="8" endRow="23" startCol="8" startRow="23" x0="1530" x1="1606" y0="1706" y1="1744">(64769,6168,2313)</Cell>
<Cell dontCare="false" endCol="9" endRow="23" startCol="9" startRow="23" x0="1606" x1="1676" y0="1706" y1="1744">(64769,6168,2570)</Cell>
<Cell dontCare="false" endCol="10" endRow="23" startCol="10" startRow="23" x0="1676" x1="1793" y0="1706" y1="1744">(64769,6168,2827)</Cell>
<Cell dontCare="false" endCol="11" endRow="23" startCol="11" startRow="23" x0="1793" x1="1923" y0="1706" y1="1744">(64769,6168,3084)</Cell>
<Cell dontCare="false" endCol="12" endRow="23" startCol="12" startRow="23" x0="1923" x1="2073" y0="1706" y1="1744">(64769,6168,3341)</Cell>
<Cell dontCare="false" endCol="13" endRow="23" startCol="13" startRow="23" x0="2073" x1="2266" y0="1706" y1="1744">(64769,6168,3598)</Cell>
<Cell dontCare="false" endCol="0" endRow="24" startCol="0" startRow="24" x0="220" x1="743" y0="1744" y1="1790">(64769,6425,257)</Cell>
<Cell dontCare="false" endCol="1" endRow="24" startCol="1" startRow="24" x0="743" x1="873" y0="1744" y1="1790">(64769,6425,514)</Cell>
<Cell dontCare="false" endCol="2" endRow="24" startCol="2" startRow="24" x0="873" x1="1013" y0="1744" y1="1790">(64769,6425,771)</Cell>
<Cell dontCare="false" endCol="3" endRow="24" startCol="3" startRow="24" x0="1013" x1="1110" y0="1744" y1="1790">(64769,6425,1028)</Cell>
<Cell dontCare="false" endCol="4" endRow="24" startCol="4" startRow="24" x0="1110" x1="1200" y0="1744" y1="1790">(64769,6425,1285)</Cell>
<Cell dontCare="false" endCol="5" endRow="24" startCol="5" startRow="24" x0="1200" x1="1293" y0="1744" y1="1790">(64769,6425,1542)</Cell>
<Cell dontCare="false" endCol="6" endRow="24" startCol="6" startRow="24" x0="1293" x1="1373" y0="1744" y1="1790">(64769,6425,1799)</Cell>
<Cell dontCare="false" endCol="7" endRow="24" startCol="7" startRow="24" x0="1373" x1="1530" y0="1744" y1="1790">(64769,6425,2056)</Cell>
<Cell dontCare="false" endCol="8" endRow="24" startCol="8" startRow="24" x0="1530" x1="1606" y0="1744" y1="1790">(64769,6425,2313)</Cell>
<Cell dontCare="false" endCol="9" endRow="24" startCol="9" startRow="24" x0="1606" x1="1676" y0="1744" y1="1790">(64769,6425,2570)</Cell>
<Cell dontCare="false" endCol="10" endRow="24" startCol="10" startRow="24" x0="1676" x1="1793" y0="1744" y1="1790">(64769,6425,2827)</Cell>
<Cell dontCare="false" endCol="11" endRow="24" startCol="11" startRow="24" x0="1793" x1="1923" y0="1744" y1="1790">(64769,6425,3084)</Cell>
<Cell dontCare="false" endCol="12" endRow="24" startCol="12" startRow="24" x0="1923" x1="2073" y0="1744" y1="1790">(64769,6425,3341)</Cell>
<Cell dontCare="false" endCol="13" endRow="24" startCol="13" startRow="24" x0="2073" x1="2266" y0="1744" y1="1790">(64769,6425,3598)</Cell>
<Cell dontCare="false" endCol="13" endRow="25" startCol="0" startRow="25" x0="220" x1="2266" y0="1790" y1="1854">(64769,6682,270)</Cell>
<Cell dontCare="true" endCol="1" endRow="25" startCol="1" startRow="25" x0="743" x1="873" y0="1790" y1="1854">(64769,6682,514)</Cell>
<Cell dontCare="true" endCol="2" endRow="25" startCol="2" startRow="25" x0="873" x1="1013" y0="1790" y1="1854">(64769,6682,771)</Cell>
<Cell dontCare="true" endCol="3" endRow="25" startCol="3" startRow="25" x0="1013" x1="1110" y0="1790" y1="1854">(64769,6682,1028)</Cell>
<Cell dontCare="true" endCol="4" endRow="25" startCol="4" startRow="25" x0="1110" x1="1200" y0="1790" y1="1854">(64769,6682,1285)</Cell>
<Cell dontCare="true" endCol="5" endRow="25" startCol="5" startRow="25" x0="1200" x1="1293" y0="1790" y1="1854">(64769,6682,1542)</Cell>
<Cell dontCare="true" endCol="6" endRow="25" startCol="6" startRow="25" x0="1293" x1="1373" y0="1790" y1="1854">(64769,6682,1799)</Cell>
<Cell dontCare="true" endCol="7" endRow="25" startCol="7" startRow="25" x0="1373" x1="1530" y0="1790" y1="1854">(64769,6682,2056)</Cell>
<Cell dontCare="true" endCol="8" endRow="25" startCol="8" startRow="25" x0="1530" x1="1606" y0="1790" y1="1854">(64769,6682,2313)</Cell>
<Cell dontCare="true" endCol="9" endRow="25" startCol="9" startRow="25" x0="1606" x1="1676" y0="1790" y1="1854">(64769,6682,2570)</Cell>
<Cell dontCare="true" endCol="10" endRow="25" startCol="10" startRow="25" x0="1676" x1="1793" y0="1790" y1="1854">(64769,6682,2827)</Cell>
<Cell dontCare="true" endCol="11" endRow="25" startCol="11" startRow="25" x0="1793" x1="1923" y0="1790" y1="1854">(64769,6682,3084)</Cell>
<Cell dontCare="true" endCol="12" endRow="25" startCol="12" startRow="25" x0="1923" x1="2073" y0="1790" y1="1854">(64769,6682,3341)</Cell>
<Cell dontCare="true" endCol="13" endRow="25" startCol="13" startRow="25" x0="2073" x1="2266" y0="1790" y1="1854">(64769,6682,3598)</Cell>
<Cell dontCare="false" endCol="0" endRow="26" startCol="0" startRow="26" x0="220" x1="743" y0="1854" y1="1894">(64769,6939,257)</Cell>
<Cell dontCare="false" endCol="1" endRow="26" startCol="1" startRow="26" x0="743" x1="873" y0="1854" y1="1894">(64769,6939,514)</Cell>
<Cell dontCare="false" endCol="2" endRow="26" startCol="2" startRow="26" x0="873" x1="1013" y0="1854" y1="1894">(64769,6939,771)</Cell>
<Cell dontCare="false" endCol="3" endRow="26" startCol="3" startRow="26" x0="1013" x1="1110" y0="1854" y1="1894">(64769,6939,1028)</Cell>
<Cell dontCare="false" endCol="4" endRow="26" startCol="4" startRow="26" x0="1110" x1="1200" y0="1854" y1="1894">(64769,6939,1285)</Cell>
<Cell dontCare="false" endCol="5" endRow="26" startCol="5" startRow="26" x0="1200" x1="1293" y0="1854" y1="1894">(64769,6939,1542)</Cell>
<Cell dontCare="false" endCol="6" endRow="26" startCol="6" startRow="26" x0="1293" x1="1373" y0="1854" y1="1894">(64769,6939,1799)</Cell>
<Cell dontCare="false" endCol="7" endRow="26" startCol="7" startRow="26" x0="1373" x1="1530" y0="1854" y1="1894">(64769,6939,2056)</Cell>
<Cell dontCare="false" endCol="8" endRow="26" startCol="8" startRow="26" x0="1530" x1="1606" y0="1854" y1="1894">(64769,6939,2313)</Cell>
<Cell dontCare="false" endCol="9" endRow="26" startCol="9" startRow="26" x0="1606" x1="1676" y0="1854" y1="1894">(64769,6939,2570)</Cell>
<Cell dontCare="false" endCol="10" endRow="26" startCol="10" startRow="26" x0="1676" x1="1793" y0="1854" y1="1894">(64769,6939,2827)</Cell>
<Cell dontCare="false" endCol="11" endRow="26" startCol="11" startRow="26" x0="1793" x1="1923" y0="1854" y1="1894">(64769,6939,3084)</Cell>
<Cell dontCare="false" endCol="12" endRow="26" startCol="12" startRow="26" x0="1923" x1="2073" y0="1854" y1="1894">(64769,6939,3341)</Cell>
<Cell dontCare="false" endCol="13" endRow="26" startCol="13" startRow="26" x0="2073" x1="2266" y0="1854" y1="1894">(64769,6939,3598)</Cell>
<Cell dontCare="false" endCol="0" endRow="27" startCol="0" startRow="27" x0="220" x1="743" y0="1894" y1="1938">(64769,7196,257)</Cell>
<Cell dontCare="false" endCol="1" endRow="27" startCol="1" startRow="27" x0="743" x1="873" y0="1894" y1="1938">(64769,7196,514)</Cell>
<Cell dontCare="false" endCol="2" endRow="27" startCol="2" startRow="27" x0="873" x1="1013" y0="1894" y1="1938">(64769,7196,771)</Cell>
<Cell dontCare="false" endCol="3" endRow="27" startCol="3" startRow="27" x0="1013" x1="1110" y0="1894" y1="1938">(64769,7196,1028)</Cell>
<Cell dontCare="false" endCol="4" endRow="27" startCol="4" startRow="27" x0="1110" x1="1200" y0="1894" y1="1938">(64769,7196,1285)</Cell>
<Cell dontCare="false" endCol="5" endRow="27" startCol="5" startRow="27" x0="1200" x1="1293" y0="1894" y1="1938">(64769,7196,1542)</Cell>
<Cell dontCare="false" endCol="6" endRow="27" startCol="6" startRow="27" x0="1293" x1="1373" y0="1894" y1="1938">(64769,7196,1799)</Cell>
<Cell dontCare="false" endCol="7" endRow="27" startCol="7" startRow="27" x0="1373" x1="1530" y0="1894" y1="1938">(64769,7196,2056)</Cell>
<Cell dontCare="false" endCol="8" endRow="27" startCol="8" startRow="27" x0="1530" x1="1606" y0="1894" y1="1938">(64769,7196,2313)</Cell>
<Cell dontCare="false" endCol="9" endRow="27" startCol="9" startRow="27" x0="1606" x1="1676" y0="1894" y1="1938">(64769,7196,2570)</Cell>
<Cell dontCare="false" endCol="10" endRow="27" startCol="10" startRow="27" x0="1676" x1="1793" y0="1894" y1="1938">(64769,7196,2827)</Cell>
<Cell dontCare="false" endCol="11" endRow="27" startCol="11" startRow="27" x0="1793" x1="1923" y0="1894" y1="1938">(64769,7196,3084)</Cell>
<Cell dontCare="false" endCol="12" endRow="27" startCol="12" startRow="27" x0="1923" x1="2073" y0="1894" y1="1938">(64769,7196,3341)</Cell>
<Cell dontCare="false" endCol="13" endRow="27" startCol="13" startRow="27" x0="2073" x1="2266" y0="1894" y1="1938">(64769,7196,3598)</Cell>
<Cell dontCare="false" endCol="0" endRow="28" startCol="0" startRow="28" x0="220" x1="743" y0="1938" y1="1978">(64769,7453,257)</Cell>
<Cell dontCare="false" endCol="1" endRow="28" startCol="1" startRow="28" x0="743" x1="873" y0="1938" y1="1978">(64769,7453,514)</Cell>
<Cell dontCare="false" endCol="2" endRow="28" startCol="2" startRow="28" x0="873" x1="1013" y0="1938" y1="1978">(64769,7453,771)</Cell>
<Cell dontCare="false" endCol="3" endRow="28" startCol="3" startRow="28" x0="1013" x1="1110" y0="1938" y1="1978">(64769,7453,1028)</Cell>
<Cell dontCare="false" endCol="4" endRow="28" startCol="4" startRow="28" x0="1110" x1="1200" y0="1938" y1="1978">(64769,7453,1285)</Cell>
<Cell dontCare="false" endCol="5" endRow="28" startCol="5" startRow="28" x0="1200" x1="1293" y0="1938" y1="1978">(64769,7453,1542)</Cell>
<Cell dontCare="false" endCol="6" endRow="28" startCol="6" startRow="28" x0="1293" x1="1373" y0="1938" y1="1978">(64769,7453,1799)</Cell>
<Cell dontCare="false" endCol="7" endRow="28" startCol="7" startRow="28" x0="1373" x1="1530" y0="1938" y1="1978">(64769,7453,2056)</Cell>
<Cell dontCare="false" endCol="8" endRow="28" startCol="8" startRow="28" x0="1530" x1="1606" y0="1938" y1="1978">(64769,7453,2313)</Cell>
<Cell dontCare="false" endCol="9" endRow="28" startCol="9" startRow="28" x0="1606" x1="1676" y0="1938" y1="1978">(64769,7453,2570)</Cell>
<Cell dontCare="false" endCol="10" endRow="28" startCol="10" startRow="28" x0="1676" x1="1793" y0="1938" y1="1978">(64769,7453,2827)</Cell>
<Cell dontCare="false" endCol="11" endRow="28" startCol="11" startRow="28" x0="1793" x1="1923" y0="1938" y1="1978">(64769,7453,3084)</Cell>
<Cell dontCare="false" endCol="12" endRow="28" startCol="12" startRow="28" x0="1923" x1="2073" y0="1938" y1="1978">(64769,7453,3341)</Cell>
<Cell dontCare="false" endCol="13" endRow="28" startCol="13" startRow="28" x0="2073" x1="2266" y0="1938" y1="1978">(64769,7453,3598)</Cell>
<Cell dontCare="false" endCol="0" endRow="29" startCol="0" startRow="29" x0="220" x1="743" y0="1978" y1="2024">(64769,7710,257)</Cell>
<Cell dontCare="false" endCol="1" endRow="29" startCol="1" startRow="29" x0="743" x1="873" y0="1978" y1="2024">(64769,7710,514)</Cell>
<Cell dontCare="false" endCol="2" endRow="29" startCol="2" startRow="29" x0="873" x1="1013" y0="1978" y1="2024">(64769,7710,771)</Cell>
<Cell dontCare="false" endCol="3" endRow="29" startCol="3" startRow="29" x0="1013" x1="1110" y0="1978" y1="2024">(64769,7710,1028)</Cell>
<Cell dontCare="false" endCol="4" endRow="29" startCol="4" startRow="29" x0="1110" x1="1200" y0="1978" y1="2024">(64769,7710,1285)</Cell>
<Cell dontCare="false" endCol="5" endRow="29" startCol="5" startRow="29" x0="1200" x1="1293" y0="1978" y1="2024">(64769,7710,1542)</Cell>
<Cell dontCare="false" endCol="6" endRow="29" startCol="6" startRow="29" x0="1293" x1="1373" y0="1978" y1="2024">(64769,7710,1799)</Cell>
<Cell dontCare="false" endCol="7" endRow="29" startCol="7" startRow="29" x0="1373" x1="1530" y0="1978" y1="2024">(64769,7710,2056)</Cell>
<Cell dontCare="false" endCol="8" endRow="29" startCol="8" startRow="29" x0="1530" x1="1606" y0="1978" y1="2024">(64769,7710,2313)</Cell>
<Cell dontCare="false" endCol="9" endRow="29" startCol="9" startRow="29" x0="1606" x1="1676" y0="1978" y1="2024">(64769,7710,2570)</Cell>
<Cell dontCare="false" endCol="10" endRow="29" startCol="10" startRow="29" x0="1676" x1="1793" y0="1978" y1="2024">(64769,7710,2827)</Cell>
<Cell dontCare="false" endCol="11" endRow="29" startCol="11" startRow="29" x0="1793" x1="1923" y0="1978" y1="2024">(64769,7710,3084)</Cell>
<Cell dontCare="false" endCol="12" endRow="29" startCol="12" startRow="29" x0="1923" x1="2073" y0="1978" y1="2024">(64769,7710,3341)</Cell>
<Cell dontCare="false" endCol="13" endRow="29" startCol="13" startRow="29" x0="2073" x1="2266" y0="1978" y1="2024">(64769,7710,3598)</Cell>
<Cell dontCare="false" endCol="0" endRow="30" startCol="0" startRow="30" x0="220" x1="743" y0="2024" y1="2064">(64769,7967,257)</Cell>
<Cell dontCare="false" endCol="1" endRow="30" startCol="1" startRow="30" x0="743" x1="873" y0="2024" y1="2064">(64769,7967,514)</Cell>
<Cell dontCare="false" endCol="2" endRow="30" startCol="2" startRow="30" x0="873" x1="1013" y0="2024" y1="2064">(64769,7967,771)</Cell>
<Cell dontCare="false" endCol="3" endRow="30" startCol="3" startRow="30" x0="1013" x1="1110" y0="2024" y1="2064">(64769,7967,1028)</Cell>
<Cell dontCare="false" endCol="4" endRow="30" startCol="4" startRow="30" x0="1110" x1="1200" y0="2024" y1="2064">(64769,7967,1285)</Cell>
<Cell dontCare="false" endCol="5" endRow="30" startCol="5" startRow="30" x0="1200" x1="1293" y0="2024" y1="2064">(64769,7967,1542)</Cell>
<Cell dontCare="false" endCol="6" endRow="30" startCol="6" startRow="30" x0="1293" x1="1373" y0="2024" y1="2064">(64769,7967,1799)</Cell>
<Cell dontCare="false" endCol="7" endRow="30" startCol="7" startRow="30" x0="1373" x1="1530" y0="2024" y1="2064">(64769,7967,2056)</Cell>
<Cell dontCare="false" endCol="8" endRow="30" startCol="8" startRow="30" x0="1530" x1="1606" y0="2024" y1="2064">(64769,7967,2313)</Cell>
<Cell dontCare="false" endCol="9" endRow="30" startCol="9" startRow="30" x0="1606" x1="1676" y0="2024" y1="2064">(64769,7967,2570)</Cell>
<Cell dontCare="false" endCol="10" endRow="30" startCol="10" startRow="30" x0="1676" x1="1793" y0="2024" y1="2064">(64769,7967,2827)</Cell>
<Cell dontCare="false" endCol="11" endRow="30" startCol="11" startRow="30" x0="1793" x1="1923" y0="2024" y1="2064">(64769,7967,3084)</Cell>
<Cell dontCare="false" endCol="12" endRow="30" startCol="12" startRow="30" x0="1923" x1="2073" y0="2024" y1="2064">(64769,7967,3341)</Cell>
<Cell dontCare="false" endCol="13" endRow="30" startCol="13" startRow="30" x0="2073" x1="2266" y0="2024" y1="2064">(64769,7967,3598)</Cell>
<Cell dontCare="false" endCol="0" endRow="31" startCol="0" startRow="31" x0="220" x1="743" y0="2064" y1="2104">(64769,8224,257)</Cell>
<Cell dontCare="false" endCol="1" endRow="31" startCol="1" startRow="31" x0="743" x1="873" y0="2064" y1="2104">(64769,8224,514)</Cell>
<Cell dontCare="false" endCol="2" endRow="31" startCol="2" startRow="31" x0="873" x1="1013" y0="2064" y1="2104">(64769,8224,771)</Cell>
<Cell dontCare="false" endCol="3" endRow="31" startCol="3" startRow="31" x0="1013" x1="1110" y0="2064" y1="2104">(64769,8224,1028)</Cell>
<Cell dontCare="false" endCol="4" endRow="31" startCol="4" startRow="31" x0="1110" x1="1200" y0="2064" y1="2104">(64769,8224,1285)</Cell>
<Cell dontCare="false" endCol="5" endRow="31" startCol="5" startRow="31" x0="1200" x1="1293" y0="2064" y1="2104">(64769,8224,1542)</Cell>
<Cell dontCare="false" endCol="6" endRow="31" startCol="6" startRow="31" x0="1293" x1="1373" y0="2064" y1="2104">(64769,8224,1799)</Cell>
<Cell dontCare="false" endCol="7" endRow="31" startCol="7" startRow="31" x0="1373" x1="1530" y0="2064" y1="2104">(64769,8224,2056)</Cell>
<Cell dontCare="false" endCol="8" endRow="31" startCol="8" startRow="31" x0="1530" x1="1606" y0="2064" y1="2104">(64769,8224,2313)</Cell>
<Cell dontCare="false" endCol="9" endRow="31" startCol="9" startRow="31" x0="1606" x1="1676" y0="2064" y1="2104">(64769,8224,2570)</Cell>
<Cell dontCare="false" endCol="10" endRow="31" startCol="10" startRow="31" x0="1676" x1="1793" y0="2064" y1="2104">(64769,8224,2827)</Cell>
<Cell dontCare="false" endCol="11" endRow="31" startCol="11" startRow="31" x0="1793" x1="1923" y0="2064" y1="2104">(64769,8224,3084)</Cell>
<Cell dontCare="false" endCol="12" endRow="31" startCol="12" startRow="31" x0="1923" x1="2073" y0="2064" y1="2104">(64769,8224,3341)</Cell>
<Cell dontCare="false" endCol="13" endRow="31" startCol="13" startRow="31" x0="2073" x1="2266" y0="2064" y1="2104">(64769,8224,3598)</Cell>
<Cell dontCare="false" endCol="0" endRow="32" startCol="0" startRow="32" x0="220" x1="743" y0="2104" y1="2144">(64769,8481,257)</Cell>
<Cell dontCare="false" endCol="1" endRow="32" startCol="1" startRow="32" x0="743" x1="873" y0="2104" y1="2144">(64769,8481,514)</Cell>
<Cell dontCare="false" endCol="2" endRow="32" startCol="2" startRow="32" x0="873" x1="1013" y0="2104" y1="2144">(64769,8481,771)</Cell>
<Cell dontCare="false" endCol="3" endRow="32" startCol="3" startRow="32" x0="1013" x1="1110" y0="2104" y1="2144">(64769,8481,1028)</Cell>
<Cell dontCare="false" endCol="4" endRow="32" startCol="4" startRow="32" x0="1110" x1="1200" y0="2104" y1="2144">(64769,8481,1285)</Cell>
<Cell dontCare="false" endCol="5" endRow="32" startCol="5" startRow="32" x0="1200" x1="1293" y0="2104" y1="2144">(64769,8481,1542)</Cell>
<Cell dontCare="false" endCol="6" endRow="32" startCol="6" startRow="32" x0="1293" x1="1373" y0="2104" y1="2144">(64769,8481,1799)</Cell>
<Cell dontCare="false" endCol="7" endRow="32" startCol="7" startRow="32" x0="1373" x1="1530" y0="2104" y1="2144">(64769,8481,2056)</Cell>
<Cell dontCare="false" endCol="8" endRow="32" startCol="8" startRow="32" x0="1530" x1="1606" y0="2104" y1="2144">(64769,8481,2313)</Cell>
<Cell dontCare="false" endCol="9" endRow="32" startCol="9" startRow="32" x0="1606" x1="1676" y0="2104" y1="2144">(64769,8481,2570)</Cell>
<Cell dontCare="false" endCol="10" endRow="32" startCol="10" startRow="32" x0="1676" x1="1793" y0="2104" y1="2144">(64769,8481,2827)</Cell>
<Cell dontCare="false" endCol="11" endRow="32" startCol="11" startRow="32" x0="1793" x1="1923" y0="2104" y1="2144">(64769,8481,3084)</Cell>
<Cell dontCare="false" endCol="12" endRow="32" startCol="12" startRow="32" x0="1923" x1="2073" y0="2104" y1="2144">(64769,8481,3341)</Cell>
<Cell dontCare="false" endCol="13" endRow="32" startCol="13" startRow="32" x0="2073" x1="2266" y0="2104" y1="2144">(64769,8481,3598)</Cell>
<Cell dontCare="false" endCol="0" endRow="33" startCol="0" startRow="33" x0="220" x1="743" y0="2144" y1="2186">(64769,8738,257)</Cell>
<Cell dontCare="false" endCol="1" endRow="33" startCol="1" startRow="33" x0="743" x1="873" y0="2144" y1="2186">(64769,8738,514)</Cell>
<Cell dontCare="false" endCol="2" endRow="33" startCol="2" startRow="33" x0="873" x1="1013" y0="2144" y1="2186">(64769,8738,771)</Cell>
<Cell dontCare="false" endCol="3" endRow="33" startCol="3" startRow="33" x0="1013" x1="1110" y0="2144" y1="2186">(64769,8738,1028)</Cell>
<Cell dontCare="false" endCol="4" endRow="33" startCol="4" startRow="33" x0="1110" x1="1200" y0="2144" y1="2186">(64769,8738,1285)</Cell>
<Cell dontCare="false" endCol="5" endRow="33" startCol="5" startRow="33" x0="1200" x1="1293" y0="2144" y1="2186">(64769,8738,1542)</Cell>
<Cell dontCare="false" endCol="6" endRow="33" startCol="6" startRow="33" x0="1293" x1="1373" y0="2144" y1="2186">(64769,8738,1799)</Cell>
<Cell dontCare="false" endCol="7" endRow="33" startCol="7" startRow="33" x0="1373" x1="1530" y0="2144" y1="2186">(64769,8738,2056)</Cell>
<Cell dontCare="false" endCol="8" endRow="33" startCol="8" startRow="33" x0="1530" x1="1606" y0="2144" y1="2186">(64769,8738,2313)</Cell>
<Cell dontCare="false" endCol="9" endRow="33" startCol="9" startRow="33" x0="1606" x1="1676" y0="2144" y1="2186">(64769,8738,2570)</Cell>
<Cell dontCare="false" endCol="10" endRow="33" startCol="10" startRow="33" x0="1676" x1="1793" y0="2144" y1="2186">(64769,8738,2827)</Cell>
<Cell dontCare="false" endCol="11" endRow="33" startCol="11" startRow="33" x0="1793" x1="1923" y0="2144" y1="2186">(64769,8738,3084)</Cell>
<Cell dontCare="false" endCol="12" endRow="33" startCol="12" startRow="33" x0="1923" x1="2073" y0="2144" y1="2186">(64769,8738,3341)</Cell>
<Cell dontCare="false" endCol="13" endRow="33" startCol="13" startRow="33" x0="2073" x1="2266" y0="2144" y1="2186">(64769,8738,3598)</Cell>
<Cell dontCare="false" endCol="0" endRow="34" startCol="0" startRow="34" x0="220" x1="743" y0="2186" y1="2230">(64769,8995,257)</Cell>
<Cell dontCare="false" endCol="1" endRow="34" startCol="1" startRow="34" x0="743" x1="873" y0="2186" y1="2230">(64769,8995,514)</Cell>
<Cell dontCare="false" endCol="2" endRow="34" startCol="2" startRow="34" x0="873" x1="1013" y0="2186" y1="2230">(64769,8995,771)</Cell>
<Cell dontCare="false" endCol="3" endRow="34" startCol="3" startRow="34" x0="1013" x1="1110" y0="2186" y1="2230">(64769,8995,1028)</Cell>
<Cell dontCare="false" endCol="4" endRow="34" startCol="4" startRow="34" x0="1110" x1="1200" y0="2186" y1="2230">(64769,8995,1285)</Cell>
<Cell dontCare="false" endCol="5" endRow="34" startCol="5" startRow="34" x0="1200" x1="1293" y0="2186" y1="2230">(64769,8995,1542)</Cell>
<Cell dontCare="false" endCol="6" endRow="34" startCol="6" startRow="34" x0="1293" x1="1373" y0="2186" y1="2230">(64769,8995,1799)</Cell>
<Cell dontCare="false" endCol="7" endRow="34" startCol="7" startRow="34" x0="1373" x1="1530" y0="2186" y1="2230">(64769,8995,2056)</Cell>
<Cell dontCare="false" endCol="8" endRow="34" startCol="8" startRow="34" x0="1530" x1="1606" y0="2186" y1="2230">(64769,8995,2313)</Cell>
<Cell dontCare="false" endCol="9" endRow="34" startCol="9" startRow="34" x0="1606" x1="1676" y0="2186" y1="2230">(64769,8995,2570)</Cell>
<Cell dontCare="false" endCol="10" endRow="34" startCol="10" startRow="34" x0="1676" x1="1793" y0="2186" y1="2230">(64769,8995,2827)</Cell>
<Cell dontCare="false" endCol="11" endRow="34" startCol="11" startRow="34" x0="1793" x1="1923" y0="2186" y1="2230">(64769,8995,3084)</Cell>
<Cell dontCare="false" endCol="12" endRow="34" startCol="12" startRow="34" x0="1923" x1="2073" y0="2186" y1="2230">(64769,8995,3341)</Cell>
<Cell dontCare="false" endCol="13" endRow="34" startCol="13" startRow="34" x0="2073" x1="2266" y0="2186" y1="2230">(64769,8995,3598)</Cell>
<Cell dontCare="false" endCol="0" endRow="35" startCol="0" startRow="35" x0="220" x1="743" y0="2230" y1="2278">(64769,9252,257)</Cell>
<Cell dontCare="false" endCol="1" endRow="35" startCol="1" startRow="35" x0="743" x1="873" y0="2230" y1="2278">(64769,9252,514)</Cell>
<Cell dontCare="false" endCol="2" endRow="35" startCol="2" startRow="35" x0="873" x1="1013" y0="2230" y1="2278">(64769,9252,771)</Cell>
<Cell dontCare="false" endCol="3" endRow="35" startCol="3" startRow="35" x0="1013" x1="1110" y0="2230" y1="2278">(64769,9252,1028)</Cell>
<Cell dontCare="false" endCol="4" endRow="35" startCol="4" startRow="35" x0="1110" x1="1200" y0="2230" y1="2278">(64769,9252,1285)</Cell>
<Cell dontCare="false" endCol="5" endRow="35" startCol="5" startRow="35" x0="1200" x1="1293" y0="2230" y1="2278">(64769,9252,1542)</Cell>
<Cell dontCare="false" endCol="6" endRow="35" startCol="6" startRow="35" x0="1293" x1="1373" y0="2230" y1="2278">(64769,9252,1799)</Cell>
<Cell dontCare="false" endCol="7" endRow="35" startCol="7" startRow="35" x0="1373" x1="1530" y0="2230" y1="2278">(64769,9252,2056)</Cell>
<Cell dontCare="false" endCol="8" endRow="35" startCol="8" startRow="35" x0="1530" x1="1606" y0="2230" y1="2278">(64769,9252,2313)</Cell>
<Cell dontCare="false" endCol="9" endRow="35" startCol="9" startRow="35" x0="1606" x1="1676" y0="2230" y1="2278">(64769,9252,2570)</Cell>
<Cell dontCare="false" endCol="10" endRow="35" startCol="10" startRow="35" x0="1676" x1="1793" y0="2230" y1="2278">(64769,9252,2827)</Cell>
<Cell dontCare="false" endCol="11" endRow="35" startCol="11" startRow="35" x0="1793" x1="1923" y0="2230" y1="2278">(64769,9252,3084)</Cell>
<Cell dontCare="false" endCol="12" endRow="35" startCol="12" startRow="35" x0="1923" x1="2073" y0="2230" y1="2278">(64769,9252,3341)</Cell>
<Cell dontCare="false" endCol="13" endRow="35" startCol="13" startRow="35" x0="2073" x1="2266" y0="2230" y1="2278">(64769,9252,3598)</Cell>
<Cell dontCare="false" endCol="13" endRow="36" startCol="0" startRow="36" x0="220" x1="2266" y0="2278" y1="2338">(64769,9509,270)</Cell>
<Cell dontCare="true" endCol="1" endRow="36" startCol="1" startRow="36" x0="743" x1="873" y0="2278" y1="2338">(64769,9509,514)</Cell>
<Cell dontCare="true" endCol="2" endRow="36" startCol="2" startRow="36" x0="873" x1="1013" y0="2278" y1="2338">(64769,9509,771)</Cell>
<Cell dontCare="true" endCol="3" endRow="36" startCol="3" startRow="36" x0="1013" x1="1110" y0="2278" y1="2338">(64769,9509,1028)</Cell>
<Cell dontCare="true" endCol="4" endRow="36" startCol="4" startRow="36" x0="1110" x1="1200" y0="2278" y1="2338">(64769,9509,1285)</Cell>
<Cell dontCare="true" endCol="5" endRow="36" startCol="5" startRow="36" x0="1200" x1="1293" y0="2278" y1="2338">(64769,9509,1542)</Cell>
<Cell dontCare="true" endCol="6" endRow="36" startCol="6" startRow="36" x0="1293" x1="1373" y0="2278" y1="2338">(64769,9509,1799)</Cell>
<Cell dontCare="true" endCol="7" endRow="36" startCol="7" startRow="36" x0="1373" x1="1530" y0="2278" y1="2338">(64769,9509,2056)</Cell>
<Cell dontCare="true" endCol="8" endRow="36" startCol="8" startRow="36" x0="1530" x1="1606" y0="2278" y1="2338">(64769,9509,2313)</Cell>
<Cell dontCare="true" endCol="9" endRow="36" startCol="9" startRow="36" x0="1606" x1="1676" y0="2278" y1="2338">(64769,9509,2570)</Cell>
<Cell dontCare="true" endCol="10" endRow="36" startCol="10" startRow="36" x0="1676" x1="1793" y0="2278" y1="2338">(64769,9509,2827)</Cell>
<Cell dontCare="true" endCol="11" endRow="36" startCol="11" startRow="36" x0="1793" x1="1923" y0="2278" y1="2338">(64769,9509,3084)</Cell>
<Cell dontCare="true" endCol="12" endRow="36" startCol="12" startRow="36" x0="1923" x1="2073" y0="2278" y1="2338">(64769,9509,3341)</Cell>
<Cell dontCare="true" endCol="13" endRow="36" startCol="13" startRow="36" x0="2073" x1="2266" y0="2278" y1="2338">(64769,9509,3598)</Cell>
<Cell dontCare="false" endCol="0" endRow="37" startCol="0" startRow="37" x0="220" x1="743" y0="2338" y1="2382">(64769,9766,257)</Cell>
<Cell dontCare="false" endCol="1" endRow="37" startCol="1" startRow="37" x0="743" x1="873" y0="2338" y1="2382">(64769,9766,514)</Cell>
<Cell dontCare="false" endCol="2" endRow="37" startCol="2" startRow="37" x0="873" x1="1013" y0="2338" y1="2382">(64769,9766,771)</Cell>
<Cell dontCare="false" endCol="3" endRow="37" startCol="3" startRow="37" x0="1013" x1="1110" y0="2338" y1="2382">(64769,9766,1028)</Cell>
<Cell dontCare="false" endCol="4" endRow="37" startCol="4" startRow="37" x0="1110" x1="1200" y0="2338" y1="2382">(64769,9766,1285)</Cell>
<Cell dontCare="false" endCol="5" endRow="37" startCol="5" startRow="37" x0="1200" x1="1293" y0="2338" y1="2382">(64769,9766,1542)</Cell>
<Cell dontCare="false" endCol="6" endRow="37" startCol="6" startRow="37" x0="1293" x1="1373" y0="2338" y1="2382">(64769,9766,1799)</Cell>
<Cell dontCare="false" endCol="7" endRow="37" startCol="7" startRow="37" x0="1373" x1="1530" y0="2338" y1="2382">(64769,9766,2056)</Cell>
<Cell dontCare="false" endCol="8" endRow="37" startCol="8" startRow="37" x0="1530" x1="1606" y0="2338" y1="2382">(64769,9766,2313)</Cell>
<Cell dontCare="false" endCol="9" endRow="37" startCol="9" startRow="37" x0="1606" x1="1676" y0="2338" y1="2382">(64769,9766,2570)</Cell>
<Cell dontCare="false" endCol="10" endRow="37" startCol="10" startRow="37" x0="1676" x1="1793" y0="2338" y1="2382">(64769,9766,2827)</Cell>
<Cell dontCare="false" endCol="11" endRow="37" startCol="11" startRow="37" x0="1793" x1="1923" y0="2338" y1="2382">(64769,9766,3084)</Cell>
<Cell dontCare="false" endCol="12" endRow="37" startCol="12" startRow="37" x0="1923" x1="2073" y0="2338" y1="2382">(64769,9766,3341)</Cell>
<Cell dontCare="false" endCol="13" endRow="37" startCol="13" startRow="37" x0="2073" x1="2266" y0="2338" y1="2382">(64769,9766,3598)</Cell>
<Cell dontCare="false" endCol="0" endRow="38" startCol="0" startRow="38" x0="220" x1="743" y0="2382" y1="2420">(64769,10023,257)</Cell>
<Cell dontCare="false" endCol="1" endRow="38" startCol="1" startRow="38" x0="743" x1="873" y0="2382" y1="2420">(64769,10023,514)</Cell>
<Cell dontCare="false" endCol="2" endRow="38" startCol="2" startRow="38" x0="873" x1="1013" y0="2382" y1="2420">(64769,10023,771)</Cell>
<Cell dontCare="false" endCol="3" endRow="38" startCol="3" startRow="38" x0="1013" x1="1110" y0="2382" y1="2420">(64769,10023,1028)</Cell>
<Cell dontCare="false" endCol="4" endRow="38" startCol="4" startRow="38" x0="1110" x1="1200" y0="2382" y1="2420">(64769,10023,1285)</Cell>
<Cell dontCare="false" endCol="5" endRow="38" startCol="5" startRow="38" x0="1200" x1="1293" y0="2382" y1="2420">(64769,10023,1542)</Cell>
<Cell dontCare="false" endCol="6" endRow="38" startCol="6" startRow="38" x0="1293" x1="1373" y0="2382" y1="2420">(64769,10023,1799)</Cell>
<Cell dontCare="false" endCol="7" endRow="38" startCol="7" startRow="38" x0="1373" x1="1530" y0="2382" y1="2420">(64769,10023,2056)</Cell>
<Cell dontCare="false" endCol="8" endRow="38" startCol="8" startRow="38" x0="1530" x1="1606" y0="2382" y1="2420">(64769,10023,2313)</Cell>
<Cell dontCare="false" endCol="9" endRow="38" startCol="9" startRow="38" x0="1606" x1="1676" y0="2382" y1="2420">(64769,10023,2570)</Cell>
<Cell dontCare="false" endCol="10" endRow="38" startCol="10" startRow="38" x0="1676" x1="1793" y0="2382" y1="2420">(64769,10023,2827)</Cell>
<Cell dontCare="false" endCol="11" endRow="38" startCol="11" startRow="38" x0="1793" x1="1923" y0="2382" y1="2420">(64769,10023,3084)</Cell>
<Cell dontCare="false" endCol="12" endRow="38" startCol="12" startRow="38" x0="1923" x1="2073" y0="2382" y1="2420">(64769,10023,3341)</Cell>
<Cell dontCare="false" endCol="13" endRow="38" startCol="13" startRow="38" x0="2073" x1="2266" y0="2382" y1="2420">(64769,10023,3598)</Cell>
<Cell dontCare="false" endCol="0" endRow="39" startCol="0" startRow="39" x0="220" x1="743" y0="2420" y1="2462">(64769,10280,257)</Cell>
<Cell dontCare="false" endCol="1" endRow="39" startCol="1" startRow="39" x0="743" x1="873" y0="2420" y1="2462">(64769,10280,514)</Cell>
<Cell dontCare="false" endCol="2" endRow="39" startCol="2" startRow="39" x0="873" x1="1013" y0="2420" y1="2462">(64769,10280,771)</Cell>
<Cell dontCare="false" endCol="3" endRow="39" startCol="3" startRow="39" x0="1013" x1="1110" y0="2420" y1="2462">(64769,10280,1028)</Cell>
<Cell dontCare="false" endCol="4" endRow="39" startCol="4" startRow="39" x0="1110" x1="1200" y0="2420" y1="2462">(64769,10280,1285)</Cell>
<Cell dontCare="false" endCol="5" endRow="39" startCol="5" startRow="39" x0="1200" x1="1293" y0="2420" y1="2462">(64769,10280,1542)</Cell>
<Cell dontCare="false" endCol="6" endRow="39" startCol="6" startRow="39" x0="1293" x1="1373" y0="2420" y1="2462">(64769,10280,1799)</Cell>
<Cell dontCare="false" endCol="7" endRow="39" startCol="7" startRow="39" x0="1373" x1="1530" y0="2420" y1="2462">(64769,10280,2056)</Cell>
<Cell dontCare="false" endCol="8" endRow="39" startCol="8" startRow="39" x0="1530" x1="1606" y0="2420" y1="2462">(64769,10280,2313)</Cell>
<Cell dontCare="false" endCol="9" endRow="39" startCol="9" startRow="39" x0="1606" x1="1676" y0="2420" y1="2462">(64769,10280,2570)</Cell>
<Cell dontCare="false" endCol="10" endRow="39" startCol="10" startRow="39" x0="1676" x1="1793" y0="2420" y1="2462">(64769,10280,2827)</Cell>
<Cell dontCare="false" endCol="11" endRow="39" startCol="11" startRow="39" x0="1793" x1="1923" y0="2420" y1="2462">(64769,10280,3084)</Cell>
<Cell dontCare="false" endCol="12" endRow="39" startCol="12" startRow="39" x0="1923" x1="2073" y0="2420" y1="2462">(64769,10280,3341)</Cell>
<Cell dontCare="false" endCol="13" endRow="39" startCol="13" startRow="39" x0="2073" x1="2266" y0="2420" y1="2462">(64769,10280,3598)</Cell>
<Cell dontCare="false" endCol="0" endRow="40" startCol="0" startRow="40" x0="220" x1="743" y0="2462" y1="2502">(64769,10537,257)</Cell>
<Cell dontCare="false" endCol="1" endRow="40" startCol="1" startRow="40" x0="743" x1="873" y0="2462" y1="2502">(64769,10537,514)</Cell>
<Cell dontCare="false" endCol="2" endRow="40" startCol="2" startRow="40" x0="873" x1="1013" y0="2462" y1="2502">(64769,10537,771)</Cell>
<Cell dontCare="false" endCol="3" endRow="40" startCol="3" startRow="40" x0="1013" x1="1110" y0="2462" y1="2502">(64769,10537,1028)</Cell>
<Cell dontCare="false" endCol="4" endRow="40" startCol="4" startRow="40" x0="1110" x1="1200" y0="2462" y1="2502">(64769,10537,1285)</Cell>
<Cell dontCare="false" endCol="5" endRow="40" startCol="5" startRow="40" x0="1200" x1="1293" y0="2462" y1="2502">(64769,10537,1542)</Cell>
<Cell dontCare="false" endCol="6" endRow="40" startCol="6" startRow="40" x0="1293" x1="1373" y0="2462" y1="2502">(64769,10537,1799)</Cell>
<Cell dontCare="false" endCol="7" endRow="40" startCol="7" startRow="40" x0="1373" x1="1530" y0="2462" y1="2502">(64769,10537,2056)</Cell>
<Cell dontCare="false" endCol="8" endRow="40" startCol="8" startRow="40" x0="1530" x1="1606" y0="2462" y1="2502">(64769,10537,2313)</Cell>
<Cell dontCare="false" endCol="9" endRow="40" startCol="9" startRow="40" x0="1606" x1="1676" y0="2462" y1="2502">(64769,10537,2570)</Cell>
<Cell dontCare="false" endCol="10" endRow="40" startCol="10" startRow="40" x0="1676" x1="1793" y0="2462" y1="2502">(64769,10537,2827)</Cell>
<Cell dontCare="false" endCol="11" endRow="40" startCol="11" startRow="40" x0="1793" x1="1923" y0="2462" y1="2502">(64769,10537,3084)</Cell>
<Cell dontCare="false" endCol="12" endRow="40" startCol="12" startRow="40" x0="1923" x1="2073" y0="2462" y1="2502">(64769,10537,3341)</Cell>
<Cell dontCare="false" endCol="13" endRow="40" startCol="13" startRow="40" x0="2073" x1="2266" y0="2462" y1="2502">(64769,10537,3598)</Cell>
<Cell dontCare="false" endCol="0" endRow="41" startCol="0" startRow="41" x0="220" x1="743" y0="2502" y1="2546">(64769,10794,257)</Cell>
<Cell dontCare="false" endCol="1" endRow="41" startCol="1" startRow="41" x0="743" x1="873" y0="2502" y1="2546">(64769,10794,514)</Cell>
<Cell dontCare="false" endCol="2" endRow="41" startCol="2" startRow="41" x0="873" x1="1013" y0="2502" y1="2546">(64769,10794,771)</Cell>
<Cell dontCare="false" endCol="3" endRow="41" startCol="3" startRow="41" x0="1013" x1="1110" y0="2502" y1="2546">(64769,10794,1028)</Cell>
<Cell dontCare="false" endCol="4" endRow="41" startCol="4" startRow="41" x0="1110" x1="1200" y0="2502" y1="2546">(64769,10794,1285)</Cell>
<Cell dontCare="false" endCol="5" endRow="41" startCol="5" startRow="41" x0="1200" x1="1293" y0="2502" y1="2546">(64769,10794,1542)</Cell>
<Cell dontCare="false" endCol="6" endRow="41" startCol="6" startRow="41" x0="1293" x1="1373" y0="2502" y1="2546">(64769,10794,1799)</Cell>
<Cell dontCare="false" endCol="7" endRow="41" startCol="7" startRow="41" x0="1373" x1="1530" y0="2502" y1="2546">(64769,10794,2056)</Cell>
<Cell dontCare="false" endCol="8" endRow="41" startCol="8" startRow="41" x0="1530" x1="1606" y0="2502" y1="2546">(64769,10794,2313)</Cell>
<Cell dontCare="false" endCol="9" endRow="41" startCol="9" startRow="41" x0="1606" x1="1676" y0="2502" y1="2546">(64769,10794,2570)</Cell>
<Cell dontCare="false" endCol="10" endRow="41" startCol="10" startRow="41" x0="1676" x1="1793" y0="2502" y1="2546">(64769,10794,2827)</Cell>
<Cell dontCare="false" endCol="11" endRow="41" startCol="11" startRow="41" x0="1793" x1="1923" y0="2502" y1="2546">(64769,10794,3084)</Cell>
<Cell dontCare="false" endCol="12" endRow="41" startCol="12" startRow="41" x0="1923" x1="2073" y0="2502" y1="2546">(64769,10794,3341)</Cell>
<Cell dontCare="false" endCol="13" endRow="41" startCol="13" startRow="41" x0="2073" x1="2266" y0="2502" y1="2546">(64769,10794,3598)</Cell>
<Cell dontCare="false" endCol="0" endRow="42" startCol="0" startRow="42" x0="220" x1="743" y0="2546" y1="2590">(64769,11051,257)</Cell>
<Cell dontCare="false" endCol="1" endRow="42" startCol="1" startRow="42" x0="743" x1="873" y0="2546" y1="2590">(64769,11051,514)</Cell>
<Cell dontCare="false" endCol="2" endRow="42" startCol="2" startRow="42" x0="873" x1="1013" y0="2546" y1="2590">(64769,11051,771)</Cell>
<Cell dontCare="false" endCol="3" endRow="42" startCol="3" startRow="42" x0="1013" x1="1110" y0="2546" y1="2590">(64769,11051,1028)</Cell>
<Cell dontCare="false" endCol="4" endRow="42" startCol="4" startRow="42" x0="1110" x1="1200" y0="2546" y1="2590">(64769,11051,1285)</Cell>
<Cell dontCare="false" endCol="5" endRow="42" startCol="5" startRow="42" x0="1200" x1="1293" y0="2546" y1="2590">(64769,11051,1542)</Cell>
<Cell dontCare="false" endCol="6" endRow="42" startCol="6" startRow="42" x0="1293" x1="1373" y0="2546" y1="2590">(64769,11051,1799)</Cell>
<Cell dontCare="false" endCol="7" endRow="42" startCol="7" startRow="42" x0="1373" x1="1530" y0="2546" y1="2590">(64769,11051,2056)</Cell>
<Cell dontCare="false" endCol="8" endRow="42" startCol="8" startRow="42" x0="1530" x1="1606" y0="2546" y1="2590">(64769,11051,2313)</Cell>
<Cell dontCare="false" endCol="9" endRow="42" startCol="9" startRow="42" x0="1606" x1="1676" y0="2546" y1="2590">(64769,11051,2570)</Cell>
<Cell dontCare="false" endCol="10" endRow="42" startCol="10" startRow="42" x0="1676" x1="1793" y0="2546" y1="2590">(64769,11051,2827)</Cell>
<Cell dontCare="false" endCol="11" endRow="42" startCol="11" startRow="42" x0="1793" x1="1923" y0="2546" y1="2590">(64769,11051,3084)</Cell>
<Cell dontCare="false" endCol="12" endRow="42" startCol="12" startRow="42" x0="1923" x1="2073" y0="2546" y1="2590">(64769,11051,3341)</Cell>
<Cell dontCare="false" endCol="13" endRow="42" startCol="13" startRow="42" x0="2073" x1="2266" y0="2546" y1="2590">(64769,11051,3598)</Cell>
<Cell dontCare="false" endCol="0" endRow="43" startCol="0" startRow="43" x0="220" x1="743" y0="2590" y1="2630">(64769,11308,257)</Cell>
<Cell dontCare="false" endCol="1" endRow="43" startCol="1" startRow="43" x0="743" x1="873" y0="2590" y1="2630">(64769,11308,514)</Cell>
<Cell dontCare="false" endCol="2" endRow="43" startCol="2" startRow="43" x0="873" x1="1013" y0="2590" y1="2630">(64769,11308,771)</Cell>
<Cell dontCare="false" endCol="3" endRow="43" startCol="3" startRow="43" x0="1013" x1="1110" y0="2590" y1="2630">(64769,11308,1028)</Cell>
<Cell dontCare="false" endCol="4" endRow="43" startCol="4" startRow="43" x0="1110" x1="1200" y0="2590" y1="2630">(64769,11308,1285)</Cell>
<Cell dontCare="false" endCol="5" endRow="43" startCol="5" startRow="43" x0="1200" x1="1293" y0="2590" y1="2630">(64769,11308,1542)</Cell>
<Cell dontCare="false" endCol="6" endRow="43" startCol="6" startRow="43" x0="1293" x1="1373" y0="2590" y1="2630">(64769,11308,1799)</Cell>
<Cell dontCare="false" endCol="7" endRow="43" startCol="7" startRow="43" x0="1373" x1="1530" y0="2590" y1="2630">(64769,11308,2056)</Cell>
<Cell dontCare="false" endCol="8" endRow="43" startCol="8" startRow="43" x0="1530" x1="1606" y0="2590" y1="2630">(64769,11308,2313)</Cell>
<Cell dontCare="false" endCol="9" endRow="43" startCol="9" startRow="43" x0="1606" x1="1676" y0="2590" y1="2630">(64769,11308,2570)</Cell>
<Cell dontCare="false" endCol="10" endRow="43" startCol="10" startRow="43" x0="1676" x1="1793" y0="2590" y1="2630">(64769,11308,2827)</Cell>
<Cell dontCare="false" endCol="11" endRow="43" startCol="11" startRow="43" x0="1793" x1="1923" y0="2590" y1="2630">(64769,11308,3084)</Cell>
<Cell dontCare="false" endCol="12" endRow="43" startCol="12" startRow="43" x0="1923" x1="2073" y0="2590" y1="2630">(64769,11308,3341)</Cell>
<Cell dontCare="false" endCol="13" endRow="43" startCol="13" startRow="43" x0="2073" x1="2266" y0="2590" y1="2630">(64769,11308,3598)</Cell>
<Cell dontCare="false" endCol="0" endRow="44" startCol="0" startRow="44" x0="220" x1="743" y0="2630" y1="2672">(64769,11565,257)</Cell>
<Cell dontCare="false" endCol="1" endRow="44" startCol="1" startRow="44" x0="743" x1="873" y0="2630" y1="2672">(64769,11565,514)</Cell>
<Cell dontCare="false" endCol="2" endRow="44" startCol="2" startRow="44" x0="873" x1="1013" y0="2630" y1="2672">(64769,11565,771)</Cell>
<Cell dontCare="false" endCol="3" endRow="44" startCol="3" startRow="44" x0="1013" x1="1110" y0="2630" y1="2672">(64769,11565,1028)</Cell>
<Cell dontCare="false" endCol="4" endRow="44" startCol="4" startRow="44" x0="1110" x1="1200" y0="2630" y1="2672">(64769,11565,1285)</Cell>
<Cell dontCare="false" endCol="5" endRow="44" startCol="5" startRow="44" x0="1200" x1="1293" y0="2630" y1="2672">(64769,11565,1542)</Cell>
<Cell dontCare="false" endCol="6" endRow="44" startCol="6" startRow="44" x0="1293" x1="1373" y0="2630" y1="2672">(64769,11565,1799)</Cell>
<Cell dontCare="false" endCol="7" endRow="44" startCol="7" startRow="44" x0="1373" x1="1530" y0="2630" y1="2672">(64769,11565,2056)</Cell>
<Cell dontCare="false" endCol="8" endRow="44" startCol="8" startRow="44" x0="1530" x1="1606" y0="2630" y1="2672">(64769,11565,2313)</Cell>
<Cell dontCare="false" endCol="9" endRow="44" startCol="9" startRow="44" x0="1606" x1="1676" y0="2630" y1="2672">(64769,11565,2570)</Cell>
<Cell dontCare="false" endCol="10" endRow="44" startCol="10" startRow="44" x0="1676" x1="1793" y0="2630" y1="2672">(64769,11565,2827)</Cell>
<Cell dontCare="false" endCol="11" endRow="44" startCol="11" startRow="44" x0="1793" x1="1923" y0="2630" y1="2672">(64769,11565,3084)</Cell>
<Cell dontCare="false" endCol="12" endRow="44" startCol="12" startRow="44" x0="1923" x1="2073" y0="2630" y1="2672">(64769,11565,3341)</Cell>
<Cell dontCare="false" endCol="13" endRow="44" startCol="13" startRow="44" x0="2073" x1="2266" y0="2630" y1="2672">(64769,11565,3598)</Cell>
<Cell dontCare="false" endCol="0" endRow="45" startCol="0" startRow="45" x0="220" x1="743" y0="2672" y1="2712">(64769,11822,257)</Cell>
<Cell dontCare="false" endCol="1" endRow="45" startCol="1" startRow="45" x0="743" x1="873" y0="2672" y1="2712">(64769,11822,514)</Cell>
<Cell dontCare="false" endCol="2" endRow="45" startCol="2" startRow="45" x0="873" x1="1013" y0="2672" y1="2712">(64769,11822,771)</Cell>
<Cell dontCare="false" endCol="3" endRow="45" startCol="3" startRow="45" x0="1013" x1="1110" y0="2672" y1="2712">(64769,11822,1028)</Cell>
<Cell dontCare="false" endCol="4" endRow="45" startCol="4" startRow="45" x0="1110" x1="1200" y0="2672" y1="2712">(64769,11822,1285)</Cell>
<Cell dontCare="false" endCol="5" endRow="45" startCol="5" startRow="45" x0="1200" x1="1293" y0="2672" y1="2712">(64769,11822,1542)</Cell>
<Cell dontCare="false" endCol="6" endRow="45" startCol="6" startRow="45" x0="1293" x1="1373" y0="2672" y1="2712">(64769,11822,1799)</Cell>
<Cell dontCare="false" endCol="7" endRow="45" startCol="7" startRow="45" x0="1373" x1="1530" y0="2672" y1="2712">(64769,11822,2056)</Cell>
<Cell dontCare="false" endCol="8" endRow="45" startCol="8" startRow="45" x0="1530" x1="1606" y0="2672" y1="2712">(64769,11822,2313)</Cell>
<Cell dontCare="false" endCol="9" endRow="45" startCol="9" startRow="45" x0="1606" x1="1676" y0="2672" y1="2712">(64769,11822,2570)</Cell>
<Cell dontCare="false" endCol="10" endRow="45" startCol="10" startRow="45" x0="1676" x1="1793" y0="2672" y1="2712">(64769,11822,2827)</Cell>
<Cell dontCare="false" endCol="11" endRow="45" startCol="11" startRow="45" x0="1793" x1="1923" y0="2672" y1="2712">(64769,11822,3084)</Cell>
<Cell dontCare="false" endCol="12" endRow="45" startCol="12" startRow="45" x0="1923" x1="2073" y0="2672" y1="2712">(64769,11822,3341)</Cell>
<Cell dontCare="false" endCol="13" endRow="45" startCol="13" startRow="45" x0="2073" x1="2266" y0="2672" y1="2712">(64769,11822,3598)</Cell>
<Cell dontCare="false" endCol="0" endRow="46" startCol="0" startRow="46" x0="220" x1="743" y0="2712" y1="2756">(64769,12079,257)</Cell>
<Cell dontCare="false" endCol="1" endRow="46" startCol="1" startRow="46" x0="743" x1="873" y0="2712" y1="2756">(64769,12079,514)</Cell>
<Cell dontCare="false" endCol="2" endRow="46" startCol="2" startRow="46" x0="873" x1="1013" y0="2712" y1="2756">(64769,12079,771)</Cell>
<Cell dontCare="false" endCol="3" endRow="46" startCol="3" startRow="46" x0="1013" x1="1110" y0="2712" y1="2756">(64769,12079,1028)</Cell>
<Cell dontCare="false" endCol="4" endRow="46" startCol="4" startRow="46" x0="1110" x1="1200" y0="2712" y1="2756">(64769,12079,1285)</Cell>
<Cell dontCare="false" endCol="5" endRow="46" startCol="5" startRow="46" x0="1200" x1="1293" y0="2712" y1="2756">(64769,12079,1542)</Cell>
<Cell dontCare="false" endCol="6" endRow="46" startCol="6" startRow="46" x0="1293" x1="1373" y0="2712" y1="2756">(64769,12079,1799)</Cell>
<Cell dontCare="false" endCol="7" endRow="46" startCol="7" startRow="46" x0="1373" x1="1530" y0="2712" y1="2756">(64769,12079,2056)</Cell>
<Cell dontCare="false" endCol="8" endRow="46" startCol="8" startRow="46" x0="1530" x1="1606" y0="2712" y1="2756">(64769,12079,2313)</Cell>
<Cell dontCare="false" endCol="9" endRow="46" startCol="9" startRow="46" x0="1606" x1="1676" y0="2712" y1="2756">(64769,12079,2570)</Cell>
<Cell dontCare="false" endCol="10" endRow="46" startCol="10" startRow="46" x0="1676" x1="1793" y0="2712" y1="2756">(64769,12079,2827)</Cell>
<Cell dontCare="false" endCol="11" endRow="46" startCol="11" startRow="46" x0="1793" x1="1923" y0="2712" y1="2756">(64769,12079,3084)</Cell>
<Cell dontCare="false" endCol="12" endRow="46" startCol="12" startRow="46" x0="1923" x1="2073" y0="2712" y1="2756">(64769,12079,3341)</Cell>
<Cell dontCare="false" endCol="13" endRow="46" startCol="13" startRow="46" x0="2073" x1="2266" y0="2712" y1="2756">(64769,12079,3598)</Cell>
<Cell dontCare="false" endCol="0" endRow="47" startCol="0" startRow="47" x0="220" x1="743" y0="2756" y1="2796">(64769,12336,257)</Cell>
<Cell dontCare="false" endCol="1" endRow="47" startCol="1" startRow="47" x0="743" x1="873" y0="2756" y1="2796">(64769,12336,514)</Cell>
<Cell dontCare="false" endCol="2" endRow="47" startCol="2" startRow="47" x0="873" x1="1013" y0="2756" y1="2796">(64769,12336,771)</Cell>
<Cell dontCare="false" endCol="3" endRow="47" startCol="3" startRow="47" x0="1013" x1="1110" y0="2756" y1="2796">(64769,12336,1028)</Cell>
<Cell dontCare="false" endCol="4" endRow="47" startCol="4" startRow="47" x0="1110" x1="1200" y0="2756" y1="2796">(64769,12336,1285)</Cell>
<Cell dontCare="false" endCol="5" endRow="47" startCol="5" startRow="47" x0="1200" x1="1293" y0="2756" y1="2796">(64769,12336,1542)</Cell>
<Cell dontCare="false" endCol="6" endRow="47" startCol="6" startRow="47" x0="1293" x1="1373" y0="2756" y1="2796">(64769,12336,1799)</Cell>
<Cell dontCare="false" endCol="7" endRow="47" startCol="7" startRow="47" x0="1373" x1="1530" y0="2756" y1="2796">(64769,12336,2056)</Cell>
<Cell dontCare="false" endCol="8" endRow="47" startCol="8" startRow="47" x0="1530" x1="1606" y0="2756" y1="2796">(64769,12336,2313)</Cell>
<Cell dontCare="false" endCol="9" endRow="47" startCol="9" startRow="47" x0="1606" x1="1676" y0="2756" y1="2796">(64769,12336,2570)</Cell>
<Cell dontCare="false" endCol="10" endRow="47" startCol="10" startRow="47" x0="1676" x1="1793" y0="2756" y1="2796">(64769,12336,2827)</Cell>
<Cell dontCare="false" endCol="11" endRow="47" startCol="11" startRow="47" x0="1793" x1="1923" y0="2756" y1="2796">(64769,12336,3084)</Cell>
<Cell dontCare="false" endCol="12" endRow="47" startCol="12" startRow="47" x0="1923" x1="2073" y0="2756" y1="2796">(64769,12336,3341)</Cell>
<Cell dontCare="false" endCol="13" endRow="47" startCol="13" startRow="47" x0="2073" x1="2266" y0="2756" y1="2796">(64769,12336,3598)</Cell>
</Table>
</Tables>
</GroundTruth>
