<?xml version="1.0" encoding="UTF-8" standalone="no"?>
<GroundTruth InputFile="C:\Dokumente und Einstellungen\mehmood\Desktop\dataset\skew_corrected\unlv_tables_bin_test\8345_214.png">
<Tables>
<Table x0="854" x1="1525" y0="1307" y1="1492">
<Row x0="854" x1="1525" y0="1344" y1="1344"/>
<Row x0="854" x1="1525" y0="1394" y1="1394"/>
<Row x0="854" x1="1525" y0="1442" y1="1442"/>
<Column x0="1190" x1="1190" y0="1307" y1="1492"/>
<Column x0="1354" x1="1354" y0="1307" y1="1492"/>
<Cell dontCare="false" endCol="0" endRow="0" startCol="0" startRow="0" x0="854" x1="1190" y0="1307" y1="1344">(64769,257,257)</Cell>
<Cell dontCare="false" endCol="1" endRow="0" startCol="1" startRow="0" x0="1190" x1="1354" y0="1307" y1="1344">(64769,257,514)</Cell>
<Cell dontCare="false" endCol="2" endRow="0" startCol="2" startRow="0" x0="1354" x1="1525" y0="1307" y1="1344">(64769,257,771)</Cell>
<Cell dontCare="false" endCol="0" endRow="1" startCol="0" startRow="1" x0="854" x1="1190" y0="1344" y1="1394">(64769,514,257)</Cell>
<Cell dontCare="false" endCol="1" endRow="1" startCol="1" startRow="1" x0="1190" x1="1354" y0="1344" y1="1394">(64769,514,514)</Cell>
<Cell dontCare="false" endCol="2" endRow="1" startCol="2" startRow="1" x0="1354" x1="1525" y0="1344" y1="1394">(64769,514,771)</Cell>
<Cell dontCare="false" endCol="0" endRow="2" startCol="0" startRow="2" x0="854" x1="1190" y0="1394" y1="1442">(64769,771,257)</Cell>
<Cell dontCare="false" endCol="1" endRow="2" startCol="1" startRow="2" x0="1190" x1="1354" y0="1394" y1="1442">(64769,771,514)</Cell>
<Cell dontCare="false" endCol="2" endRow="2" startCol="2" startRow="2" x0="1354" x1="1525" y0="1394" y1="1442">(64769,771,771)</Cell>
<Cell dontCare="false" endCol="0" endRow="3" startCol="0" startRow="3" x0="854" x1="1190" y0="1442" y1="1492">(64769,1028,257)</Cell>
<Cell dontCare="false" endCol="1" endRow="3" startCol="1" startRow="3" x0="1190" x1="1354" y0="1442" y1="1492">(64769,1028,514)</Cell>
<Cell dontCare="false" endCol="2" endRow="3" startCol="2" startRow="3" x0="1354" x1="1525" y0="1442" y1="1492">(64769,1028,771)</Cell>
</Table>
<Table x0="852" x1="1471" y0="2032" y1="2211">
<Row x0="852" x1="1471" y0="2068" y1="2068"/>
<Row x0="852" x1="1471" y0="2118" y1="2118"/>
<Row x0="852" x1="1471" y0="2165" y1="2165"/>
<Column x0="1188" x1="1188" y0="2032" y1="2211"/>
<Column x0="1334" x1="1334" y0="2032" y1="2211"/>
<Cell dontCare="false" endCol="0" endRow="0" startCol="0" startRow="0" x0="852" x1="1188" y0="2032" y1="2068">(64770,257,257)</Cell>
<Cell dontCare="false" endCol="1" endRow="0" startCol="1" startRow="0" x0="1188" x1="1334" y0="2032" y1="2068">(64770,257,514)</Cell>
<Cell dontCare="false" endCol="2" endRow="0" startCol="2" startRow="0" x0="1334" x1="1471" y0="2032" y1="2068">(64770,257,771)</Cell>
<Cell dontCare="false" endCol="0" endRow="1" startCol="0" startRow="1" x0="852" x1="1188" y0="2068" y1="2118">(64770,514,257)</Cell>
<Cell dontCare="false" endCol="1" endRow="1" startCol="1" startRow="1" x0="1188" x1="1334" y0="2068" y1="2118">(64770,514,514)</Cell>
<Cell dontCare="false" endCol="2" endRow="1" startCol="2" startRow="1" x0="1334" x1="1471" y0="2068" y1="2118">(64770,514,771)</Cell>
<Cell dontCare="false" endCol="0" endRow="2" startCol="0" startRow="2" x0="852" x1="1188" y0="2118" y1="2165">(64770,771,257)</Cell>
<Cell dontCare="false" endCol="1" endRow="2" startCol="1" startRow="2" x0="1188" x1="1334" y0="2118" y1="2165">(64770,771,514)</Cell>
<Cell dontCare="false" endCol="2" endRow="2" startCol="2" startRow="2" x0="1334" x1="1471" y0="2118" y1="2165">(64770,771,771)</Cell>
<Cell dontCare="false" endCol="0" endRow="3" startCol="0" startRow="3" x0="852" x1="1188" y0="2165" y1="2211">(64770,1028,257)</Cell>
<Cell dontCare="false" endCol="1" endRow="3" startCol="1" startRow="3" x0="1188" x1="1334" y0="2165" y1="2211">(64770,1028,514)</Cell>
<Cell dontCare="false" endCol="2" endRow="3" startCol="2" startRow="3" x0="1334" x1="1471" y0="2165" y1="2211">(64770,1028,771)</Cell>
</Table>
</Tables>
</GroundTruth>
