<?xml version="1.0" encoding="UTF-8" standalone="no"?>
<GroundTruth InputFile="C:\Dokumente und Einstellungen\mehmood\Desktop\dataset\skew_corrected\unlv_tables_bin_test\8354_089.png">
<Tables>
<Table x0="102" x1="1494" y0="1832" y1="2886">
<Row x0="102" x1="1494" y0="1887" y1="1887"/>
<Row x0="102" x1="1494" y0="1985" y1="1985"/>
<Row x0="102" x1="1494" y0="2031" y1="2031"/>
<Row x0="102" x1="1494" y0="2075" y1="2075"/>
<Row x0="102" x1="1494" y0="2167" y1="2167"/>
<Row x0="102" x1="1494" y0="2257" y1="2257"/>
<Row x0="102" x1="1494" y0="2302" y1="2302"/>
<Row x0="102" x1="1494" y0="2345" y1="2345"/>
<Row x0="102" x1="1494" y0="2435" y1="2435"/>
<Row x0="102" x1="1494" y0="2528" y1="2528"/>
<Row x0="102" x1="1494" y0="2614" y1="2614"/>
<Row x0="102" x1="1494" y0="2707" y1="2707"/>
<Row x0="102" x1="1494" y0="2792" y1="2792"/>
<Column x0="772" x1="772" y0="1832" y1="2886"/>
<Column x0="1136" x1="1136" y0="1832" y1="2886"/>
<Cell dontCare="false" endCol="0" endRow="0" startCol="0" startRow="0" x0="102" x1="772" y0="1832" y1="1887">(64769,257,257)</Cell>
<Cell dontCare="false" endCol="1" endRow="0" startCol="1" startRow="0" x0="772" x1="1136" y0="1832" y1="1887">(64769,257,514)</Cell>
<Cell dontCare="false" endCol="2" endRow="0" startCol="2" startRow="0" x0="1136" x1="1494" y0="1832" y1="1887">(64769,257,771)</Cell>
<Cell dontCare="false" endCol="0" endRow="1" startCol="0" startRow="1" x0="102" x1="772" y0="1887" y1="1985">(64769,514,257)</Cell>
<Cell dontCare="false" endCol="1" endRow="1" startCol="1" startRow="1" x0="772" x1="1136" y0="1887" y1="1985">(64769,514,514)</Cell>
<Cell dontCare="false" endCol="2" endRow="1" startCol="2" startRow="1" x0="1136" x1="1494" y0="1887" y1="1985">(64769,514,771)</Cell>
<Cell dontCare="false" endCol="0" endRow="2" startCol="0" startRow="2" x0="102" x1="772" y0="1985" y1="2031">(64769,771,257)</Cell>
<Cell dontCare="false" endCol="1" endRow="2" startCol="1" startRow="2" x0="772" x1="1136" y0="1985" y1="2031">(64769,771,514)</Cell>
<Cell dontCare="false" endCol="2" endRow="2" startCol="2" startRow="2" x0="1136" x1="1494" y0="1985" y1="2031">(64769,771,771)</Cell>
<Cell dontCare="false" endCol="0" endRow="3" startCol="0" startRow="3" x0="102" x1="772" y0="2031" y1="2075">(64769,1028,257)</Cell>
<Cell dontCare="false" endCol="1" endRow="3" startCol="1" startRow="3" x0="772" x1="1136" y0="2031" y1="2075">(64769,1028,514)</Cell>
<Cell dontCare="false" endCol="2" endRow="3" startCol="2" startRow="3" x0="1136" x1="1494" y0="2031" y1="2075">(64769,1028,771)</Cell>
<Cell dontCare="false" endCol="0" endRow="4" startCol="0" startRow="4" x0="102" x1="772" y0="2075" y1="2167">(64769,1285,257)</Cell>
<Cell dontCare="false" endCol="1" endRow="4" startCol="1" startRow="4" x0="772" x1="1136" y0="2075" y1="2167">(64769,1285,514)</Cell>
<Cell dontCare="false" endCol="2" endRow="4" startCol="2" startRow="4" x0="1136" x1="1494" y0="2075" y1="2167">(64769,1285,771)</Cell>
<Cell dontCare="false" endCol="0" endRow="5" startCol="0" startRow="5" x0="102" x1="772" y0="2167" y1="2257">(64769,1542,257)</Cell>
<Cell dontCare="false" endCol="1" endRow="5" startCol="1" startRow="5" x0="772" x1="1136" y0="2167" y1="2257">(64769,1542,514)</Cell>
<Cell dontCare="false" endCol="2" endRow="5" startCol="2" startRow="5" x0="1136" x1="1494" y0="2167" y1="2257">(64769,1542,771)</Cell>
<Cell dontCare="false" endCol="0" endRow="6" startCol="0" startRow="6" x0="102" x1="772" y0="2257" y1="2302">(64769,1799,257)</Cell>
<Cell dontCare="false" endCol="1" endRow="6" startCol="1" startRow="6" x0="772" x1="1136" y0="2257" y1="2302">(64769,1799,514)</Cell>
<Cell dontCare="false" endCol="2" endRow="6" startCol="2" startRow="6" x0="1136" x1="1494" y0="2257" y1="2302">(64769,1799,771)</Cell>
<Cell dontCare="false" endCol="0" endRow="7" startCol="0" startRow="7" x0="102" x1="772" y0="2302" y1="2345">(64769,2056,257)</Cell>
<Cell dontCare="false" endCol="1" endRow="7" startCol="1" startRow="7" x0="772" x1="1136" y0="2302" y1="2345">(64769,2056,514)</Cell>
<Cell dontCare="false" endCol="2" endRow="7" startCol="2" startRow="7" x0="1136" x1="1494" y0="2302" y1="2345">(64769,2056,771)</Cell>
<Cell dontCare="false" endCol="0" endRow="8" startCol="0" startRow="8" x0="102" x1="772" y0="2345" y1="2435">(64769,2313,257)</Cell>
<Cell dontCare="false" endCol="1" endRow="8" startCol="1" startRow="8" x0="772" x1="1136" y0="2345" y1="2435">(64769,2313,514)</Cell>
<Cell dontCare="false" endCol="2" endRow="8" startCol="2" startRow="8" x0="1136" x1="1494" y0="2345" y1="2435">(64769,2313,771)</Cell>
<Cell dontCare="false" endCol="0" endRow="9" startCol="0" startRow="9" x0="102" x1="772" y0="2435" y1="2528">(64769,2570,257)</Cell>
<Cell dontCare="false" endCol="1" endRow="9" startCol="1" startRow="9" x0="772" x1="1136" y0="2435" y1="2528">(64769,2570,514)</Cell>
<Cell dontCare="false" endCol="2" endRow="9" startCol="2" startRow="9" x0="1136" x1="1494" y0="2435" y1="2528">(64769,2570,771)</Cell>
<Cell dontCare="false" endCol="0" endRow="10" startCol="0" startRow="10" x0="102" x1="772" y0="2528" y1="2614">(64769,2827,257)</Cell>
<Cell dontCare="false" endCol="1" endRow="10" startCol="1" startRow="10" x0="772" x1="1136" y0="2528" y1="2614">(64769,2827,514)</Cell>
<Cell dontCare="false" endCol="2" endRow="10" startCol="2" startRow="10" x0="1136" x1="1494" y0="2528" y1="2614">(64769,2827,771)</Cell>
<Cell dontCare="false" endCol="0" endRow="11" startCol="0" startRow="11" x0="102" x1="772" y0="2614" y1="2707">(64769,3084,257)</Cell>
<Cell dontCare="false" endCol="1" endRow="11" startCol="1" startRow="11" x0="772" x1="1136" y0="2614" y1="2707">(64769,3084,514)</Cell>
<Cell dontCare="false" endCol="2" endRow="11" startCol="2" startRow="11" x0="1136" x1="1494" y0="2614" y1="2707">(64769,3084,771)</Cell>
<Cell dontCare="false" endCol="0" endRow="12" startCol="0" startRow="12" x0="102" x1="772" y0="2707" y1="2792">(64769,3341,257)</Cell>
<Cell dontCare="false" endCol="1" endRow="12" startCol="1" startRow="12" x0="772" x1="1136" y0="2707" y1="2792">(64769,3341,514)</Cell>
<Cell dontCare="false" endCol="2" endRow="12" startCol="2" startRow="12" x0="1136" x1="1494" y0="2707" y1="2792">(64769,3341,771)</Cell>
<Cell dontCare="false" endCol="0" endRow="13" startCol="0" startRow="13" x0="102" x1="772" y0="2792" y1="2886">(64769,3598,257)</Cell>
<Cell dontCare="false" endCol="1" endRow="13" startCol="1" startRow="13" x0="772" x1="1136" y0="2792" y1="2886">(64769,3598,514)</Cell>
<Cell dontCare="false" endCol="2" endRow="13" startCol="2" startRow="13" x0="1136" x1="1494" y0="2792" y1="2886">(64769,3598,771)</Cell>
</Table>
</Tables>
</GroundTruth>
