<?xml version="1.0" encoding="UTF-8" standalone="no"?>
<GroundTruth InputFile="C:\Dokumente und Einstellungen\mehmood\Desktop\task_december\problem_files\8359_074.png">
<Tables>
<Table x0="1568" x1="2171" y0="1354" y1="1794">
<Row x0="1568" x1="2171" y0="1410" y1="1410"/>
<Row x0="1568" x1="2171" y0="1444" y1="1444"/>
<Row x0="1568" x1="2171" y0="1491" y1="1491"/>
<Row x0="1568" x1="2171" y0="1541" y1="1541"/>
<Row x0="1568" x1="2171" y0="1578" y1="1578"/>
<Row x0="1568" x1="2171" y0="1612" y1="1612"/>
<Row x0="1568" x1="2171" y0="1655" y1="1655"/>
<Row x0="1568" x1="2171" y0="1698" y1="1698"/>
<Row x0="1568" x1="2171" y0="1737" y1="1737"/>
<Column x0="1632" x1="1632" y0="1354" y1="1794"/>
<Cell dontCare="false" endCol="0" endRow="0" startCol="0" startRow="0" x0="1568" x1="1632" y0="1354" y1="1410">(64769,257,257)</Cell>
<Cell dontCare="false" endCol="1" endRow="0" startCol="1" startRow="0" x0="1632" x1="2171" y0="1354" y1="1410">(64769,257,514)</Cell>
<Cell dontCare="false" endCol="0" endRow="1" startCol="0" startRow="1" x0="1568" x1="1632" y0="1410" y1="1444">(64769,514,257)</Cell>
<Cell dontCare="false" endCol="1" endRow="1" startCol="1" startRow="1" x0="1632" x1="2171" y0="1410" y1="1444">(64769,514,514)</Cell>
<Cell dontCare="false" endCol="0" endRow="2" startCol="0" startRow="2" x0="1568" x1="1632" y0="1444" y1="1491">(64769,771,257)</Cell>
<Cell dontCare="false" endCol="1" endRow="2" startCol="1" startRow="2" x0="1632" x1="2171" y0="1444" y1="1491">(64769,771,514)</Cell>
<Cell dontCare="false" endCol="0" endRow="3" startCol="0" startRow="3" x0="1568" x1="1632" y0="1491" y1="1541">(64769,1028,257)</Cell>
<Cell dontCare="false" endCol="1" endRow="3" startCol="1" startRow="3" x0="1632" x1="2171" y0="1491" y1="1541">(64769,1028,514)</Cell>
<Cell dontCare="false" endCol="0" endRow="4" startCol="0" startRow="4" x0="1568" x1="1632" y0="1541" y1="1578">(64769,1285,257)</Cell>
<Cell dontCare="false" endCol="1" endRow="4" startCol="1" startRow="4" x0="1632" x1="2171" y0="1541" y1="1578">(64769,1285,514)</Cell>
<Cell dontCare="false" endCol="0" endRow="5" startCol="0" startRow="5" x0="1568" x1="1632" y0="1578" y1="1612">(64769,1542,257)</Cell>
<Cell dontCare="false" endCol="1" endRow="5" startCol="1" startRow="5" x0="1632" x1="2171" y0="1578" y1="1612">(64769,1542,514)</Cell>
<Cell dontCare="false" endCol="0" endRow="6" startCol="0" startRow="6" x0="1568" x1="1632" y0="1612" y1="1655">(64769,1799,257)</Cell>
<Cell dontCare="false" endCol="1" endRow="6" startCol="1" startRow="6" x0="1632" x1="2171" y0="1612" y1="1655">(64769,1799,514)</Cell>
<Cell dontCare="false" endCol="0" endRow="7" startCol="0" startRow="7" x0="1568" x1="1632" y0="1655" y1="1698">(64769,2056,257)</Cell>
<Cell dontCare="false" endCol="1" endRow="7" startCol="1" startRow="7" x0="1632" x1="2171" y0="1655" y1="1698">(64769,2056,514)</Cell>
<Cell dontCare="false" endCol="0" endRow="8" startCol="0" startRow="8" x0="1568" x1="1632" y0="1698" y1="1737">(64769,2313,257)</Cell>
<Cell dontCare="false" endCol="1" endRow="8" startCol="1" startRow="8" x0="1632" x1="2171" y0="1698" y1="1737">(64769,2313,514)</Cell>
<Cell dontCare="false" endCol="0" endRow="9" startCol="0" startRow="9" x0="1568" x1="1632" y0="1737" y1="1794">(64769,2570,257)</Cell>
<Cell dontCare="false" endCol="1" endRow="9" startCol="1" startRow="9" x0="1632" x1="2171" y0="1737" y1="1794">(64769,2570,514)</Cell>
</Table>
<Table x0="1567" x1="2015" y0="1927" y1="2364">
<Row x0="1567" x1="2015" y0="1980" y1="1980"/>
<Row x0="1567" x1="2015" y0="2018" y1="2018"/>
<Row x0="1567" x1="2015" y0="2064" y1="2064"/>
<Row x0="1567" x1="2015" y0="2104" y1="2104"/>
<Row x0="1567" x1="2015" y0="2145" y1="2145"/>
<Row x0="1567" x1="2015" y0="2187" y1="2187"/>
<Row x0="1567" x1="2015" y0="2234" y1="2234"/>
<Row x0="1567" x1="2015" y0="2274" y1="2274"/>
<Row x0="1567" x1="2015" y0="2320" y1="2320"/>
<Column x0="1631" x1="1631" y0="1927" y1="2364"/>
<Cell dontCare="false" endCol="0" endRow="0" startCol="0" startRow="0" x0="1567" x1="1631" y0="1927" y1="1980">(64770,257,257)</Cell>
<Cell dontCare="false" endCol="1" endRow="0" startCol="1" startRow="0" x0="1631" x1="2015" y0="1927" y1="1980">(64770,257,514)</Cell>
<Cell dontCare="false" endCol="0" endRow="1" startCol="0" startRow="1" x0="1567" x1="1631" y0="1980" y1="2018">(64770,514,257)</Cell>
<Cell dontCare="false" endCol="1" endRow="1" startCol="1" startRow="1" x0="1631" x1="2015" y0="1980" y1="2018">(64770,514,514)</Cell>
<Cell dontCare="false" endCol="0" endRow="2" startCol="0" startRow="2" x0="1567" x1="1631" y0="2018" y1="2064">(64770,771,257)</Cell>
<Cell dontCare="false" endCol="1" endRow="2" startCol="1" startRow="2" x0="1631" x1="2015" y0="2018" y1="2064">(64770,771,514)</Cell>
<Cell dontCare="false" endCol="0" endRow="3" startCol="0" startRow="3" x0="1567" x1="1631" y0="2064" y1="2104">(64770,1028,257)</Cell>
<Cell dontCare="false" endCol="1" endRow="3" startCol="1" startRow="3" x0="1631" x1="2015" y0="2064" y1="2104">(64770,1028,514)</Cell>
<Cell dontCare="false" endCol="0" endRow="4" startCol="0" startRow="4" x0="1567" x1="1631" y0="2104" y1="2145">(64770,1285,257)</Cell>
<Cell dontCare="false" endCol="1" endRow="4" startCol="1" startRow="4" x0="1631" x1="2015" y0="2104" y1="2145">(64770,1285,514)</Cell>
<Cell dontCare="false" endCol="0" endRow="5" startCol="0" startRow="5" x0="1567" x1="1631" y0="2145" y1="2187">(64770,1542,257)</Cell>
<Cell dontCare="false" endCol="1" endRow="5" startCol="1" startRow="5" x0="1631" x1="2015" y0="2145" y1="2187">(64770,1542,514)</Cell>
<Cell dontCare="false" endCol="0" endRow="6" startCol="0" startRow="6" x0="1567" x1="1631" y0="2187" y1="2234">(64770,1799,257)</Cell>
<Cell dontCare="false" endCol="1" endRow="6" startCol="1" startRow="6" x0="1631" x1="2015" y0="2187" y1="2234">(64770,1799,514)</Cell>
<Cell dontCare="false" endCol="0" endRow="7" startCol="0" startRow="7" x0="1567" x1="1631" y0="2234" y1="2274">(64770,2056,257)</Cell>
<Cell dontCare="false" endCol="1" endRow="7" startCol="1" startRow="7" x0="1631" x1="2015" y0="2234" y1="2274">(64770,2056,514)</Cell>
<Cell dontCare="false" endCol="0" endRow="8" startCol="0" startRow="8" x0="1567" x1="1631" y0="2274" y1="2320">(64770,2313,257)</Cell>
<Cell dontCare="false" endCol="1" endRow="8" startCol="1" startRow="8" x0="1631" x1="2015" y0="2274" y1="2320">(64770,2313,514)</Cell>
<Cell dontCare="false" endCol="0" endRow="9" startCol="0" startRow="9" x0="1567" x1="1631" y0="2320" y1="2364">(64770,2570,257)</Cell>
<Cell dontCare="false" endCol="1" endRow="9" startCol="1" startRow="9" x0="1631" x1="2015" y0="2320" y1="2364">(64770,2570,514)</Cell>
</Table>
</Tables>
</GroundTruth>
