<?xml version="1.0" encoding="UTF-8" standalone="no"?>
<GroundTruth InputFile="C:\Dokumente und Einstellungen\mehmood\Desktop\dataset\skew_corrected\unlv_tables_bin_test\8371_195.png">
<Tables>
<Table x0="90" x1="2066" y0="1014" y1="1898">
<Row x0="90" x1="2066" y0="1156" y1="1156"/>
<Row x0="90" x1="2066" y0="1304" y1="1304"/>
<Row x0="90" x1="2066" y0="1448" y1="1448"/>
<Row x0="90" x1="2066" y0="1596" y1="1596"/>
<Row x0="90" x1="2066" y0="1718" y1="1718"/>
<Column x0="348" x1="348" y0="1014" y1="1898"/>
<Column x0="496" x1="496" y0="1014" y1="1898"/>
<Column x0="664" x1="664" y0="1014" y1="1898"/>
<Column x0="740" x1="740" y0="1014" y1="1898"/>
<Column x0="828" x1="828" y0="1014" y1="1898"/>
<Column x0="1078" x1="1078" y0="1014" y1="1898"/>
<Column x0="1200" x1="1200" y0="1014" y1="1898"/>
<Column x0="1294" x1="1294" y0="1014" y1="1898"/>
<Column x0="1544" x1="1544" y0="1014" y1="1898"/>
<Column x0="1726" x1="1726" y0="1014" y1="1898"/>
<Cell dontCare="false" endCol="0" endRow="0" startCol="0" startRow="0" x0="90" x1="348" y0="1014" y1="1156">(64769,257,257)</Cell>
<Cell dontCare="false" endCol="1" endRow="0" startCol="1" startRow="0" x0="348" x1="496" y0="1014" y1="1156">(64769,257,514)</Cell>
<Cell dontCare="false" endCol="2" endRow="0" startCol="2" startRow="0" x0="496" x1="664" y0="1014" y1="1156">(64769,257,771)</Cell>
<Cell dontCare="false" endCol="3" endRow="0" startCol="3" startRow="0" x0="664" x1="740" y0="1014" y1="1156">(64769,257,1028)</Cell>
<Cell dontCare="false" endCol="4" endRow="0" startCol="4" startRow="0" x0="740" x1="828" y0="1014" y1="1156">(64769,257,1285)</Cell>
<Cell dontCare="false" endCol="5" endRow="0" startCol="5" startRow="0" x0="828" x1="1078" y0="1014" y1="1156">(64769,257,1542)</Cell>
<Cell dontCare="false" endCol="6" endRow="0" startCol="6" startRow="0" x0="1078" x1="1200" y0="1014" y1="1156">(64769,257,1799)</Cell>
<Cell dontCare="false" endCol="7" endRow="0" startCol="7" startRow="0" x0="1200" x1="1294" y0="1014" y1="1156">(64769,257,2056)</Cell>
<Cell dontCare="false" endCol="8" endRow="0" startCol="8" startRow="0" x0="1294" x1="1544" y0="1014" y1="1156">(64769,257,2313)</Cell>
<Cell dontCare="false" endCol="9" endRow="0" startCol="9" startRow="0" x0="1544" x1="1726" y0="1014" y1="1156">(64769,257,2570)</Cell>
<Cell dontCare="false" endCol="10" endRow="0" startCol="10" startRow="0" x0="1726" x1="2066" y0="1014" y1="1156">(64769,257,2827)</Cell>
<Cell dontCare="false" endCol="0" endRow="1" startCol="0" startRow="1" x0="90" x1="348" y0="1156" y1="1304">(64769,514,257)</Cell>
<Cell dontCare="false" endCol="1" endRow="1" startCol="1" startRow="1" x0="348" x1="496" y0="1156" y1="1304">(64769,514,514)</Cell>
<Cell dontCare="false" endCol="2" endRow="1" startCol="2" startRow="1" x0="496" x1="664" y0="1156" y1="1304">(64769,514,771)</Cell>
<Cell dontCare="false" endCol="3" endRow="1" startCol="3" startRow="1" x0="664" x1="740" y0="1156" y1="1304">(64769,514,1028)</Cell>
<Cell dontCare="false" endCol="4" endRow="1" startCol="4" startRow="1" x0="740" x1="828" y0="1156" y1="1304">(64769,514,1285)</Cell>
<Cell dontCare="false" endCol="5" endRow="1" startCol="5" startRow="1" x0="828" x1="1078" y0="1156" y1="1304">(64769,514,1542)</Cell>
<Cell dontCare="false" endCol="6" endRow="1" startCol="6" startRow="1" x0="1078" x1="1200" y0="1156" y1="1304">(64769,514,1799)</Cell>
<Cell dontCare="false" endCol="7" endRow="1" startCol="7" startRow="1" x0="1200" x1="1294" y0="1156" y1="1304">(64769,514,2056)</Cell>
<Cell dontCare="false" endCol="8" endRow="1" startCol="8" startRow="1" x0="1294" x1="1544" y0="1156" y1="1304">(64769,514,2313)</Cell>
<Cell dontCare="false" endCol="9" endRow="1" startCol="9" startRow="1" x0="1544" x1="1726" y0="1156" y1="1304">(64769,514,2570)</Cell>
<Cell dontCare="false" endCol="10" endRow="1" startCol="10" startRow="1" x0="1726" x1="2066" y0="1156" y1="1304">(64769,514,2827)</Cell>
<Cell dontCare="false" endCol="0" endRow="2" startCol="0" startRow="2" x0="90" x1="348" y0="1304" y1="1448">(64769,771,257)</Cell>
<Cell dontCare="false" endCol="1" endRow="2" startCol="1" startRow="2" x0="348" x1="496" y0="1304" y1="1448">(64769,771,514)</Cell>
<Cell dontCare="false" endCol="2" endRow="2" startCol="2" startRow="2" x0="496" x1="664" y0="1304" y1="1448">(64769,771,771)</Cell>
<Cell dontCare="false" endCol="3" endRow="2" startCol="3" startRow="2" x0="664" x1="740" y0="1304" y1="1448">(64769,771,1028)</Cell>
<Cell dontCare="false" endCol="4" endRow="2" startCol="4" startRow="2" x0="740" x1="828" y0="1304" y1="1448">(64769,771,1285)</Cell>
<Cell dontCare="false" endCol="5" endRow="2" startCol="5" startRow="2" x0="828" x1="1078" y0="1304" y1="1448">(64769,771,1542)</Cell>
<Cell dontCare="false" endCol="6" endRow="2" startCol="6" startRow="2" x0="1078" x1="1200" y0="1304" y1="1448">(64769,771,1799)</Cell>
<Cell dontCare="false" endCol="7" endRow="2" startCol="7" startRow="2" x0="1200" x1="1294" y0="1304" y1="1448">(64769,771,2056)</Cell>
<Cell dontCare="false" endCol="8" endRow="2" startCol="8" startRow="2" x0="1294" x1="1544" y0="1304" y1="1448">(64769,771,2313)</Cell>
<Cell dontCare="false" endCol="9" endRow="2" startCol="9" startRow="2" x0="1544" x1="1726" y0="1304" y1="1448">(64769,771,2570)</Cell>
<Cell dontCare="false" endCol="10" endRow="2" startCol="10" startRow="2" x0="1726" x1="2066" y0="1304" y1="1448">(64769,771,2827)</Cell>
<Cell dontCare="false" endCol="0" endRow="3" startCol="0" startRow="3" x0="90" x1="348" y0="1448" y1="1596">(64769,1028,257)</Cell>
<Cell dontCare="false" endCol="1" endRow="3" startCol="1" startRow="3" x0="348" x1="496" y0="1448" y1="1596">(64769,1028,514)</Cell>
<Cell dontCare="false" endCol="2" endRow="3" startCol="2" startRow="3" x0="496" x1="664" y0="1448" y1="1596">(64769,1028,771)</Cell>
<Cell dontCare="false" endCol="3" endRow="3" startCol="3" startRow="3" x0="664" x1="740" y0="1448" y1="1596">(64769,1028,1028)</Cell>
<Cell dontCare="false" endCol="4" endRow="3" startCol="4" startRow="3" x0="740" x1="828" y0="1448" y1="1596">(64769,1028,1285)</Cell>
<Cell dontCare="false" endCol="5" endRow="3" startCol="5" startRow="3" x0="828" x1="1078" y0="1448" y1="1596">(64769,1028,1542)</Cell>
<Cell dontCare="false" endCol="6" endRow="3" startCol="6" startRow="3" x0="1078" x1="1200" y0="1448" y1="1596">(64769,1028,1799)</Cell>
<Cell dontCare="false" endCol="7" endRow="3" startCol="7" startRow="3" x0="1200" x1="1294" y0="1448" y1="1596">(64769,1028,2056)</Cell>
<Cell dontCare="false" endCol="8" endRow="3" startCol="8" startRow="3" x0="1294" x1="1544" y0="1448" y1="1596">(64769,1028,2313)</Cell>
<Cell dontCare="false" endCol="9" endRow="3" startCol="9" startRow="3" x0="1544" x1="1726" y0="1448" y1="1596">(64769,1028,2570)</Cell>
<Cell dontCare="false" endCol="10" endRow="3" startCol="10" startRow="3" x0="1726" x1="2066" y0="1448" y1="1596">(64769,1028,2827)</Cell>
<Cell dontCare="false" endCol="0" endRow="4" startCol="0" startRow="4" x0="90" x1="348" y0="1596" y1="1718">(64769,1285,257)</Cell>
<Cell dontCare="false" endCol="1" endRow="4" startCol="1" startRow="4" x0="348" x1="496" y0="1596" y1="1718">(64769,1285,514)</Cell>
<Cell dontCare="false" endCol="2" endRow="4" startCol="2" startRow="4" x0="496" x1="664" y0="1596" y1="1718">(64769,1285,771)</Cell>
<Cell dontCare="false" endCol="3" endRow="4" startCol="3" startRow="4" x0="664" x1="740" y0="1596" y1="1718">(64769,1285,1028)</Cell>
<Cell dontCare="false" endCol="4" endRow="4" startCol="4" startRow="4" x0="740" x1="828" y0="1596" y1="1718">(64769,1285,1285)</Cell>
<Cell dontCare="false" endCol="5" endRow="4" startCol="5" startRow="4" x0="828" x1="1078" y0="1596" y1="1718">(64769,1285,1542)</Cell>
<Cell dontCare="false" endCol="6" endRow="4" startCol="6" startRow="4" x0="1078" x1="1200" y0="1596" y1="1718">(64769,1285,1799)</Cell>
<Cell dontCare="false" endCol="7" endRow="4" startCol="7" startRow="4" x0="1200" x1="1294" y0="1596" y1="1718">(64769,1285,2056)</Cell>
<Cell dontCare="false" endCol="8" endRow="4" startCol="8" startRow="4" x0="1294" x1="1544" y0="1596" y1="1718">(64769,1285,2313)</Cell>
<Cell dontCare="false" endCol="9" endRow="4" startCol="9" startRow="4" x0="1544" x1="1726" y0="1596" y1="1718">(64769,1285,2570)</Cell>
<Cell dontCare="false" endCol="10" endRow="4" startCol="10" startRow="4" x0="1726" x1="2066" y0="1596" y1="1718">(64769,1285,2827)</Cell>
<Cell dontCare="false" endCol="0" endRow="5" startCol="0" startRow="5" x0="90" x1="348" y0="1718" y1="1898">(64769,1542,257)</Cell>
<Cell dontCare="false" endCol="1" endRow="5" startCol="1" startRow="5" x0="348" x1="496" y0="1718" y1="1898">(64769,1542,514)</Cell>
<Cell dontCare="false" endCol="2" endRow="5" startCol="2" startRow="5" x0="496" x1="664" y0="1718" y1="1898">(64769,1542,771)</Cell>
<Cell dontCare="false" endCol="3" endRow="5" startCol="3" startRow="5" x0="664" x1="740" y0="1718" y1="1898">(64769,1542,1028)</Cell>
<Cell dontCare="false" endCol="4" endRow="5" startCol="4" startRow="5" x0="740" x1="828" y0="1718" y1="1898">(64769,1542,1285)</Cell>
<Cell dontCare="false" endCol="5" endRow="5" startCol="5" startRow="5" x0="828" x1="1078" y0="1718" y1="1898">(64769,1542,1542)</Cell>
<Cell dontCare="false" endCol="6" endRow="5" startCol="6" startRow="5" x0="1078" x1="1200" y0="1718" y1="1898">(64769,1542,1799)</Cell>
<Cell dontCare="false" endCol="7" endRow="5" startCol="7" startRow="5" x0="1200" x1="1294" y0="1718" y1="1898">(64769,1542,2056)</Cell>
<Cell dontCare="false" endCol="8" endRow="5" startCol="8" startRow="5" x0="1294" x1="1544" y0="1718" y1="1898">(64769,1542,2313)</Cell>
<Cell dontCare="false" endCol="9" endRow="5" startCol="9" startRow="5" x0="1544" x1="1726" y0="1718" y1="1898">(64769,1542,2570)</Cell>
<Cell dontCare="false" endCol="10" endRow="5" startCol="10" startRow="5" x0="1726" x1="2066" y0="1718" y1="1898">(64769,1542,2827)</Cell>
</Table>
</Tables>
</GroundTruth>
