<?xml version="1.0" encoding="UTF-8" standalone="no"?>
<GroundTruth InputFile="C:\Dokumente und Einstellungen\mehmood\Desktop\dataset\skew_corrected\unlv_tables_bin_test\8371_186.png">
<Tables>
<Table x0="166" x1="2193" y0="1213" y1="2990">
<Row x0="166" x1="2193" y0="1358" y1="1358"/>
<Row x0="166" x1="2193" y0="1572" y1="1572"/>
<Row x0="166" x1="2193" y0="1778" y1="1778"/>
<Row x0="166" x1="2193" y0="1986" y1="1986"/>
<Row x0="166" x1="2193" y0="2192" y1="2192"/>
<Row x0="166" x1="2193" y0="2400" y1="2400"/>
<Row x0="166" x1="2193" y0="2566" y1="2566"/>
<Row x0="166" x1="2193" y0="2764" y1="2764"/>
<Column x0="623" x1="623" y0="1213" y1="2990"/>
<Column x0="830" x1="830" y0="1213" y1="2990"/>
<Column x0="1053" x1="1053" y0="1213" y1="2990"/>
<Column x0="1266" x1="1266" y0="1213" y1="2990"/>
<Column x0="1486" x1="1486" y0="1213" y1="2990"/>
<Column x0="1736" x1="1736" y0="1213" y1="2990"/>
<Cell dontCare="false" endCol="0" endRow="0" startCol="0" startRow="0" x0="166" x1="623" y0="1213" y1="1358">(64769,257,257)</Cell>
<Cell dontCare="false" endCol="1" endRow="0" startCol="1" startRow="0" x0="623" x1="830" y0="1213" y1="1358">(64769,257,514)</Cell>
<Cell dontCare="false" endCol="2" endRow="0" startCol="2" startRow="0" x0="830" x1="1053" y0="1213" y1="1358">(64769,257,771)</Cell>
<Cell dontCare="false" endCol="3" endRow="0" startCol="3" startRow="0" x0="1053" x1="1266" y0="1213" y1="1358">(64769,257,1028)</Cell>
<Cell dontCare="false" endCol="4" endRow="0" startCol="4" startRow="0" x0="1266" x1="1486" y0="1213" y1="1358">(64769,257,1285)</Cell>
<Cell dontCare="false" endCol="5" endRow="0" startCol="5" startRow="0" x0="1486" x1="1736" y0="1213" y1="1358">(64769,257,1542)</Cell>
<Cell dontCare="false" endCol="6" endRow="0" startCol="6" startRow="0" x0="1736" x1="2193" y0="1213" y1="1358">(64769,257,1799)</Cell>
<Cell dontCare="false" endCol="0" endRow="1" startCol="0" startRow="1" x0="166" x1="623" y0="1358" y1="1572">(64769,514,257)</Cell>
<Cell dontCare="false" endCol="1" endRow="1" startCol="1" startRow="1" x0="623" x1="830" y0="1358" y1="1572">(64769,514,514)</Cell>
<Cell dontCare="false" endCol="2" endRow="1" startCol="2" startRow="1" x0="830" x1="1053" y0="1358" y1="1572">(64769,514,771)</Cell>
<Cell dontCare="false" endCol="3" endRow="1" startCol="3" startRow="1" x0="1053" x1="1266" y0="1358" y1="1572">(64769,514,1028)</Cell>
<Cell dontCare="false" endCol="4" endRow="1" startCol="4" startRow="1" x0="1266" x1="1486" y0="1358" y1="1572">(64769,514,1285)</Cell>
<Cell dontCare="false" endCol="5" endRow="1" startCol="5" startRow="1" x0="1486" x1="1736" y0="1358" y1="1572">(64769,514,1542)</Cell>
<Cell dontCare="false" endCol="6" endRow="1" startCol="6" startRow="1" x0="1736" x1="2193" y0="1358" y1="1572">(64769,514,1799)</Cell>
<Cell dontCare="false" endCol="0" endRow="2" startCol="0" startRow="2" x0="166" x1="623" y0="1572" y1="1778">(64769,771,257)</Cell>
<Cell dontCare="false" endCol="1" endRow="2" startCol="1" startRow="2" x0="623" x1="830" y0="1572" y1="1778">(64769,771,514)</Cell>
<Cell dontCare="false" endCol="2" endRow="2" startCol="2" startRow="2" x0="830" x1="1053" y0="1572" y1="1778">(64769,771,771)</Cell>
<Cell dontCare="false" endCol="3" endRow="2" startCol="3" startRow="2" x0="1053" x1="1266" y0="1572" y1="1778">(64769,771,1028)</Cell>
<Cell dontCare="false" endCol="4" endRow="2" startCol="4" startRow="2" x0="1266" x1="1486" y0="1572" y1="1778">(64769,771,1285)</Cell>
<Cell dontCare="false" endCol="5" endRow="2" startCol="5" startRow="2" x0="1486" x1="1736" y0="1572" y1="1778">(64769,771,1542)</Cell>
<Cell dontCare="false" endCol="6" endRow="2" startCol="6" startRow="2" x0="1736" x1="2193" y0="1572" y1="1778">(64769,771,1799)</Cell>
<Cell dontCare="false" endCol="0" endRow="3" startCol="0" startRow="3" x0="166" x1="623" y0="1778" y1="1986">(64769,1028,257)</Cell>
<Cell dontCare="false" endCol="1" endRow="3" startCol="1" startRow="3" x0="623" x1="830" y0="1778" y1="1986">(64769,1028,514)</Cell>
<Cell dontCare="false" endCol="2" endRow="3" startCol="2" startRow="3" x0="830" x1="1053" y0="1778" y1="1986">(64769,1028,771)</Cell>
<Cell dontCare="false" endCol="3" endRow="3" startCol="3" startRow="3" x0="1053" x1="1266" y0="1778" y1="1986">(64769,1028,1028)</Cell>
<Cell dontCare="false" endCol="4" endRow="3" startCol="4" startRow="3" x0="1266" x1="1486" y0="1778" y1="1986">(64769,1028,1285)</Cell>
<Cell dontCare="false" endCol="5" endRow="3" startCol="5" startRow="3" x0="1486" x1="1736" y0="1778" y1="1986">(64769,1028,1542)</Cell>
<Cell dontCare="false" endCol="6" endRow="3" startCol="6" startRow="3" x0="1736" x1="2193" y0="1778" y1="1986">(64769,1028,1799)</Cell>
<Cell dontCare="false" endCol="0" endRow="4" startCol="0" startRow="4" x0="166" x1="623" y0="1986" y1="2192">(64769,1285,257)</Cell>
<Cell dontCare="false" endCol="1" endRow="4" startCol="1" startRow="4" x0="623" x1="830" y0="1986" y1="2192">(64769,1285,514)</Cell>
<Cell dontCare="false" endCol="2" endRow="4" startCol="2" startRow="4" x0="830" x1="1053" y0="1986" y1="2192">(64769,1285,771)</Cell>
<Cell dontCare="false" endCol="3" endRow="4" startCol="3" startRow="4" x0="1053" x1="1266" y0="1986" y1="2192">(64769,1285,1028)</Cell>
<Cell dontCare="false" endCol="4" endRow="4" startCol="4" startRow="4" x0="1266" x1="1486" y0="1986" y1="2192">(64769,1285,1285)</Cell>
<Cell dontCare="false" endCol="5" endRow="4" startCol="5" startRow="4" x0="1486" x1="1736" y0="1986" y1="2192">(64769,1285,1542)</Cell>
<Cell dontCare="false" endCol="6" endRow="4" startCol="6" startRow="4" x0="1736" x1="2193" y0="1986" y1="2192">(64769,1285,1799)</Cell>
<Cell dontCare="false" endCol="0" endRow="5" startCol="0" startRow="5" x0="166" x1="623" y0="2192" y1="2400">(64769,1542,257)</Cell>
<Cell dontCare="false" endCol="1" endRow="5" startCol="1" startRow="5" x0="623" x1="830" y0="2192" y1="2400">(64769,1542,514)</Cell>
<Cell dontCare="false" endCol="2" endRow="5" startCol="2" startRow="5" x0="830" x1="1053" y0="2192" y1="2400">(64769,1542,771)</Cell>
<Cell dontCare="false" endCol="3" endRow="5" startCol="3" startRow="5" x0="1053" x1="1266" y0="2192" y1="2400">(64769,1542,1028)</Cell>
<Cell dontCare="false" endCol="4" endRow="5" startCol="4" startRow="5" x0="1266" x1="1486" y0="2192" y1="2400">(64769,1542,1285)</Cell>
<Cell dontCare="false" endCol="5" endRow="5" startCol="5" startRow="5" x0="1486" x1="1736" y0="2192" y1="2400">(64769,1542,1542)</Cell>
<Cell dontCare="false" endCol="6" endRow="5" startCol="6" startRow="5" x0="1736" x1="2193" y0="2192" y1="2400">(64769,1542,1799)</Cell>
<Cell dontCare="false" endCol="0" endRow="6" startCol="0" startRow="6" x0="166" x1="623" y0="2400" y1="2566">(64769,1799,257)</Cell>
<Cell dontCare="false" endCol="1" endRow="6" startCol="1" startRow="6" x0="623" x1="830" y0="2400" y1="2566">(64769,1799,514)</Cell>
<Cell dontCare="false" endCol="2" endRow="6" startCol="2" startRow="6" x0="830" x1="1053" y0="2400" y1="2566">(64769,1799,771)</Cell>
<Cell dontCare="false" endCol="3" endRow="6" startCol="3" startRow="6" x0="1053" x1="1266" y0="2400" y1="2566">(64769,1799,1028)</Cell>
<Cell dontCare="false" endCol="4" endRow="6" startCol="4" startRow="6" x0="1266" x1="1486" y0="2400" y1="2566">(64769,1799,1285)</Cell>
<Cell dontCare="false" endCol="5" endRow="6" startCol="5" startRow="6" x0="1486" x1="1736" y0="2400" y1="2566">(64769,1799,1542)</Cell>
<Cell dontCare="false" endCol="6" endRow="6" startCol="6" startRow="6" x0="1736" x1="2193" y0="2400" y1="2566">(64769,1799,1799)</Cell>
<Cell dontCare="false" endCol="0" endRow="7" startCol="0" startRow="7" x0="166" x1="623" y0="2566" y1="2764">(64769,2056,257)</Cell>
<Cell dontCare="false" endCol="1" endRow="7" startCol="1" startRow="7" x0="623" x1="830" y0="2566" y1="2764">(64769,2056,514)</Cell>
<Cell dontCare="false" endCol="2" endRow="7" startCol="2" startRow="7" x0="830" x1="1053" y0="2566" y1="2764">(64769,2056,771)</Cell>
<Cell dontCare="false" endCol="3" endRow="7" startCol="3" startRow="7" x0="1053" x1="1266" y0="2566" y1="2764">(64769,2056,1028)</Cell>
<Cell dontCare="false" endCol="4" endRow="7" startCol="4" startRow="7" x0="1266" x1="1486" y0="2566" y1="2764">(64769,2056,1285)</Cell>
<Cell dontCare="false" endCol="5" endRow="7" startCol="5" startRow="7" x0="1486" x1="1736" y0="2566" y1="2764">(64769,2056,1542)</Cell>
<Cell dontCare="false" endCol="6" endRow="7" startCol="6" startRow="7" x0="1736" x1="2193" y0="2566" y1="2764">(64769,2056,1799)</Cell>
<Cell dontCare="false" endCol="0" endRow="8" startCol="0" startRow="8" x0="166" x1="623" y0="2764" y1="2990">(64769,2313,257)</Cell>
<Cell dontCare="false" endCol="1" endRow="8" startCol="1" startRow="8" x0="623" x1="830" y0="2764" y1="2990">(64769,2313,514)</Cell>
<Cell dontCare="false" endCol="2" endRow="8" startCol="2" startRow="8" x0="830" x1="1053" y0="2764" y1="2990">(64769,2313,771)</Cell>
<Cell dontCare="false" endCol="3" endRow="8" startCol="3" startRow="8" x0="1053" x1="1266" y0="2764" y1="2990">(64769,2313,1028)</Cell>
<Cell dontCare="false" endCol="4" endRow="8" startCol="4" startRow="8" x0="1266" x1="1486" y0="2764" y1="2990">(64769,2313,1285)</Cell>
<Cell dontCare="false" endCol="5" endRow="8" startCol="5" startRow="8" x0="1486" x1="1736" y0="2764" y1="2990">(64769,2313,1542)</Cell>
<Cell dontCare="false" endCol="6" endRow="8" startCol="6" startRow="8" x0="1736" x1="2193" y0="2764" y1="2990">(64769,2313,1799)</Cell>
</Table>
</Tables>
</GroundTruth>
