<?xml version="1.0" encoding="UTF-8" standalone="no"?>
<GroundTruth InputFile="C:\Dokumente und Einstellungen\mehmood\Desktop\task_december\problem_files\8374_046.png">
<Tables>
<Table x0="1353" x1="2476" y0="1746" y1="3033">
<Row x0="1353" x1="2476" y0="1852" y1="1852"/>
<Row x0="1353" x1="2476" y0="1920" y1="1920"/>
<Row x0="1353" x1="2476" y0="1970" y1="1970"/>
<Row x0="1353" x1="2476" y0="2032" y1="2032"/>
<Row x0="1353" x1="2476" y0="2092" y1="2092"/>
<Row x0="1353" x1="2476" y0="2156" y1="2156"/>
<Row x0="1353" x1="2476" y0="2204" y1="2204"/>
<Row x0="1353" x1="2476" y0="2270" y1="2270"/>
<Row x0="1353" x1="2476" y0="2324" y1="2324"/>
<Row x0="1353" x1="2476" y0="2388" y1="2388"/>
<Row x0="1353" x1="2476" y0="2448" y1="2448"/>
<Row x0="1353" x1="2476" y0="2510" y1="2510"/>
<Row x0="1353" x1="2476" y0="2570" y1="2570"/>
<Row x0="1353" x1="2476" y0="2636" y1="2636"/>
<Row x0="1353" x1="2476" y0="2678" y1="2678"/>
<Row x0="1353" x1="2476" y0="2746" y1="2746"/>
<Row x0="1353" x1="2476" y0="2794" y1="2794"/>
<Row x0="1353" x1="2476" y0="2866" y1="2866"/>
<Row x0="1353" x1="2476" y0="2920" y1="2920"/>
<Row x0="1353" x1="2476" y0="2986" y1="2986"/>
<Column x0="1684" x1="1684" y0="1746" y1="3033"/>
<Column x0="1798" x1="1798" y0="1746" y1="3033"/>
<Column x0="1918" x1="1918" y0="1746" y1="3033"/>
<Column x0="2228" x1="2228" y0="1746" y1="3033"/>
<Column x0="2346" x1="2346" y0="1746" y1="3033"/>
<Cell dontCare="false" endCol="0" endRow="0" startCol="0" startRow="0" x0="1353" x1="1684" y0="1746" y1="1852">(64769,257,257)</Cell>
<Cell dontCare="false" endCol="1" endRow="0" startCol="1" startRow="0" x0="1684" x1="1798" y0="1746" y1="1852">(64769,257,514)</Cell>
<Cell dontCare="false" endCol="2" endRow="0" startCol="2" startRow="0" x0="1798" x1="1918" y0="1746" y1="1852">(64769,257,771)</Cell>
<Cell dontCare="false" endCol="3" endRow="0" startCol="3" startRow="0" x0="1918" x1="2228" y0="1746" y1="1852">(64769,257,1028)</Cell>
<Cell dontCare="false" endCol="4" endRow="0" startCol="4" startRow="0" x0="2228" x1="2346" y0="1746" y1="1852">(64769,257,1285)</Cell>
<Cell dontCare="false" endCol="5" endRow="0" startCol="5" startRow="0" x0="2346" x1="2476" y0="1746" y1="1852">(64769,257,1542)</Cell>
<Cell dontCare="false" endCol="0" endRow="1" startCol="0" startRow="1" x0="1353" x1="1684" y0="1852" y1="1920">(64769,514,257)</Cell>
<Cell dontCare="false" endCol="1" endRow="1" startCol="1" startRow="1" x0="1684" x1="1798" y0="1852" y1="1920">(64769,514,514)</Cell>
<Cell dontCare="false" endCol="2" endRow="1" startCol="2" startRow="1" x0="1798" x1="1918" y0="1852" y1="1920">(64769,514,771)</Cell>
<Cell dontCare="false" endCol="3" endRow="1" startCol="3" startRow="1" x0="1918" x1="2228" y0="1852" y1="1920">(64769,514,1028)</Cell>
<Cell dontCare="false" endCol="4" endRow="1" startCol="4" startRow="1" x0="2228" x1="2346" y0="1852" y1="1920">(64769,514,1285)</Cell>
<Cell dontCare="false" endCol="5" endRow="1" startCol="5" startRow="1" x0="2346" x1="2476" y0="1852" y1="1920">(64769,514,1542)</Cell>
<Cell dontCare="false" endCol="0" endRow="2" startCol="0" startRow="2" x0="1353" x1="1684" y0="1920" y1="1970">(64769,771,257)</Cell>
<Cell dontCare="false" endCol="1" endRow="2" startCol="1" startRow="2" x0="1684" x1="1798" y0="1920" y1="1970">(64769,771,514)</Cell>
<Cell dontCare="false" endCol="2" endRow="2" startCol="2" startRow="2" x0="1798" x1="1918" y0="1920" y1="1970">(64769,771,771)</Cell>
<Cell dontCare="false" endCol="3" endRow="2" startCol="3" startRow="2" x0="1918" x1="2228" y0="1920" y1="1970">(64769,771,1028)</Cell>
<Cell dontCare="false" endCol="4" endRow="2" startCol="4" startRow="2" x0="2228" x1="2346" y0="1920" y1="1970">(64769,771,1285)</Cell>
<Cell dontCare="false" endCol="5" endRow="2" startCol="5" startRow="2" x0="2346" x1="2476" y0="1920" y1="1970">(64769,771,1542)</Cell>
<Cell dontCare="false" endCol="0" endRow="3" startCol="0" startRow="3" x0="1353" x1="1684" y0="1970" y1="2032">(64769,1028,257)</Cell>
<Cell dontCare="false" endCol="1" endRow="3" startCol="1" startRow="3" x0="1684" x1="1798" y0="1970" y1="2032">(64769,1028,514)</Cell>
<Cell dontCare="false" endCol="2" endRow="3" startCol="2" startRow="3" x0="1798" x1="1918" y0="1970" y1="2032">(64769,1028,771)</Cell>
<Cell dontCare="false" endCol="3" endRow="3" startCol="3" startRow="3" x0="1918" x1="2228" y0="1970" y1="2032">(64769,1028,1028)</Cell>
<Cell dontCare="false" endCol="4" endRow="3" startCol="4" startRow="3" x0="2228" x1="2346" y0="1970" y1="2032">(64769,1028,1285)</Cell>
<Cell dontCare="false" endCol="5" endRow="3" startCol="5" startRow="3" x0="2346" x1="2476" y0="1970" y1="2032">(64769,1028,1542)</Cell>
<Cell dontCare="false" endCol="0" endRow="4" startCol="0" startRow="4" x0="1353" x1="1684" y0="2032" y1="2092">(64769,1285,257)</Cell>
<Cell dontCare="false" endCol="1" endRow="4" startCol="1" startRow="4" x0="1684" x1="1798" y0="2032" y1="2092">(64769,1285,514)</Cell>
<Cell dontCare="false" endCol="2" endRow="4" startCol="2" startRow="4" x0="1798" x1="1918" y0="2032" y1="2092">(64769,1285,771)</Cell>
<Cell dontCare="false" endCol="3" endRow="4" startCol="3" startRow="4" x0="1918" x1="2228" y0="2032" y1="2092">(64769,1285,1028)</Cell>
<Cell dontCare="false" endCol="4" endRow="4" startCol="4" startRow="4" x0="2228" x1="2346" y0="2032" y1="2092">(64769,1285,1285)</Cell>
<Cell dontCare="false" endCol="5" endRow="4" startCol="5" startRow="4" x0="2346" x1="2476" y0="2032" y1="2092">(64769,1285,1542)</Cell>
<Cell dontCare="false" endCol="0" endRow="5" startCol="0" startRow="5" x0="1353" x1="1684" y0="2092" y1="2156">(64769,1542,257)</Cell>
<Cell dontCare="false" endCol="1" endRow="5" startCol="1" startRow="5" x0="1684" x1="1798" y0="2092" y1="2156">(64769,1542,514)</Cell>
<Cell dontCare="false" endCol="2" endRow="5" startCol="2" startRow="5" x0="1798" x1="1918" y0="2092" y1="2156">(64769,1542,771)</Cell>
<Cell dontCare="false" endCol="3" endRow="5" startCol="3" startRow="5" x0="1918" x1="2228" y0="2092" y1="2156">(64769,1542,1028)</Cell>
<Cell dontCare="false" endCol="4" endRow="5" startCol="4" startRow="5" x0="2228" x1="2346" y0="2092" y1="2156">(64769,1542,1285)</Cell>
<Cell dontCare="false" endCol="5" endRow="5" startCol="5" startRow="5" x0="2346" x1="2476" y0="2092" y1="2156">(64769,1542,1542)</Cell>
<Cell dontCare="false" endCol="0" endRow="6" startCol="0" startRow="6" x0="1353" x1="1684" y0="2156" y1="2204">(64769,1799,257)</Cell>
<Cell dontCare="false" endCol="1" endRow="6" startCol="1" startRow="6" x0="1684" x1="1798" y0="2156" y1="2204">(64769,1799,514)</Cell>
<Cell dontCare="false" endCol="2" endRow="6" startCol="2" startRow="6" x0="1798" x1="1918" y0="2156" y1="2204">(64769,1799,771)</Cell>
<Cell dontCare="false" endCol="3" endRow="6" startCol="3" startRow="6" x0="1918" x1="2228" y0="2156" y1="2204">(64769,1799,1028)</Cell>
<Cell dontCare="false" endCol="4" endRow="6" startCol="4" startRow="6" x0="2228" x1="2346" y0="2156" y1="2204">(64769,1799,1285)</Cell>
<Cell dontCare="false" endCol="5" endRow="6" startCol="5" startRow="6" x0="2346" x1="2476" y0="2156" y1="2204">(64769,1799,1542)</Cell>
<Cell dontCare="false" endCol="0" endRow="7" startCol="0" startRow="7" x0="1353" x1="1684" y0="2204" y1="2270">(64769,2056,257)</Cell>
<Cell dontCare="false" endCol="1" endRow="7" startCol="1" startRow="7" x0="1684" x1="1798" y0="2204" y1="2270">(64769,2056,514)</Cell>
<Cell dontCare="false" endCol="2" endRow="7" startCol="2" startRow="7" x0="1798" x1="1918" y0="2204" y1="2270">(64769,2056,771)</Cell>
<Cell dontCare="false" endCol="3" endRow="7" startCol="3" startRow="7" x0="1918" x1="2228" y0="2204" y1="2270">(64769,2056,1028)</Cell>
<Cell dontCare="false" endCol="4" endRow="7" startCol="4" startRow="7" x0="2228" x1="2346" y0="2204" y1="2270">(64769,2056,1285)</Cell>
<Cell dontCare="false" endCol="5" endRow="7" startCol="5" startRow="7" x0="2346" x1="2476" y0="2204" y1="2270">(64769,2056,1542)</Cell>
<Cell dontCare="false" endCol="0" endRow="8" startCol="0" startRow="8" x0="1353" x1="1684" y0="2270" y1="2324">(64769,2313,257)</Cell>
<Cell dontCare="false" endCol="1" endRow="8" startCol="1" startRow="8" x0="1684" x1="1798" y0="2270" y1="2324">(64769,2313,514)</Cell>
<Cell dontCare="false" endCol="2" endRow="8" startCol="2" startRow="8" x0="1798" x1="1918" y0="2270" y1="2324">(64769,2313,771)</Cell>
<Cell dontCare="false" endCol="3" endRow="8" startCol="3" startRow="8" x0="1918" x1="2228" y0="2270" y1="2324">(64769,2313,1028)</Cell>
<Cell dontCare="false" endCol="4" endRow="8" startCol="4" startRow="8" x0="2228" x1="2346" y0="2270" y1="2324">(64769,2313,1285)</Cell>
<Cell dontCare="false" endCol="5" endRow="8" startCol="5" startRow="8" x0="2346" x1="2476" y0="2270" y1="2324">(64769,2313,1542)</Cell>
<Cell dontCare="false" endCol="0" endRow="9" startCol="0" startRow="9" x0="1353" x1="1684" y0="2324" y1="2388">(64769,2570,257)</Cell>
<Cell dontCare="false" endCol="1" endRow="9" startCol="1" startRow="9" x0="1684" x1="1798" y0="2324" y1="2388">(64769,2570,514)</Cell>
<Cell dontCare="false" endCol="2" endRow="9" startCol="2" startRow="9" x0="1798" x1="1918" y0="2324" y1="2388">(64769,2570,771)</Cell>
<Cell dontCare="false" endCol="3" endRow="9" startCol="3" startRow="9" x0="1918" x1="2228" y0="2324" y1="2388">(64769,2570,1028)</Cell>
<Cell dontCare="false" endCol="4" endRow="9" startCol="4" startRow="9" x0="2228" x1="2346" y0="2324" y1="2388">(64769,2570,1285)</Cell>
<Cell dontCare="false" endCol="5" endRow="9" startCol="5" startRow="9" x0="2346" x1="2476" y0="2324" y1="2388">(64769,2570,1542)</Cell>
<Cell dontCare="false" endCol="0" endRow="10" startCol="0" startRow="10" x0="1353" x1="1684" y0="2388" y1="2448">(64769,2827,257)</Cell>
<Cell dontCare="false" endCol="1" endRow="10" startCol="1" startRow="10" x0="1684" x1="1798" y0="2388" y1="2448">(64769,2827,514)</Cell>
<Cell dontCare="false" endCol="2" endRow="10" startCol="2" startRow="10" x0="1798" x1="1918" y0="2388" y1="2448">(64769,2827,771)</Cell>
<Cell dontCare="false" endCol="3" endRow="10" startCol="3" startRow="10" x0="1918" x1="2228" y0="2388" y1="2448">(64769,2827,1028)</Cell>
<Cell dontCare="false" endCol="4" endRow="10" startCol="4" startRow="10" x0="2228" x1="2346" y0="2388" y1="2448">(64769,2827,1285)</Cell>
<Cell dontCare="false" endCol="5" endRow="10" startCol="5" startRow="10" x0="2346" x1="2476" y0="2388" y1="2448">(64769,2827,1542)</Cell>
<Cell dontCare="false" endCol="0" endRow="11" startCol="0" startRow="11" x0="1353" x1="1684" y0="2448" y1="2510">(64769,3084,257)</Cell>
<Cell dontCare="false" endCol="1" endRow="11" startCol="1" startRow="11" x0="1684" x1="1798" y0="2448" y1="2510">(64769,3084,514)</Cell>
<Cell dontCare="false" endCol="2" endRow="11" startCol="2" startRow="11" x0="1798" x1="1918" y0="2448" y1="2510">(64769,3084,771)</Cell>
<Cell dontCare="false" endCol="3" endRow="11" startCol="3" startRow="11" x0="1918" x1="2228" y0="2448" y1="2510">(64769,3084,1028)</Cell>
<Cell dontCare="false" endCol="4" endRow="11" startCol="4" startRow="11" x0="2228" x1="2346" y0="2448" y1="2510">(64769,3084,1285)</Cell>
<Cell dontCare="false" endCol="5" endRow="11" startCol="5" startRow="11" x0="2346" x1="2476" y0="2448" y1="2510">(64769,3084,1542)</Cell>
<Cell dontCare="false" endCol="0" endRow="12" startCol="0" startRow="12" x0="1353" x1="1684" y0="2510" y1="2570">(64769,3341,257)</Cell>
<Cell dontCare="false" endCol="1" endRow="12" startCol="1" startRow="12" x0="1684" x1="1798" y0="2510" y1="2570">(64769,3341,514)</Cell>
<Cell dontCare="false" endCol="2" endRow="12" startCol="2" startRow="12" x0="1798" x1="1918" y0="2510" y1="2570">(64769,3341,771)</Cell>
<Cell dontCare="false" endCol="3" endRow="12" startCol="3" startRow="12" x0="1918" x1="2228" y0="2510" y1="2570">(64769,3341,1028)</Cell>
<Cell dontCare="false" endCol="4" endRow="12" startCol="4" startRow="12" x0="2228" x1="2346" y0="2510" y1="2570">(64769,3341,1285)</Cell>
<Cell dontCare="false" endCol="5" endRow="12" startCol="5" startRow="12" x0="2346" x1="2476" y0="2510" y1="2570">(64769,3341,1542)</Cell>
<Cell dontCare="false" endCol="0" endRow="13" startCol="0" startRow="13" x0="1353" x1="1684" y0="2570" y1="2636">(64769,3598,257)</Cell>
<Cell dontCare="false" endCol="1" endRow="13" startCol="1" startRow="13" x0="1684" x1="1798" y0="2570" y1="2636">(64769,3598,514)</Cell>
<Cell dontCare="false" endCol="2" endRow="13" startCol="2" startRow="13" x0="1798" x1="1918" y0="2570" y1="2636">(64769,3598,771)</Cell>
<Cell dontCare="false" endCol="3" endRow="13" startCol="3" startRow="13" x0="1918" x1="2228" y0="2570" y1="2636">(64769,3598,1028)</Cell>
<Cell dontCare="false" endCol="4" endRow="13" startCol="4" startRow="13" x0="2228" x1="2346" y0="2570" y1="2636">(64769,3598,1285)</Cell>
<Cell dontCare="false" endCol="5" endRow="13" startCol="5" startRow="13" x0="2346" x1="2476" y0="2570" y1="2636">(64769,3598,1542)</Cell>
<Cell dontCare="false" endCol="0" endRow="14" startCol="0" startRow="14" x0="1353" x1="1684" y0="2636" y1="2678">(64769,3855,257)</Cell>
<Cell dontCare="false" endCol="1" endRow="14" startCol="1" startRow="14" x0="1684" x1="1798" y0="2636" y1="2678">(64769,3855,514)</Cell>
<Cell dontCare="false" endCol="2" endRow="14" startCol="2" startRow="14" x0="1798" x1="1918" y0="2636" y1="2678">(64769,3855,771)</Cell>
<Cell dontCare="false" endCol="3" endRow="14" startCol="3" startRow="14" x0="1918" x1="2228" y0="2636" y1="2678">(64769,3855,1028)</Cell>
<Cell dontCare="false" endCol="4" endRow="14" startCol="4" startRow="14" x0="2228" x1="2346" y0="2636" y1="2678">(64769,3855,1285)</Cell>
<Cell dontCare="false" endCol="5" endRow="14" startCol="5" startRow="14" x0="2346" x1="2476" y0="2636" y1="2678">(64769,3855,1542)</Cell>
<Cell dontCare="false" endCol="0" endRow="15" startCol="0" startRow="15" x0="1353" x1="1684" y0="2678" y1="2746">(64769,4112,257)</Cell>
<Cell dontCare="false" endCol="1" endRow="15" startCol="1" startRow="15" x0="1684" x1="1798" y0="2678" y1="2746">(64769,4112,514)</Cell>
<Cell dontCare="false" endCol="2" endRow="15" startCol="2" startRow="15" x0="1798" x1="1918" y0="2678" y1="2746">(64769,4112,771)</Cell>
<Cell dontCare="false" endCol="3" endRow="15" startCol="3" startRow="15" x0="1918" x1="2228" y0="2678" y1="2746">(64769,4112,1028)</Cell>
<Cell dontCare="false" endCol="4" endRow="15" startCol="4" startRow="15" x0="2228" x1="2346" y0="2678" y1="2746">(64769,4112,1285)</Cell>
<Cell dontCare="false" endCol="5" endRow="15" startCol="5" startRow="15" x0="2346" x1="2476" y0="2678" y1="2746">(64769,4112,1542)</Cell>
<Cell dontCare="false" endCol="0" endRow="16" startCol="0" startRow="16" x0="1353" x1="1684" y0="2746" y1="2794">(64769,4369,257)</Cell>
<Cell dontCare="false" endCol="1" endRow="16" startCol="1" startRow="16" x0="1684" x1="1798" y0="2746" y1="2794">(64769,4369,514)</Cell>
<Cell dontCare="false" endCol="2" endRow="16" startCol="2" startRow="16" x0="1798" x1="1918" y0="2746" y1="2794">(64769,4369,771)</Cell>
<Cell dontCare="false" endCol="3" endRow="16" startCol="3" startRow="16" x0="1918" x1="2228" y0="2746" y1="2794">(64769,4369,1028)</Cell>
<Cell dontCare="false" endCol="4" endRow="16" startCol="4" startRow="16" x0="2228" x1="2346" y0="2746" y1="2794">(64769,4369,1285)</Cell>
<Cell dontCare="false" endCol="5" endRow="16" startCol="5" startRow="16" x0="2346" x1="2476" y0="2746" y1="2794">(64769,4369,1542)</Cell>
<Cell dontCare="false" endCol="0" endRow="17" startCol="0" startRow="17" x0="1353" x1="1684" y0="2794" y1="2866">(64769,4626,257)</Cell>
<Cell dontCare="false" endCol="1" endRow="17" startCol="1" startRow="17" x0="1684" x1="1798" y0="2794" y1="2866">(64769,4626,514)</Cell>
<Cell dontCare="false" endCol="2" endRow="17" startCol="2" startRow="17" x0="1798" x1="1918" y0="2794" y1="2866">(64769,4626,771)</Cell>
<Cell dontCare="false" endCol="3" endRow="17" startCol="3" startRow="17" x0="1918" x1="2228" y0="2794" y1="2866">(64769,4626,1028)</Cell>
<Cell dontCare="false" endCol="4" endRow="17" startCol="4" startRow="17" x0="2228" x1="2346" y0="2794" y1="2866">(64769,4626,1285)</Cell>
<Cell dontCare="false" endCol="5" endRow="17" startCol="5" startRow="17" x0="2346" x1="2476" y0="2794" y1="2866">(64769,4626,1542)</Cell>
<Cell dontCare="false" endCol="0" endRow="18" startCol="0" startRow="18" x0="1353" x1="1684" y0="2866" y1="2920">(64769,4883,257)</Cell>
<Cell dontCare="false" endCol="1" endRow="18" startCol="1" startRow="18" x0="1684" x1="1798" y0="2866" y1="2920">(64769,4883,514)</Cell>
<Cell dontCare="false" endCol="2" endRow="18" startCol="2" startRow="18" x0="1798" x1="1918" y0="2866" y1="2920">(64769,4883,771)</Cell>
<Cell dontCare="false" endCol="3" endRow="18" startCol="3" startRow="18" x0="1918" x1="2228" y0="2866" y1="2920">(64769,4883,1028)</Cell>
<Cell dontCare="false" endCol="4" endRow="18" startCol="4" startRow="18" x0="2228" x1="2346" y0="2866" y1="2920">(64769,4883,1285)</Cell>
<Cell dontCare="false" endCol="5" endRow="18" startCol="5" startRow="18" x0="2346" x1="2476" y0="2866" y1="2920">(64769,4883,1542)</Cell>
<Cell dontCare="false" endCol="0" endRow="19" startCol="0" startRow="19" x0="1353" x1="1684" y0="2920" y1="2986">(64769,5140,257)</Cell>
<Cell dontCare="false" endCol="1" endRow="19" startCol="1" startRow="19" x0="1684" x1="1798" y0="2920" y1="2986">(64769,5140,514)</Cell>
<Cell dontCare="false" endCol="2" endRow="19" startCol="2" startRow="19" x0="1798" x1="1918" y0="2920" y1="2986">(64769,5140,771)</Cell>
<Cell dontCare="false" endCol="3" endRow="19" startCol="3" startRow="19" x0="1918" x1="2228" y0="2920" y1="2986">(64769,5140,1028)</Cell>
<Cell dontCare="false" endCol="4" endRow="19" startCol="4" startRow="19" x0="2228" x1="2346" y0="2920" y1="2986">(64769,5140,1285)</Cell>
<Cell dontCare="false" endCol="5" endRow="19" startCol="5" startRow="19" x0="2346" x1="2476" y0="2920" y1="2986">(64769,5140,1542)</Cell>
<Cell dontCare="false" endCol="0" endRow="20" startCol="0" startRow="20" x0="1353" x1="1684" y0="2986" y1="3033">(64769,5397,257)</Cell>
<Cell dontCare="false" endCol="1" endRow="20" startCol="1" startRow="20" x0="1684" x1="1798" y0="2986" y1="3033">(64769,5397,514)</Cell>
<Cell dontCare="false" endCol="2" endRow="20" startCol="2" startRow="20" x0="1798" x1="1918" y0="2986" y1="3033">(64769,5397,771)</Cell>
<Cell dontCare="false" endCol="3" endRow="20" startCol="3" startRow="20" x0="1918" x1="2228" y0="2986" y1="3033">(64769,5397,1028)</Cell>
<Cell dontCare="false" endCol="4" endRow="20" startCol="4" startRow="20" x0="2228" x1="2346" y0="2986" y1="3033">(64769,5397,1285)</Cell>
<Cell dontCare="false" endCol="5" endRow="20" startCol="5" startRow="20" x0="2346" x1="2476" y0="2986" y1="3033">(64769,5397,1542)</Cell>
</Table>
</Tables>
</GroundTruth>
