<?xml version="1.0" encoding="UTF-8" standalone="no"?>
<GroundTruth InputFile="C:\Dokumente und Einstellungen\mehmood\Desktop\task_december\problem_files\9500_034.png">
<Tables>
<Table x0="88" x1="1248" y0="274" y1="742">
<Row x0="88" x1="1248" y0="356" y1="356"/>
<Row x0="88" x1="1248" y0="408" y1="408"/>
<Row x0="88" x1="1248" y0="442" y1="442"/>
<Row x0="88" x1="1248" y0="480" y1="480"/>
<Row x0="88" x1="1248" y0="518" y1="518"/>
<Row x0="88" x1="1248" y0="552" y1="552"/>
<Row x0="88" x1="1248" y0="594" y1="594"/>
<Row x0="88" x1="1248" y0="640" y1="640"/>
<Row x0="88" x1="1248" y0="686" y1="686"/>
<Column x0="1022" x1="1022" y0="274" y1="742"/>
</Table>
<Table x0="1230" x1="2374" y0="1130" y1="1528">
<Row x0="1230" x1="2374" y0="1222" y1="1222"/>
<Row x0="1230" x1="2374" y0="1280" y1="1280"/>
<Row x0="1230" x1="2374" y0="1314" y1="1314"/>
<Row x0="1230" x1="2374" y0="1354" y1="1354"/>
<Row x0="1230" x1="2374" y0="1388" y1="1388"/>
<Row x0="1230" x1="2374" y0="1428" y1="1428"/>
<Row x0="1230" x1="2374" y0="1470" y1="1470"/>
<Column x0="2158" x1="2158" y0="1130" y1="1528"/>
</Table>
</Tables>
</GroundTruth>
