<?xml version="1.0" encoding="UTF-8" standalone="no"?>
<GroundTruth InputFile="C:\Dokumente und Einstellungen\mehmood\Desktop\dataset\skew_corrected\unlv_tables_bin_test\9501_043.png">
<Tables>
<Table x0="44" x1="1124" y0="812" y1="991">
<Row x0="44" x1="1124" y0="890" y1="890"/>
<Row x0="44" x1="1124" y0="947" y1="947"/>
<Column x0="470" x1="470" y0="812" y1="991"/>
<Column x0="845" x1="845" y0="812" y1="991"/>
<Column x0="997" x1="997" y0="812" y1="991"/>
<Cell dontCare="false" endCol="0" endRow="0" startCol="0" startRow="0" x0="44" x1="470" y0="812" y1="890">(64769,257,257)</Cell>
<Cell dontCare="false" endCol="1" endRow="0" startCol="1" startRow="0" x0="470" x1="845" y0="812" y1="890">(64769,257,514)</Cell>
<Cell dontCare="false" endCol="2" endRow="0" startCol="2" startRow="0" x0="845" x1="997" y0="812" y1="890">(64769,257,771)</Cell>
<Cell dontCare="false" endCol="3" endRow="0" startCol="3" startRow="0" x0="997" x1="1124" y0="812" y1="890">(64769,257,1028)</Cell>
<Cell dontCare="false" endCol="0" endRow="1" startCol="0" startRow="1" x0="44" x1="470" y0="890" y1="947">(64769,514,257)</Cell>
<Cell dontCare="false" endCol="1" endRow="1" startCol="1" startRow="1" x0="470" x1="845" y0="890" y1="947">(64769,514,514)</Cell>
<Cell dontCare="false" endCol="2" endRow="1" startCol="2" startRow="1" x0="845" x1="997" y0="890" y1="947">(64769,514,771)</Cell>
<Cell dontCare="false" endCol="3" endRow="1" startCol="3" startRow="1" x0="997" x1="1124" y0="890" y1="947">(64769,514,1028)</Cell>
<Cell dontCare="false" endCol="0" endRow="2" startCol="0" startRow="2" x0="44" x1="470" y0="947" y1="991">(64769,771,257)</Cell>
<Cell dontCare="false" endCol="1" endRow="2" startCol="1" startRow="2" x0="470" x1="845" y0="947" y1="991">(64769,771,514)</Cell>
<Cell dontCare="false" endCol="2" endRow="2" startCol="2" startRow="2" x0="845" x1="997" y0="947" y1="991">(64769,771,771)</Cell>
<Cell dontCare="false" endCol="3" endRow="2" startCol="3" startRow="2" x0="997" x1="1124" y0="947" y1="991">(64769,771,1028)</Cell>
</Table>
<Table x0="61" x1="1131" y0="1278" y1="1570">
<Row x0="61" x1="1131" y0="1327" y1="1327"/>
<Row x0="61" x1="1131" y0="1382" y1="1382"/>
<Row x0="61" x1="1131" y0="1427" y1="1427"/>
<Row x0="61" x1="1131" y0="1464" y1="1464"/>
<Row x0="61" x1="1131" y0="1508" y1="1508"/>
<Column x0="767" x1="767" y0="1278" y1="1570"/>
<Column x0="1000" x1="1000" y0="1278" y1="1570"/>
<Cell dontCare="false" endCol="0" endRow="0" startCol="0" startRow="0" x0="61" x1="767" y0="1278" y1="1327">(64770,257,257)</Cell>
<Cell dontCare="false" endCol="1" endRow="0" startCol="1" startRow="0" x0="767" x1="1000" y0="1278" y1="1327">(64770,257,514)</Cell>
<Cell dontCare="false" endCol="2" endRow="0" startCol="2" startRow="0" x0="1000" x1="1131" y0="1278" y1="1327">(64770,257,771)</Cell>
<Cell dontCare="false" endCol="0" endRow="1" startCol="0" startRow="1" x0="61" x1="767" y0="1327" y1="1382">(64770,514,257)</Cell>
<Cell dontCare="false" endCol="1" endRow="1" startCol="1" startRow="1" x0="767" x1="1000" y0="1327" y1="1382">(64770,514,514)</Cell>
<Cell dontCare="false" endCol="2" endRow="1" startCol="2" startRow="1" x0="1000" x1="1131" y0="1327" y1="1382">(64770,514,771)</Cell>
<Cell dontCare="false" endCol="0" endRow="2" startCol="0" startRow="2" x0="61" x1="767" y0="1382" y1="1427">(64770,771,257)</Cell>
<Cell dontCare="false" endCol="1" endRow="2" startCol="1" startRow="2" x0="767" x1="1000" y0="1382" y1="1427">(64770,771,514)</Cell>
<Cell dontCare="false" endCol="2" endRow="2" startCol="2" startRow="2" x0="1000" x1="1131" y0="1382" y1="1427">(64770,771,771)</Cell>
<Cell dontCare="false" endCol="0" endRow="3" startCol="0" startRow="3" x0="61" x1="767" y0="1427" y1="1464">(64770,1028,257)</Cell>
<Cell dontCare="false" endCol="1" endRow="3" startCol="1" startRow="3" x0="767" x1="1000" y0="1427" y1="1464">(64770,1028,514)</Cell>
<Cell dontCare="false" endCol="2" endRow="3" startCol="2" startRow="3" x0="1000" x1="1131" y0="1427" y1="1464">(64770,1028,771)</Cell>
<Cell dontCare="false" endCol="0" endRow="4" startCol="0" startRow="4" x0="61" x1="767" y0="1464" y1="1508">(64770,1285,257)</Cell>
<Cell dontCare="false" endCol="1" endRow="4" startCol="1" startRow="4" x0="767" x1="1000" y0="1464" y1="1508">(64770,1285,514)</Cell>
<Cell dontCare="false" endCol="2" endRow="4" startCol="2" startRow="4" x0="1000" x1="1131" y0="1464" y1="1508">(64770,1285,771)</Cell>
<Cell dontCare="false" endCol="0" endRow="5" startCol="0" startRow="5" x0="61" x1="767" y0="1508" y1="1570">(64770,1542,257)</Cell>
<Cell dontCare="false" endCol="1" endRow="5" startCol="1" startRow="5" x0="767" x1="1000" y0="1508" y1="1570">(64770,1542,514)</Cell>
<Cell dontCare="false" endCol="2" endRow="5" startCol="2" startRow="5" x0="1000" x1="1131" y0="1508" y1="1570">(64770,1542,771)</Cell>
</Table>
<Table x0="64" x1="1140" y0="2712" y1="3154">
<Row x0="64" x1="1140" y0="2758" y1="2758"/>
<Row x0="64" x1="1140" y0="2817" y1="2817"/>
<Row x0="64" x1="1140" y0="2860" y1="2860"/>
<Row x0="64" x1="1140" y0="2902" y1="2902"/>
<Row x0="64" x1="1140" y0="2982" y1="2982"/>
<Row x0="64" x1="1140" y0="3031" y1="3031"/>
<Row x0="64" x1="1140" y0="3108" y1="3108"/>
<Column x0="695" x1="695" y0="2712" y1="3154"/>
<Column x0="861" x1="861" y0="2712" y1="3154"/>
<Column x0="1004" x1="1004" y0="2712" y1="3154"/>
<Cell dontCare="false" endCol="0" endRow="0" startCol="0" startRow="0" x0="64" x1="695" y0="2712" y1="2758">(64771,257,257)</Cell>
<Cell dontCare="false" endCol="1" endRow="0" startCol="1" startRow="0" x0="695" x1="861" y0="2712" y1="2758">(64771,257,514)</Cell>
<Cell dontCare="false" endCol="2" endRow="0" startCol="2" startRow="0" x0="861" x1="1004" y0="2712" y1="2758">(64771,257,771)</Cell>
<Cell dontCare="false" endCol="3" endRow="0" startCol="3" startRow="0" x0="1004" x1="1140" y0="2712" y1="2758">(64771,257,1028)</Cell>
<Cell dontCare="false" endCol="3" endRow="1" startCol="0" startRow="1" x0="64" x1="1140" y0="2758" y1="2817">(64771,514,260)</Cell>
<Cell dontCare="true" endCol="1" endRow="1" startCol="1" startRow="1" x0="695" x1="861" y0="2758" y1="2817">(64771,514,514)</Cell>
<Cell dontCare="true" endCol="2" endRow="1" startCol="2" startRow="1" x0="861" x1="1004" y0="2758" y1="2817">(64771,514,771)</Cell>
<Cell dontCare="true" endCol="3" endRow="1" startCol="3" startRow="1" x0="1004" x1="1140" y0="2758" y1="2817">(64771,514,1028)</Cell>
<Cell dontCare="false" endCol="0" endRow="2" startCol="0" startRow="2" x0="64" x1="695" y0="2817" y1="2860">(64771,771,257)</Cell>
<Cell dontCare="false" endCol="1" endRow="2" startCol="1" startRow="2" x0="695" x1="861" y0="2817" y1="2860">(64771,771,514)</Cell>
<Cell dontCare="false" endCol="2" endRow="2" startCol="2" startRow="2" x0="861" x1="1004" y0="2817" y1="2860">(64771,771,771)</Cell>
<Cell dontCare="false" endCol="3" endRow="2" startCol="3" startRow="2" x0="1004" x1="1140" y0="2817" y1="2860">(64771,771,1028)</Cell>
<Cell dontCare="false" endCol="0" endRow="3" startCol="0" startRow="3" x0="64" x1="695" y0="2860" y1="2902">(64771,1028,257)</Cell>
<Cell dontCare="false" endCol="1" endRow="3" startCol="1" startRow="3" x0="695" x1="861" y0="2860" y1="2902">(64771,1028,514)</Cell>
<Cell dontCare="false" endCol="2" endRow="3" startCol="2" startRow="3" x0="861" x1="1004" y0="2860" y1="2902">(64771,1028,771)</Cell>
<Cell dontCare="false" endCol="3" endRow="3" startCol="3" startRow="3" x0="1004" x1="1140" y0="2860" y1="2902">(64771,1028,1028)</Cell>
<Cell dontCare="false" endCol="3" endRow="4" startCol="0" startRow="4" x0="64" x1="1140" y0="2902" y1="2982">(64771,1285,260)</Cell>
<Cell dontCare="true" endCol="1" endRow="4" startCol="1" startRow="4" x0="695" x1="861" y0="2902" y1="2982">(64771,1285,514)</Cell>
<Cell dontCare="true" endCol="2" endRow="4" startCol="2" startRow="4" x0="861" x1="1004" y0="2902" y1="2982">(64771,1285,771)</Cell>
<Cell dontCare="true" endCol="3" endRow="4" startCol="3" startRow="4" x0="1004" x1="1140" y0="2902" y1="2982">(64771,1285,1028)</Cell>
<Cell dontCare="false" endCol="0" endRow="5" startCol="0" startRow="5" x0="64" x1="695" y0="2982" y1="3031">(64771,1542,257)</Cell>
<Cell dontCare="false" endCol="1" endRow="5" startCol="1" startRow="5" x0="695" x1="861" y0="2982" y1="3031">(64771,1542,514)</Cell>
<Cell dontCare="false" endCol="2" endRow="5" startCol="2" startRow="5" x0="861" x1="1004" y0="2982" y1="3031">(64771,1542,771)</Cell>
<Cell dontCare="false" endCol="3" endRow="5" startCol="3" startRow="5" x0="1004" x1="1140" y0="2982" y1="3031">(64771,1542,1028)</Cell>
<Cell dontCare="false" endCol="0" endRow="6" startCol="0" startRow="6" x0="64" x1="695" y0="3031" y1="3108">(64771,1799,257)</Cell>
<Cell dontCare="false" endCol="1" endRow="6" startCol="1" startRow="6" x0="695" x1="861" y0="3031" y1="3108">(64771,1799,514)</Cell>
<Cell dontCare="false" endCol="2" endRow="6" startCol="2" startRow="6" x0="861" x1="1004" y0="3031" y1="3108">(64771,1799,771)</Cell>
<Cell dontCare="false" endCol="3" endRow="6" startCol="3" startRow="6" x0="1004" x1="1140" y0="3031" y1="3108">(64771,1799,1028)</Cell>
<Cell dontCare="false" endCol="0" endRow="7" startCol="0" startRow="7" x0="64" x1="695" y0="3108" y1="3154">(64771,2056,257)</Cell>
<Cell dontCare="false" endCol="1" endRow="7" startCol="1" startRow="7" x0="695" x1="861" y0="3108" y1="3154">(64771,2056,514)</Cell>
<Cell dontCare="false" endCol="2" endRow="7" startCol="2" startRow="7" x0="861" x1="1004" y0="3108" y1="3154">(64771,2056,771)</Cell>
<Cell dontCare="false" endCol="3" endRow="7" startCol="3" startRow="7" x0="1004" x1="1140" y0="3108" y1="3154">(64771,2056,1028)</Cell>
</Table>
<Table x0="1154" x1="2221" y0="502" y1="1081">
<Row x0="1154" x1="2221" y0="551" y1="551"/>
<Row x0="1154" x1="2221" y0="605" y1="605"/>
<Row x0="1154" x1="2221" y0="700" y1="700"/>
<Row x0="1154" x1="2221" y0="745" y1="745"/>
<Row x0="1154" x1="2221" y0="827" y1="827"/>
<Row x0="1154" x1="2221" y0="871" y1="871"/>
<Row x0="1154" x1="2221" y0="915" y1="915"/>
<Row x0="1154" x1="2221" y0="955" y1="955"/>
<Row x0="1154" x1="2221" y0="1000" y1="1000"/>
<Column x0="1625" x1="1625" y0="502" y1="1081"/>
<Column x0="1848" x1="1848" y0="502" y1="1081"/>
<Column x0="2062" x1="2062" y0="502" y1="1081"/>
<Cell dontCare="false" endCol="0" endRow="0" startCol="0" startRow="0" x0="1154" x1="1625" y0="502" y1="551">(64772,257,257)</Cell>
<Cell dontCare="false" endCol="2" endRow="0" startCol="1" startRow="0" x0="1625" x1="2062" y0="502" y1="551">(64772,257,515)</Cell>
<Cell dontCare="true" endCol="2" endRow="0" startCol="2" startRow="0" x0="1848" x1="2062" y0="502" y1="551">(64772,257,771)</Cell>
<Cell dontCare="false" endCol="3" endRow="0" startCol="3" startRow="0" x0="2062" x1="2221" y0="502" y1="551">(64772,257,1028)</Cell>
<Cell dontCare="false" endCol="0" endRow="1" startCol="0" startRow="1" x0="1154" x1="1625" y0="551" y1="605">(64772,514,257)</Cell>
<Cell dontCare="false" endCol="1" endRow="1" startCol="1" startRow="1" x0="1625" x1="1848" y0="551" y1="605">(64772,514,514)</Cell>
<Cell dontCare="false" endCol="2" endRow="1" startCol="2" startRow="1" x0="1848" x1="2062" y0="551" y1="605">(64772,514,771)</Cell>
<Cell dontCare="false" endCol="3" endRow="1" startCol="3" startRow="1" x0="2062" x1="2221" y0="551" y1="605">(64772,514,1028)</Cell>
<Cell dontCare="false" endCol="0" endRow="2" startCol="0" startRow="2" x0="1154" x1="1625" y0="605" y1="700">(64772,771,257)</Cell>
<Cell dontCare="false" endCol="1" endRow="2" startCol="1" startRow="2" x0="1625" x1="1848" y0="605" y1="700">(64772,771,514)</Cell>
<Cell dontCare="false" endCol="2" endRow="2" startCol="2" startRow="2" x0="1848" x1="2062" y0="605" y1="700">(64772,771,771)</Cell>
<Cell dontCare="false" endCol="3" endRow="2" startCol="3" startRow="2" x0="2062" x1="2221" y0="605" y1="700">(64772,771,1028)</Cell>
<Cell dontCare="false" endCol="0" endRow="3" startCol="0" startRow="3" x0="1154" x1="1625" y0="700" y1="745">(64772,1028,257)</Cell>
<Cell dontCare="false" endCol="1" endRow="3" startCol="1" startRow="3" x0="1625" x1="1848" y0="700" y1="745">(64772,1028,514)</Cell>
<Cell dontCare="false" endCol="2" endRow="3" startCol="2" startRow="3" x0="1848" x1="2062" y0="700" y1="745">(64772,1028,771)</Cell>
<Cell dontCare="false" endCol="3" endRow="3" startCol="3" startRow="3" x0="2062" x1="2221" y0="700" y1="745">(64772,1028,1028)</Cell>
<Cell dontCare="false" endCol="0" endRow="4" startCol="0" startRow="4" x0="1154" x1="1625" y0="745" y1="827">(64772,1285,257)</Cell>
<Cell dontCare="false" endCol="1" endRow="4" startCol="1" startRow="4" x0="1625" x1="1848" y0="745" y1="827">(64772,1285,514)</Cell>
<Cell dontCare="false" endCol="2" endRow="4" startCol="2" startRow="4" x0="1848" x1="2062" y0="745" y1="827">(64772,1285,771)</Cell>
<Cell dontCare="false" endCol="3" endRow="4" startCol="3" startRow="4" x0="2062" x1="2221" y0="745" y1="827">(64772,1285,1028)</Cell>
<Cell dontCare="false" endCol="0" endRow="5" startCol="0" startRow="5" x0="1154" x1="1625" y0="827" y1="871">(64772,1542,257)</Cell>
<Cell dontCare="false" endCol="1" endRow="5" startCol="1" startRow="5" x0="1625" x1="1848" y0="827" y1="871">(64772,1542,514)</Cell>
<Cell dontCare="false" endCol="2" endRow="5" startCol="2" startRow="5" x0="1848" x1="2062" y0="827" y1="871">(64772,1542,771)</Cell>
<Cell dontCare="false" endCol="3" endRow="5" startCol="3" startRow="5" x0="2062" x1="2221" y0="827" y1="871">(64772,1542,1028)</Cell>
<Cell dontCare="false" endCol="0" endRow="6" startCol="0" startRow="6" x0="1154" x1="1625" y0="871" y1="915">(64772,1799,257)</Cell>
<Cell dontCare="false" endCol="1" endRow="6" startCol="1" startRow="6" x0="1625" x1="1848" y0="871" y1="915">(64772,1799,514)</Cell>
<Cell dontCare="false" endCol="2" endRow="6" startCol="2" startRow="6" x0="1848" x1="2062" y0="871" y1="915">(64772,1799,771)</Cell>
<Cell dontCare="false" endCol="3" endRow="6" startCol="3" startRow="6" x0="2062" x1="2221" y0="871" y1="915">(64772,1799,1028)</Cell>
<Cell dontCare="false" endCol="0" endRow="7" startCol="0" startRow="7" x0="1154" x1="1625" y0="915" y1="955">(64772,2056,257)</Cell>
<Cell dontCare="false" endCol="1" endRow="7" startCol="1" startRow="7" x0="1625" x1="1848" y0="915" y1="955">(64772,2056,514)</Cell>
<Cell dontCare="false" endCol="2" endRow="7" startCol="2" startRow="7" x0="1848" x1="2062" y0="915" y1="955">(64772,2056,771)</Cell>
<Cell dontCare="false" endCol="3" endRow="7" startCol="3" startRow="7" x0="2062" x1="2221" y0="915" y1="955">(64772,2056,1028)</Cell>
<Cell dontCare="false" endCol="0" endRow="8" startCol="0" startRow="8" x0="1154" x1="1625" y0="955" y1="1000">(64772,2313,257)</Cell>
<Cell dontCare="false" endCol="1" endRow="8" startCol="1" startRow="8" x0="1625" x1="1848" y0="955" y1="1000">(64772,2313,514)</Cell>
<Cell dontCare="false" endCol="2" endRow="8" startCol="2" startRow="8" x0="1848" x1="2062" y0="955" y1="1000">(64772,2313,771)</Cell>
<Cell dontCare="false" endCol="3" endRow="8" startCol="3" startRow="8" x0="2062" x1="2221" y0="955" y1="1000">(64772,2313,1028)</Cell>
<Cell dontCare="false" endCol="0" endRow="9" startCol="0" startRow="9" x0="1154" x1="1625" y0="1000" y1="1081">(64772,2570,257)</Cell>
<Cell dontCare="false" endCol="1" endRow="9" startCol="1" startRow="9" x0="1625" x1="1848" y0="1000" y1="1081">(64772,2570,514)</Cell>
<Cell dontCare="false" endCol="2" endRow="9" startCol="2" startRow="9" x0="1848" x1="2062" y0="1000" y1="1081">(64772,2570,771)</Cell>
<Cell dontCare="false" endCol="3" endRow="9" startCol="3" startRow="9" x0="2062" x1="2221" y0="1000" y1="1081">(64772,2570,1028)</Cell>
</Table>
</Tables>
</GroundTruth>
