<?xml version="1.0" encoding="UTF-8" standalone="no"?>
<GroundTruth InputFile="C:\Dokumente und Einstellungen\mehmood\Desktop\dataset\skew_corrected\unlv_tables_bin_test\9501_032.png">
<Tables>
<Table x0="1187" x1="2307" y0="754" y1="1168">
<Row x0="1187" x1="2307" y0="822" y1="822"/>
<Row x0="1187" x1="2307" y0="908" y1="908"/>
<Row x0="1187" x1="2307" y0="948" y1="948"/>
<Row x0="1187" x1="2307" y0="1010" y1="1010"/>
<Row x0="1187" x1="2307" y0="1098" y1="1098"/>
<Column x0="1894" x1="1894" y0="754" y1="1168"/>
<Column x0="2072" x1="2072" y0="754" y1="1168"/>
<Column x0="2190" x1="2190" y0="754" y1="1168"/>
<Cell dontCare="false" endCol="0" endRow="0" startCol="0" startRow="0" x0="1187" x1="1894" y0="754" y1="822">(64769,257,257)</Cell>
<Cell dontCare="false" endCol="1" endRow="0" startCol="1" startRow="0" x0="1894" x1="2072" y0="754" y1="822">(64769,257,514)</Cell>
<Cell dontCare="false" endCol="2" endRow="0" startCol="2" startRow="0" x0="2072" x1="2190" y0="754" y1="822">(64769,257,771)</Cell>
<Cell dontCare="false" endCol="3" endRow="0" startCol="3" startRow="0" x0="2190" x1="2307" y0="754" y1="822">(64769,257,1028)</Cell>
<Cell dontCare="false" endCol="0" endRow="1" startCol="0" startRow="1" x0="1187" x1="1894" y0="822" y1="908">(64769,514,257)</Cell>
<Cell dontCare="false" endCol="1" endRow="1" startCol="1" startRow="1" x0="1894" x1="2072" y0="822" y1="908">(64769,514,514)</Cell>
<Cell dontCare="false" endCol="2" endRow="1" startCol="2" startRow="1" x0="2072" x1="2190" y0="822" y1="908">(64769,514,771)</Cell>
<Cell dontCare="false" endCol="3" endRow="1" startCol="3" startRow="1" x0="2190" x1="2307" y0="822" y1="908">(64769,514,1028)</Cell>
<Cell dontCare="false" endCol="0" endRow="2" startCol="0" startRow="2" x0="1187" x1="1894" y0="908" y1="948">(64769,771,257)</Cell>
<Cell dontCare="false" endCol="1" endRow="2" startCol="1" startRow="2" x0="1894" x1="2072" y0="908" y1="948">(64769,771,514)</Cell>
<Cell dontCare="false" endCol="2" endRow="2" startCol="2" startRow="2" x0="2072" x1="2190" y0="908" y1="948">(64769,771,771)</Cell>
<Cell dontCare="false" endCol="3" endRow="2" startCol="3" startRow="2" x0="2190" x1="2307" y0="908" y1="948">(64769,771,1028)</Cell>
<Cell dontCare="false" endCol="0" endRow="3" startCol="0" startRow="3" x0="1187" x1="1894" y0="948" y1="1010">(64769,1028,257)</Cell>
<Cell dontCare="false" endCol="1" endRow="3" startCol="1" startRow="3" x0="1894" x1="2072" y0="948" y1="1010">(64769,1028,514)</Cell>
<Cell dontCare="false" endCol="2" endRow="3" startCol="2" startRow="3" x0="2072" x1="2190" y0="948" y1="1010">(64769,1028,771)</Cell>
<Cell dontCare="false" endCol="3" endRow="3" startCol="3" startRow="3" x0="2190" x1="2307" y0="948" y1="1010">(64769,1028,1028)</Cell>
<Cell dontCare="false" endCol="0" endRow="4" startCol="0" startRow="4" x0="1187" x1="1894" y0="1010" y1="1098">(64769,1285,257)</Cell>
<Cell dontCare="false" endCol="1" endRow="4" startCol="1" startRow="4" x0="1894" x1="2072" y0="1010" y1="1098">(64769,1285,514)</Cell>
<Cell dontCare="false" endCol="2" endRow="4" startCol="2" startRow="4" x0="2072" x1="2190" y0="1010" y1="1098">(64769,1285,771)</Cell>
<Cell dontCare="false" endCol="3" endRow="4" startCol="3" startRow="4" x0="2190" x1="2307" y0="1010" y1="1098">(64769,1285,1028)</Cell>
<Cell dontCare="false" endCol="0" endRow="5" startCol="0" startRow="5" x0="1187" x1="1894" y0="1098" y1="1168">(64769,1542,257)</Cell>
<Cell dontCare="false" endCol="1" endRow="5" startCol="1" startRow="5" x0="1894" x1="2072" y0="1098" y1="1168">(64769,1542,514)</Cell>
<Cell dontCare="false" endCol="2" endRow="5" startCol="2" startRow="5" x0="2072" x1="2190" y0="1098" y1="1168">(64769,1542,771)</Cell>
<Cell dontCare="false" endCol="3" endRow="5" startCol="3" startRow="5" x0="2190" x1="2307" y0="1098" y1="1168">(64769,1542,1028)</Cell>
</Table>
<Table x0="1182" x1="2321" y0="1962" y1="2274">
<Row x0="1182" x1="2321" y0="2038" y1="2038"/>
<Row x0="1182" x1="2321" y0="2082" y1="2082"/>
<Row x0="1182" x1="2321" y0="2122" y1="2122"/>
<Row x0="1182" x1="2321" y0="2160" y1="2160"/>
<Row x0="1182" x1="2321" y0="2198" y1="2198"/>
<Row x0="1182" x1="2321" y0="2235" y1="2235"/>
<Column x0="1830" x1="1830" y0="1962" y1="2274"/>
<Column x0="2078" x1="2078" y0="1962" y1="2274"/>
<Column x0="2198" x1="2198" y0="1962" y1="2274"/>
<Cell dontCare="false" endCol="0" endRow="0" startCol="0" startRow="0" x0="1182" x1="1830" y0="1962" y1="2038">(64770,257,257)</Cell>
<Cell dontCare="false" endCol="1" endRow="0" startCol="1" startRow="0" x0="1830" x1="2078" y0="1962" y1="2038">(64770,257,514)</Cell>
<Cell dontCare="false" endCol="2" endRow="0" startCol="2" startRow="0" x0="2078" x1="2198" y0="1962" y1="2038">(64770,257,771)</Cell>
<Cell dontCare="false" endCol="3" endRow="0" startCol="3" startRow="0" x0="2198" x1="2321" y0="1962" y1="2038">(64770,257,1028)</Cell>
<Cell dontCare="false" endCol="0" endRow="1" startCol="0" startRow="1" x0="1182" x1="1830" y0="2038" y1="2082">(64770,514,257)</Cell>
<Cell dontCare="false" endCol="1" endRow="1" startCol="1" startRow="1" x0="1830" x1="2078" y0="2038" y1="2082">(64770,514,514)</Cell>
<Cell dontCare="false" endCol="2" endRow="1" startCol="2" startRow="1" x0="2078" x1="2198" y0="2038" y1="2082">(64770,514,771)</Cell>
<Cell dontCare="false" endCol="3" endRow="1" startCol="3" startRow="1" x0="2198" x1="2321" y0="2038" y1="2082">(64770,514,1028)</Cell>
<Cell dontCare="false" endCol="0" endRow="2" startCol="0" startRow="2" x0="1182" x1="1830" y0="2082" y1="2122">(64770,771,257)</Cell>
<Cell dontCare="false" endCol="1" endRow="2" startCol="1" startRow="2" x0="1830" x1="2078" y0="2082" y1="2122">(64770,771,514)</Cell>
<Cell dontCare="false" endCol="2" endRow="2" startCol="2" startRow="2" x0="2078" x1="2198" y0="2082" y1="2122">(64770,771,771)</Cell>
<Cell dontCare="false" endCol="3" endRow="2" startCol="3" startRow="2" x0="2198" x1="2321" y0="2082" y1="2122">(64770,771,1028)</Cell>
<Cell dontCare="false" endCol="0" endRow="3" startCol="0" startRow="3" x0="1182" x1="1830" y0="2122" y1="2160">(64770,1028,257)</Cell>
<Cell dontCare="false" endCol="1" endRow="3" startCol="1" startRow="3" x0="1830" x1="2078" y0="2122" y1="2160">(64770,1028,514)</Cell>
<Cell dontCare="false" endCol="2" endRow="3" startCol="2" startRow="3" x0="2078" x1="2198" y0="2122" y1="2160">(64770,1028,771)</Cell>
<Cell dontCare="false" endCol="3" endRow="3" startCol="3" startRow="3" x0="2198" x1="2321" y0="2122" y1="2160">(64770,1028,1028)</Cell>
<Cell dontCare="false" endCol="0" endRow="4" startCol="0" startRow="4" x0="1182" x1="1830" y0="2160" y1="2198">(64770,1285,257)</Cell>
<Cell dontCare="false" endCol="1" endRow="4" startCol="1" startRow="4" x0="1830" x1="2078" y0="2160" y1="2198">(64770,1285,514)</Cell>
<Cell dontCare="false" endCol="2" endRow="4" startCol="2" startRow="4" x0="2078" x1="2198" y0="2160" y1="2198">(64770,1285,771)</Cell>
<Cell dontCare="false" endCol="3" endRow="4" startCol="3" startRow="4" x0="2198" x1="2321" y0="2160" y1="2198">(64770,1285,1028)</Cell>
<Cell dontCare="false" endCol="0" endRow="5" startCol="0" startRow="5" x0="1182" x1="1830" y0="2198" y1="2235">(64770,1542,257)</Cell>
<Cell dontCare="false" endCol="1" endRow="5" startCol="1" startRow="5" x0="1830" x1="2078" y0="2198" y1="2235">(64770,1542,514)</Cell>
<Cell dontCare="false" endCol="2" endRow="5" startCol="2" startRow="5" x0="2078" x1="2198" y0="2198" y1="2235">(64770,1542,771)</Cell>
<Cell dontCare="false" endCol="3" endRow="5" startCol="3" startRow="5" x0="2198" x1="2321" y0="2198" y1="2235">(64770,1542,1028)</Cell>
<Cell dontCare="false" endCol="0" endRow="6" startCol="0" startRow="6" x0="1182" x1="1830" y0="2235" y1="2274">(64770,1799,257)</Cell>
<Cell dontCare="false" endCol="1" endRow="6" startCol="1" startRow="6" x0="1830" x1="2078" y0="2235" y1="2274">(64770,1799,514)</Cell>
<Cell dontCare="false" endCol="2" endRow="6" startCol="2" startRow="6" x0="2078" x1="2198" y0="2235" y1="2274">(64770,1799,771)</Cell>
<Cell dontCare="false" endCol="3" endRow="6" startCol="3" startRow="6" x0="2198" x1="2321" y0="2235" y1="2274">(64770,1799,1028)</Cell>
</Table>
</Tables>
</GroundTruth>
