<?xml version="1.0" encoding="UTF-8" standalone="no"?>
<GroundTruth InputFile="C:\Dokumente und Einstellungen\mehmood\Desktop\dataset\skew_corrected\unlv_tables_bin_test\9501_022.png">
<Tables>
<Table x0="216" x1="1068" y0="2608" y1="3030">
<Row x0="216" x1="1068" y0="2677" y1="2677"/>
<Row x0="216" x1="1068" y0="2747" y1="2747"/>
<Row x0="216" x1="1068" y0="2791" y1="2791"/>
<Row x0="216" x1="1068" y0="2831" y1="2831"/>
<Row x0="216" x1="1068" y0="2871" y1="2871"/>
<Row x0="216" x1="1068" y0="2942" y1="2942"/>
<Row x0="216" x1="1068" y0="2988" y1="2988"/>
<Column x0="628" x1="628" y0="2608" y1="3030"/>
<Column x0="868" x1="868" y0="2608" y1="3030"/>
<Cell dontCare="false" endCol="0" endRow="0" startCol="0" startRow="0" x0="216" x1="628" y0="2608" y1="2677">(64769,257,257)</Cell>
<Cell dontCare="false" endCol="1" endRow="0" startCol="1" startRow="0" x0="628" x1="868" y0="2608" y1="2677">(64769,257,514)</Cell>
<Cell dontCare="false" endCol="2" endRow="0" startCol="2" startRow="0" x0="868" x1="1068" y0="2608" y1="2677">(64769,257,771)</Cell>
<Cell dontCare="false" endCol="0" endRow="1" startCol="0" startRow="1" x0="216" x1="628" y0="2677" y1="2747">(64769,514,257)</Cell>
<Cell dontCare="false" endCol="1" endRow="1" startCol="1" startRow="1" x0="628" x1="868" y0="2677" y1="2747">(64769,514,514)</Cell>
<Cell dontCare="false" endCol="2" endRow="1" startCol="2" startRow="1" x0="868" x1="1068" y0="2677" y1="2747">(64769,514,771)</Cell>
<Cell dontCare="false" endCol="0" endRow="2" startCol="0" startRow="2" x0="216" x1="628" y0="2747" y1="2791">(64769,771,257)</Cell>
<Cell dontCare="false" endCol="1" endRow="2" startCol="1" startRow="2" x0="628" x1="868" y0="2747" y1="2791">(64769,771,514)</Cell>
<Cell dontCare="false" endCol="2" endRow="2" startCol="2" startRow="2" x0="868" x1="1068" y0="2747" y1="2791">(64769,771,771)</Cell>
<Cell dontCare="false" endCol="0" endRow="3" startCol="0" startRow="3" x0="216" x1="628" y0="2791" y1="2831">(64769,1028,257)</Cell>
<Cell dontCare="false" endCol="1" endRow="3" startCol="1" startRow="3" x0="628" x1="868" y0="2791" y1="2831">(64769,1028,514)</Cell>
<Cell dontCare="false" endCol="2" endRow="3" startCol="2" startRow="3" x0="868" x1="1068" y0="2791" y1="2831">(64769,1028,771)</Cell>
<Cell dontCare="false" endCol="0" endRow="4" startCol="0" startRow="4" x0="216" x1="628" y0="2831" y1="2871">(64769,1285,257)</Cell>
<Cell dontCare="false" endCol="1" endRow="4" startCol="1" startRow="4" x0="628" x1="868" y0="2831" y1="2871">(64769,1285,514)</Cell>
<Cell dontCare="false" endCol="2" endRow="4" startCol="2" startRow="4" x0="868" x1="1068" y0="2831" y1="2871">(64769,1285,771)</Cell>
<Cell dontCare="false" endCol="0" endRow="5" startCol="0" startRow="5" x0="216" x1="628" y0="2871" y1="2942">(64769,1542,257)</Cell>
<Cell dontCare="false" endCol="1" endRow="5" startCol="1" startRow="5" x0="628" x1="868" y0="2871" y1="2942">(64769,1542,514)</Cell>
<Cell dontCare="false" endCol="2" endRow="5" startCol="2" startRow="5" x0="868" x1="1068" y0="2871" y1="2942">(64769,1542,771)</Cell>
<Cell dontCare="false" endCol="0" endRow="6" startCol="0" startRow="6" x0="216" x1="628" y0="2942" y1="2988">(64769,1799,257)</Cell>
<Cell dontCare="false" endCol="1" endRow="6" startCol="1" startRow="6" x0="628" x1="868" y0="2942" y1="2988">(64769,1799,514)</Cell>
<Cell dontCare="false" endCol="2" endRow="6" startCol="2" startRow="6" x0="868" x1="1068" y0="2942" y1="2988">(64769,1799,771)</Cell>
<Cell dontCare="false" endCol="0" endRow="7" startCol="0" startRow="7" x0="216" x1="628" y0="2988" y1="3030">(64769,2056,257)</Cell>
<Cell dontCare="false" endCol="1" endRow="7" startCol="1" startRow="7" x0="628" x1="868" y0="2988" y1="3030">(64769,2056,514)</Cell>
<Cell dontCare="false" endCol="2" endRow="7" startCol="2" startRow="7" x0="868" x1="1068" y0="2988" y1="3030">(64769,2056,771)</Cell>
</Table>
</Tables>
</GroundTruth>
