<?xml version="1.0" encoding="UTF-8" standalone="no"?>
<GroundTruth InputFile="C:\Dokumente und Einstellungen\mehmood\Desktop\dataset\skew_corrected\unlv_tables_bin_test\9502_055.png">
<Tables>
<Table x0="608" x1="2314" y0="620" y1="938">
<Row x0="608" x1="2314" y0="668" y1="668"/>
<Row x0="608" x1="2314" y0="716" y1="716"/>
<Row x0="608" x1="2314" y0="770" y1="770"/>
<Row x0="608" x1="2314" y0="820" y1="820"/>
<Row x0="608" x1="2314" y0="870" y1="870"/>
<Column x0="1606" x1="1606" y0="620" y1="938"/>
<Column x0="1774" x1="1774" y0="620" y1="938"/>
<Column x0="2084" x1="2084" y0="620" y1="938"/>
<Cell dontCare="false" endCol="0" endRow="0" startCol="0" startRow="0" x0="608" x1="1606" y0="620" y1="668">(64769,257,257)</Cell>
<Cell dontCare="false" endCol="1" endRow="0" startCol="1" startRow="0" x0="1606" x1="1774" y0="620" y1="668">(64769,257,514)</Cell>
<Cell dontCare="false" endCol="2" endRow="0" startCol="2" startRow="0" x0="1774" x1="2084" y0="620" y1="668">(64769,257,771)</Cell>
<Cell dontCare="false" endCol="3" endRow="0" startCol="3" startRow="0" x0="2084" x1="2314" y0="620" y1="668">(64769,257,1028)</Cell>
<Cell dontCare="false" endCol="0" endRow="1" startCol="0" startRow="1" x0="608" x1="1606" y0="668" y1="716">(64769,514,257)</Cell>
<Cell dontCare="false" endCol="1" endRow="1" startCol="1" startRow="1" x0="1606" x1="1774" y0="668" y1="716">(64769,514,514)</Cell>
<Cell dontCare="false" endCol="2" endRow="1" startCol="2" startRow="1" x0="1774" x1="2084" y0="668" y1="716">(64769,514,771)</Cell>
<Cell dontCare="false" endCol="3" endRow="1" startCol="3" startRow="1" x0="2084" x1="2314" y0="668" y1="716">(64769,514,1028)</Cell>
<Cell dontCare="false" endCol="0" endRow="2" startCol="0" startRow="2" x0="608" x1="1606" y0="716" y1="770">(64769,771,257)</Cell>
<Cell dontCare="false" endCol="1" endRow="2" startCol="1" startRow="2" x0="1606" x1="1774" y0="716" y1="770">(64769,771,514)</Cell>
<Cell dontCare="false" endCol="2" endRow="2" startCol="2" startRow="2" x0="1774" x1="2084" y0="716" y1="770">(64769,771,771)</Cell>
<Cell dontCare="false" endCol="3" endRow="2" startCol="3" startRow="2" x0="2084" x1="2314" y0="716" y1="770">(64769,771,1028)</Cell>
<Cell dontCare="false" endCol="0" endRow="3" startCol="0" startRow="3" x0="608" x1="1606" y0="770" y1="820">(64769,1028,257)</Cell>
<Cell dontCare="false" endCol="1" endRow="3" startCol="1" startRow="3" x0="1606" x1="1774" y0="770" y1="820">(64769,1028,514)</Cell>
<Cell dontCare="false" endCol="2" endRow="3" startCol="2" startRow="3" x0="1774" x1="2084" y0="770" y1="820">(64769,1028,771)</Cell>
<Cell dontCare="false" endCol="3" endRow="3" startCol="3" startRow="3" x0="2084" x1="2314" y0="770" y1="820">(64769,1028,1028)</Cell>
<Cell dontCare="false" endCol="0" endRow="4" startCol="0" startRow="4" x0="608" x1="1606" y0="820" y1="870">(64769,1285,257)</Cell>
<Cell dontCare="false" endCol="1" endRow="4" startCol="1" startRow="4" x0="1606" x1="1774" y0="820" y1="870">(64769,1285,514)</Cell>
<Cell dontCare="false" endCol="2" endRow="4" startCol="2" startRow="4" x0="1774" x1="2084" y0="820" y1="870">(64769,1285,771)</Cell>
<Cell dontCare="false" endCol="3" endRow="4" startCol="3" startRow="4" x0="2084" x1="2314" y0="820" y1="870">(64769,1285,1028)</Cell>
<Cell dontCare="false" endCol="0" endRow="5" startCol="0" startRow="5" x0="608" x1="1606" y0="870" y1="938">(64769,1542,257)</Cell>
<Cell dontCare="false" endCol="1" endRow="5" startCol="1" startRow="5" x0="1606" x1="1774" y0="870" y1="938">(64769,1542,514)</Cell>
<Cell dontCare="false" endCol="2" endRow="5" startCol="2" startRow="5" x0="1774" x1="2084" y0="870" y1="938">(64769,1542,771)</Cell>
<Cell dontCare="false" endCol="3" endRow="5" startCol="3" startRow="5" x0="2084" x1="2314" y0="870" y1="938">(64769,1542,1028)</Cell>
</Table>
<Table x0="612" x1="2316" y0="1252" y1="1460">
<Row x0="612" x1="2316" y0="1308" y1="1308"/>
<Row x0="612" x1="2316" y0="1358" y1="1358"/>
<Row x0="612" x1="2316" y0="1408" y1="1408"/>
<Column x0="1562" x1="1562" y0="1252" y1="1460"/>
<Column x0="1802" x1="1802" y0="1252" y1="1460"/>
<Column x0="2064" x1="2064" y0="1252" y1="1460"/>
<Cell dontCare="false" endCol="0" endRow="0" startCol="0" startRow="0" x0="612" x1="1562" y0="1252" y1="1308">(64770,257,257)</Cell>
<Cell dontCare="false" endCol="1" endRow="0" startCol="1" startRow="0" x0="1562" x1="1802" y0="1252" y1="1308">(64770,257,514)</Cell>
<Cell dontCare="false" endCol="2" endRow="0" startCol="2" startRow="0" x0="1802" x1="2064" y0="1252" y1="1308">(64770,257,771)</Cell>
<Cell dontCare="false" endCol="3" endRow="0" startCol="3" startRow="0" x0="2064" x1="2316" y0="1252" y1="1308">(64770,257,1028)</Cell>
<Cell dontCare="false" endCol="0" endRow="1" startCol="0" startRow="1" x0="612" x1="1562" y0="1308" y1="1358">(64770,514,257)</Cell>
<Cell dontCare="false" endCol="1" endRow="1" startCol="1" startRow="1" x0="1562" x1="1802" y0="1308" y1="1358">(64770,514,514)</Cell>
<Cell dontCare="false" endCol="2" endRow="1" startCol="2" startRow="1" x0="1802" x1="2064" y0="1308" y1="1358">(64770,514,771)</Cell>
<Cell dontCare="false" endCol="3" endRow="1" startCol="3" startRow="1" x0="2064" x1="2316" y0="1308" y1="1358">(64770,514,1028)</Cell>
<Cell dontCare="false" endCol="0" endRow="2" startCol="0" startRow="2" x0="612" x1="1562" y0="1358" y1="1408">(64770,771,257)</Cell>
<Cell dontCare="false" endCol="1" endRow="2" startCol="1" startRow="2" x0="1562" x1="1802" y0="1358" y1="1408">(64770,771,514)</Cell>
<Cell dontCare="false" endCol="2" endRow="2" startCol="2" startRow="2" x0="1802" x1="2064" y0="1358" y1="1408">(64770,771,771)</Cell>
<Cell dontCare="false" endCol="3" endRow="2" startCol="3" startRow="2" x0="2064" x1="2316" y0="1358" y1="1408">(64770,771,1028)</Cell>
<Cell dontCare="false" endCol="0" endRow="3" startCol="0" startRow="3" x0="612" x1="1562" y0="1408" y1="1460">(64770,1028,257)</Cell>
<Cell dontCare="false" endCol="1" endRow="3" startCol="1" startRow="3" x0="1562" x1="1802" y0="1408" y1="1460">(64770,1028,514)</Cell>
<Cell dontCare="false" endCol="2" endRow="3" startCol="2" startRow="3" x0="1802" x1="2064" y0="1408" y1="1460">(64770,1028,771)</Cell>
<Cell dontCare="false" endCol="3" endRow="3" startCol="3" startRow="3" x0="2064" x1="2316" y0="1408" y1="1460">(64770,1028,1028)</Cell>
</Table>
<Table x0="604" x1="2322" y0="1536" y1="2214">
<Row x0="604" x1="2322" y0="1580" y1="1580"/>
<Row x0="604" x1="2322" y0="1634" y1="1634"/>
<Row x0="604" x1="2322" y0="1678" y1="1678"/>
<Row x0="604" x1="2322" y0="1734" y1="1734"/>
<Row x0="604" x1="2322" y0="1796" y1="1796"/>
<Row x0="604" x1="2322" y0="1848" y1="1848"/>
<Row x0="604" x1="2322" y0="1896" y1="1896"/>
<Row x0="604" x1="2322" y0="1946" y1="1946"/>
<Row x0="604" x1="2322" y0="1996" y1="1996"/>
<Row x0="604" x1="2322" y0="2046" y1="2046"/>
<Row x0="604" x1="2322" y0="2092" y1="2092"/>
<Row x0="604" x1="2322" y0="2148" y1="2148"/>
<Column x0="1582" x1="1582" y0="1536" y1="2214"/>
<Column x0="1812" x1="1812" y0="1536" y1="2214"/>
<Column x0="2104" x1="2104" y0="1536" y1="2214"/>
<Cell dontCare="false" endCol="3" endRow="0" startCol="0" startRow="0" x0="604" x1="2322" y0="1536" y1="1580">(64771,257,260)</Cell>
<Cell dontCare="true" endCol="1" endRow="0" startCol="1" startRow="0" x0="1582" x1="1812" y0="1536" y1="1580">(64771,257,514)</Cell>
<Cell dontCare="true" endCol="2" endRow="0" startCol="2" startRow="0" x0="1812" x1="2104" y0="1536" y1="1580">(64771,257,771)</Cell>
<Cell dontCare="true" endCol="3" endRow="0" startCol="3" startRow="0" x0="2104" x1="2322" y0="1536" y1="1580">(64771,257,1028)</Cell>
<Cell dontCare="false" endCol="0" endRow="1" startCol="0" startRow="1" x0="604" x1="1582" y0="1580" y1="1634">(64771,514,257)</Cell>
<Cell dontCare="false" endCol="1" endRow="1" startCol="1" startRow="1" x0="1582" x1="1812" y0="1580" y1="1634">(64771,514,514)</Cell>
<Cell dontCare="false" endCol="2" endRow="1" startCol="2" startRow="1" x0="1812" x1="2104" y0="1580" y1="1634">(64771,514,771)</Cell>
<Cell dontCare="false" endCol="3" endRow="1" startCol="3" startRow="1" x0="2104" x1="2322" y0="1580" y1="1634">(64771,514,1028)</Cell>
<Cell dontCare="false" endCol="0" endRow="2" startCol="0" startRow="2" x0="604" x1="1582" y0="1634" y1="1678">(64771,771,257)</Cell>
<Cell dontCare="false" endCol="1" endRow="2" startCol="1" startRow="2" x0="1582" x1="1812" y0="1634" y1="1678">(64771,771,514)</Cell>
<Cell dontCare="false" endCol="2" endRow="2" startCol="2" startRow="2" x0="1812" x1="2104" y0="1634" y1="1678">(64771,771,771)</Cell>
<Cell dontCare="false" endCol="3" endRow="2" startCol="3" startRow="2" x0="2104" x1="2322" y0="1634" y1="1678">(64771,771,1028)</Cell>
<Cell dontCare="false" endCol="0" endRow="3" startCol="0" startRow="3" x0="604" x1="1582" y0="1678" y1="1734">(64771,1028,257)</Cell>
<Cell dontCare="false" endCol="1" endRow="3" startCol="1" startRow="3" x0="1582" x1="1812" y0="1678" y1="1734">(64771,1028,514)</Cell>
<Cell dontCare="false" endCol="2" endRow="3" startCol="2" startRow="3" x0="1812" x1="2104" y0="1678" y1="1734">(64771,1028,771)</Cell>
<Cell dontCare="false" endCol="3" endRow="3" startCol="3" startRow="3" x0="2104" x1="2322" y0="1678" y1="1734">(64771,1028,1028)</Cell>
<Cell dontCare="false" endCol="3" endRow="4" startCol="0" startRow="4" x0="604" x1="2322" y0="1734" y1="1796">(64771,1285,260)</Cell>
<Cell dontCare="true" endCol="1" endRow="4" startCol="1" startRow="4" x0="1582" x1="1812" y0="1734" y1="1796">(64771,1285,514)</Cell>
<Cell dontCare="true" endCol="2" endRow="4" startCol="2" startRow="4" x0="1812" x1="2104" y0="1734" y1="1796">(64771,1285,771)</Cell>
<Cell dontCare="true" endCol="3" endRow="4" startCol="3" startRow="4" x0="2104" x1="2322" y0="1734" y1="1796">(64771,1285,1028)</Cell>
<Cell dontCare="false" endCol="0" endRow="5" startCol="0" startRow="5" x0="604" x1="1582" y0="1796" y1="1848">(64771,1542,257)</Cell>
<Cell dontCare="false" endCol="1" endRow="5" startCol="1" startRow="5" x0="1582" x1="1812" y0="1796" y1="1848">(64771,1542,514)</Cell>
<Cell dontCare="false" endCol="2" endRow="5" startCol="2" startRow="5" x0="1812" x1="2104" y0="1796" y1="1848">(64771,1542,771)</Cell>
<Cell dontCare="false" endCol="3" endRow="5" startCol="3" startRow="5" x0="2104" x1="2322" y0="1796" y1="1848">(64771,1542,1028)</Cell>
<Cell dontCare="false" endCol="0" endRow="6" startCol="0" startRow="6" x0="604" x1="1582" y0="1848" y1="1896">(64771,1799,257)</Cell>
<Cell dontCare="false" endCol="1" endRow="6" startCol="1" startRow="6" x0="1582" x1="1812" y0="1848" y1="1896">(64771,1799,514)</Cell>
<Cell dontCare="false" endCol="2" endRow="6" startCol="2" startRow="6" x0="1812" x1="2104" y0="1848" y1="1896">(64771,1799,771)</Cell>
<Cell dontCare="false" endCol="3" endRow="6" startCol="3" startRow="6" x0="2104" x1="2322" y0="1848" y1="1896">(64771,1799,1028)</Cell>
<Cell dontCare="false" endCol="0" endRow="7" startCol="0" startRow="7" x0="604" x1="1582" y0="1896" y1="1946">(64771,2056,257)</Cell>
<Cell dontCare="false" endCol="1" endRow="7" startCol="1" startRow="7" x0="1582" x1="1812" y0="1896" y1="1946">(64771,2056,514)</Cell>
<Cell dontCare="false" endCol="2" endRow="7" startCol="2" startRow="7" x0="1812" x1="2104" y0="1896" y1="1946">(64771,2056,771)</Cell>
<Cell dontCare="false" endCol="3" endRow="7" startCol="3" startRow="7" x0="2104" x1="2322" y0="1896" y1="1946">(64771,2056,1028)</Cell>
<Cell dontCare="false" endCol="0" endRow="8" startCol="0" startRow="8" x0="604" x1="1582" y0="1946" y1="1996">(64771,2313,257)</Cell>
<Cell dontCare="false" endCol="1" endRow="8" startCol="1" startRow="8" x0="1582" x1="1812" y0="1946" y1="1996">(64771,2313,514)</Cell>
<Cell dontCare="false" endCol="2" endRow="8" startCol="2" startRow="8" x0="1812" x1="2104" y0="1946" y1="1996">(64771,2313,771)</Cell>
<Cell dontCare="false" endCol="3" endRow="8" startCol="3" startRow="8" x0="2104" x1="2322" y0="1946" y1="1996">(64771,2313,1028)</Cell>
<Cell dontCare="false" endCol="0" endRow="9" startCol="0" startRow="9" x0="604" x1="1582" y0="1996" y1="2046">(64771,2570,257)</Cell>
<Cell dontCare="false" endCol="1" endRow="9" startCol="1" startRow="9" x0="1582" x1="1812" y0="1996" y1="2046">(64771,2570,514)</Cell>
<Cell dontCare="false" endCol="2" endRow="9" startCol="2" startRow="9" x0="1812" x1="2104" y0="1996" y1="2046">(64771,2570,771)</Cell>
<Cell dontCare="false" endCol="3" endRow="9" startCol="3" startRow="9" x0="2104" x1="2322" y0="1996" y1="2046">(64771,2570,1028)</Cell>
<Cell dontCare="false" endCol="0" endRow="10" startCol="0" startRow="10" x0="604" x1="1582" y0="2046" y1="2092">(64771,2827,257)</Cell>
<Cell dontCare="false" endCol="1" endRow="10" startCol="1" startRow="10" x0="1582" x1="1812" y0="2046" y1="2092">(64771,2827,514)</Cell>
<Cell dontCare="false" endCol="2" endRow="10" startCol="2" startRow="10" x0="1812" x1="2104" y0="2046" y1="2092">(64771,2827,771)</Cell>
<Cell dontCare="false" endCol="3" endRow="10" startCol="3" startRow="10" x0="2104" x1="2322" y0="2046" y1="2092">(64771,2827,1028)</Cell>
<Cell dontCare="false" endCol="0" endRow="11" startCol="0" startRow="11" x0="604" x1="1582" y0="2092" y1="2148">(64771,3084,257)</Cell>
<Cell dontCare="false" endCol="1" endRow="11" startCol="1" startRow="11" x0="1582" x1="1812" y0="2092" y1="2148">(64771,3084,514)</Cell>
<Cell dontCare="false" endCol="2" endRow="11" startCol="2" startRow="11" x0="1812" x1="2104" y0="2092" y1="2148">(64771,3084,771)</Cell>
<Cell dontCare="false" endCol="3" endRow="11" startCol="3" startRow="11" x0="2104" x1="2322" y0="2092" y1="2148">(64771,3084,1028)</Cell>
<Cell dontCare="false" endCol="0" endRow="12" startCol="0" startRow="12" x0="604" x1="1582" y0="2148" y1="2214">(64771,3341,257)</Cell>
<Cell dontCare="false" endCol="1" endRow="12" startCol="1" startRow="12" x0="1582" x1="1812" y0="2148" y1="2214">(64771,3341,514)</Cell>
<Cell dontCare="false" endCol="2" endRow="12" startCol="2" startRow="12" x0="1812" x1="2104" y0="2148" y1="2214">(64771,3341,771)</Cell>
<Cell dontCare="false" endCol="3" endRow="12" startCol="3" startRow="12" x0="2104" x1="2322" y0="2148" y1="2214">(64771,3341,1028)</Cell>
</Table>
</Tables>
</GroundTruth>
