<?xml version="1.0" encoding="UTF-8" standalone="no"?>
<GroundTruth InputFile="C:\Dokumente und Einstellungen\mehmood\Desktop\dataset\skew_corrected\unlv_tables_bin_test\9503_031.png">
<Tables>
<Table x0="63" x1="2386" y0="423" y1="2753">
<Row x0="63" x1="2386" y0="526" y1="526"/>
<Row x0="63" x1="2386" y0="620" y1="620"/>
<Row x0="63" x1="2386" y0="686" y1="686"/>
<Row x0="63" x1="2386" y0="766" y1="766"/>
<Row x0="63" x1="2386" y0="832" y1="832"/>
<Row x0="63" x1="2386" y0="918" y1="918"/>
<Row x0="63" x1="2386" y0="982" y1="982"/>
<Row x0="63" x1="2386" y0="1048" y1="1048"/>
<Row x0="63" x1="2386" y0="1122" y1="1122"/>
<Row x0="63" x1="2386" y0="1188" y1="1188"/>
<Row x0="63" x1="2386" y0="1278" y1="1278"/>
<Row x0="63" x1="2386" y0="1416" y1="1416"/>
<Row x0="63" x1="2386" y0="1538" y1="1538"/>
<Row x0="63" x1="2386" y0="1608" y1="1608"/>
<Row x0="63" x1="2386" y0="1682" y1="1682"/>
<Row x0="63" x1="2386" y0="1750" y1="1750"/>
<Row x0="63" x1="2386" y0="1824" y1="1824"/>
<Row x0="63" x1="2386" y0="1898" y1="1898"/>
<Row x0="63" x1="2386" y0="2032" y1="2032"/>
<Row x0="63" x1="2386" y0="2176" y1="2176"/>
<Row x0="63" x1="2386" y0="2250" y1="2250"/>
<Row x0="63" x1="2386" y0="2318" y1="2318"/>
<Row x0="63" x1="2386" y0="2390" y1="2390"/>
<Row x0="63" x1="2386" y0="2458" y1="2458"/>
<Row x0="63" x1="2386" y0="2532" y1="2532"/>
<Row x0="63" x1="2386" y0="2632" y1="2632"/>
<Column x0="1390" x1="1390" y0="423" y1="2753"/>
<Column x0="1716" x1="1716" y0="423" y1="2753"/>
<Column x0="2050" x1="2050" y0="423" y1="2753"/>
<Cell dontCare="false" endCol="0" endRow="0" startCol="0" startRow="0" x0="63" x1="1390" y0="423" y1="526">(64769,257,257)</Cell>
<Cell dontCare="false" endCol="2" endRow="0" startCol="1" startRow="0" x0="1390" x1="2050" y0="423" y1="526">(64769,257,515)</Cell>
<Cell dontCare="true" endCol="2" endRow="0" startCol="2" startRow="0" x0="1716" x1="2050" y0="423" y1="526">(64769,257,771)</Cell>
<Cell dontCare="false" endCol="3" endRow="0" startCol="3" startRow="0" x0="2050" x1="2386" y0="423" y1="526">(64769,257,1028)</Cell>
<Cell dontCare="false" endCol="0" endRow="1" startCol="0" startRow="1" x0="63" x1="1390" y0="526" y1="620">(64769,514,257)</Cell>
<Cell dontCare="false" endCol="1" endRow="1" startCol="1" startRow="1" x0="1390" x1="1716" y0="526" y1="620">(64769,514,514)</Cell>
<Cell dontCare="false" endCol="2" endRow="1" startCol="2" startRow="1" x0="1716" x1="2050" y0="526" y1="620">(64769,514,771)</Cell>
<Cell dontCare="false" endCol="3" endRow="1" startCol="3" startRow="1" x0="2050" x1="2386" y0="526" y1="620">(64769,514,1028)</Cell>
<Cell dontCare="false" endCol="0" endRow="2" startCol="0" startRow="2" x0="63" x1="1390" y0="620" y1="686">(64769,771,257)</Cell>
<Cell dontCare="false" endCol="1" endRow="2" startCol="1" startRow="2" x0="1390" x1="1716" y0="620" y1="686">(64769,771,514)</Cell>
<Cell dontCare="false" endCol="2" endRow="2" startCol="2" startRow="2" x0="1716" x1="2050" y0="620" y1="686">(64769,771,771)</Cell>
<Cell dontCare="false" endCol="3" endRow="2" startCol="3" startRow="2" x0="2050" x1="2386" y0="620" y1="686">(64769,771,1028)</Cell>
<Cell dontCare="false" endCol="0" endRow="3" startCol="0" startRow="3" x0="63" x1="1390" y0="686" y1="766">(64769,1028,257)</Cell>
<Cell dontCare="false" endCol="1" endRow="3" startCol="1" startRow="3" x0="1390" x1="1716" y0="686" y1="766">(64769,1028,514)</Cell>
<Cell dontCare="false" endCol="2" endRow="3" startCol="2" startRow="3" x0="1716" x1="2050" y0="686" y1="766">(64769,1028,771)</Cell>
<Cell dontCare="false" endCol="3" endRow="3" startCol="3" startRow="3" x0="2050" x1="2386" y0="686" y1="766">(64769,1028,1028)</Cell>
<Cell dontCare="false" endCol="0" endRow="4" startCol="0" startRow="4" x0="63" x1="1390" y0="766" y1="832">(64769,1285,257)</Cell>
<Cell dontCare="false" endCol="1" endRow="4" startCol="1" startRow="4" x0="1390" x1="1716" y0="766" y1="832">(64769,1285,514)</Cell>
<Cell dontCare="false" endCol="2" endRow="4" startCol="2" startRow="4" x0="1716" x1="2050" y0="766" y1="832">(64769,1285,771)</Cell>
<Cell dontCare="false" endCol="3" endRow="4" startCol="3" startRow="4" x0="2050" x1="2386" y0="766" y1="832">(64769,1285,1028)</Cell>
<Cell dontCare="false" endCol="0" endRow="5" startCol="0" startRow="5" x0="63" x1="1390" y0="832" y1="918">(64769,1542,257)</Cell>
<Cell dontCare="false" endCol="1" endRow="5" startCol="1" startRow="5" x0="1390" x1="1716" y0="832" y1="918">(64769,1542,514)</Cell>
<Cell dontCare="false" endCol="2" endRow="5" startCol="2" startRow="5" x0="1716" x1="2050" y0="832" y1="918">(64769,1542,771)</Cell>
<Cell dontCare="false" endCol="3" endRow="5" startCol="3" startRow="5" x0="2050" x1="2386" y0="832" y1="918">(64769,1542,1028)</Cell>
<Cell dontCare="false" endCol="0" endRow="6" startCol="0" startRow="6" x0="63" x1="1390" y0="918" y1="982">(64769,1799,257)</Cell>
<Cell dontCare="false" endCol="1" endRow="6" startCol="1" startRow="6" x0="1390" x1="1716" y0="918" y1="982">(64769,1799,514)</Cell>
<Cell dontCare="false" endCol="2" endRow="6" startCol="2" startRow="6" x0="1716" x1="2050" y0="918" y1="982">(64769,1799,771)</Cell>
<Cell dontCare="false" endCol="3" endRow="6" startCol="3" startRow="6" x0="2050" x1="2386" y0="918" y1="982">(64769,1799,1028)</Cell>
<Cell dontCare="false" endCol="0" endRow="7" startCol="0" startRow="7" x0="63" x1="1390" y0="982" y1="1048">(64769,2056,257)</Cell>
<Cell dontCare="false" endCol="1" endRow="7" startCol="1" startRow="7" x0="1390" x1="1716" y0="982" y1="1048">(64769,2056,514)</Cell>
<Cell dontCare="false" endCol="2" endRow="7" startCol="2" startRow="7" x0="1716" x1="2050" y0="982" y1="1048">(64769,2056,771)</Cell>
<Cell dontCare="false" endCol="3" endRow="7" startCol="3" startRow="7" x0="2050" x1="2386" y0="982" y1="1048">(64769,2056,1028)</Cell>
<Cell dontCare="false" endCol="0" endRow="8" startCol="0" startRow="8" x0="63" x1="1390" y0="1048" y1="1122">(64769,2313,257)</Cell>
<Cell dontCare="false" endCol="1" endRow="8" startCol="1" startRow="8" x0="1390" x1="1716" y0="1048" y1="1122">(64769,2313,514)</Cell>
<Cell dontCare="false" endCol="2" endRow="8" startCol="2" startRow="8" x0="1716" x1="2050" y0="1048" y1="1122">(64769,2313,771)</Cell>
<Cell dontCare="false" endCol="3" endRow="8" startCol="3" startRow="8" x0="2050" x1="2386" y0="1048" y1="1122">(64769,2313,1028)</Cell>
<Cell dontCare="false" endCol="0" endRow="9" startCol="0" startRow="9" x0="63" x1="1390" y0="1122" y1="1188">(64769,2570,257)</Cell>
<Cell dontCare="false" endCol="1" endRow="9" startCol="1" startRow="9" x0="1390" x1="1716" y0="1122" y1="1188">(64769,2570,514)</Cell>
<Cell dontCare="false" endCol="2" endRow="9" startCol="2" startRow="9" x0="1716" x1="2050" y0="1122" y1="1188">(64769,2570,771)</Cell>
<Cell dontCare="false" endCol="3" endRow="9" startCol="3" startRow="9" x0="2050" x1="2386" y0="1122" y1="1188">(64769,2570,1028)</Cell>
<Cell dontCare="false" endCol="0" endRow="10" startCol="0" startRow="10" x0="63" x1="1390" y0="1188" y1="1278">(64769,2827,257)</Cell>
<Cell dontCare="false" endCol="1" endRow="10" startCol="1" startRow="10" x0="1390" x1="1716" y0="1188" y1="1278">(64769,2827,514)</Cell>
<Cell dontCare="false" endCol="2" endRow="10" startCol="2" startRow="10" x0="1716" x1="2050" y0="1188" y1="1278">(64769,2827,771)</Cell>
<Cell dontCare="false" endCol="3" endRow="10" startCol="3" startRow="10" x0="2050" x1="2386" y0="1188" y1="1278">(64769,2827,1028)</Cell>
<Cell dontCare="false" endCol="0" endRow="11" startCol="0" startRow="11" x0="63" x1="1390" y0="1278" y1="1416">(64769,3084,257)</Cell>
<Cell dontCare="false" endCol="1" endRow="11" startCol="1" startRow="11" x0="1390" x1="1716" y0="1278" y1="1416">(64769,3084,514)</Cell>
<Cell dontCare="false" endCol="2" endRow="11" startCol="2" startRow="11" x0="1716" x1="2050" y0="1278" y1="1416">(64769,3084,771)</Cell>
<Cell dontCare="false" endCol="3" endRow="11" startCol="3" startRow="11" x0="2050" x1="2386" y0="1278" y1="1416">(64769,3084,1028)</Cell>
<Cell dontCare="false" endCol="0" endRow="12" startCol="0" startRow="12" x0="63" x1="1390" y0="1416" y1="1538">(64769,3341,257)</Cell>
<Cell dontCare="false" endCol="1" endRow="12" startCol="1" startRow="12" x0="1390" x1="1716" y0="1416" y1="1538">(64769,3341,514)</Cell>
<Cell dontCare="false" endCol="2" endRow="12" startCol="2" startRow="12" x0="1716" x1="2050" y0="1416" y1="1538">(64769,3341,771)</Cell>
<Cell dontCare="false" endCol="3" endRow="12" startCol="3" startRow="12" x0="2050" x1="2386" y0="1416" y1="1538">(64769,3341,1028)</Cell>
<Cell dontCare="false" endCol="0" endRow="13" startCol="0" startRow="13" x0="63" x1="1390" y0="1538" y1="1608">(64769,3598,257)</Cell>
<Cell dontCare="false" endCol="1" endRow="13" startCol="1" startRow="13" x0="1390" x1="1716" y0="1538" y1="1608">(64769,3598,514)</Cell>
<Cell dontCare="false" endCol="2" endRow="13" startCol="2" startRow="13" x0="1716" x1="2050" y0="1538" y1="1608">(64769,3598,771)</Cell>
<Cell dontCare="false" endCol="3" endRow="13" startCol="3" startRow="13" x0="2050" x1="2386" y0="1538" y1="1608">(64769,3598,1028)</Cell>
<Cell dontCare="false" endCol="0" endRow="14" startCol="0" startRow="14" x0="63" x1="1390" y0="1608" y1="1682">(64769,3855,257)</Cell>
<Cell dontCare="false" endCol="1" endRow="14" startCol="1" startRow="14" x0="1390" x1="1716" y0="1608" y1="1682">(64769,3855,514)</Cell>
<Cell dontCare="false" endCol="2" endRow="14" startCol="2" startRow="14" x0="1716" x1="2050" y0="1608" y1="1682">(64769,3855,771)</Cell>
<Cell dontCare="false" endCol="3" endRow="14" startCol="3" startRow="14" x0="2050" x1="2386" y0="1608" y1="1682">(64769,3855,1028)</Cell>
<Cell dontCare="false" endCol="0" endRow="15" startCol="0" startRow="15" x0="63" x1="1390" y0="1682" y1="1750">(64769,4112,257)</Cell>
<Cell dontCare="false" endCol="1" endRow="15" startCol="1" startRow="15" x0="1390" x1="1716" y0="1682" y1="1750">(64769,4112,514)</Cell>
<Cell dontCare="false" endCol="2" endRow="15" startCol="2" startRow="15" x0="1716" x1="2050" y0="1682" y1="1750">(64769,4112,771)</Cell>
<Cell dontCare="false" endCol="3" endRow="15" startCol="3" startRow="15" x0="2050" x1="2386" y0="1682" y1="1750">(64769,4112,1028)</Cell>
<Cell dontCare="false" endCol="0" endRow="16" startCol="0" startRow="16" x0="63" x1="1390" y0="1750" y1="1824">(64769,4369,257)</Cell>
<Cell dontCare="false" endCol="1" endRow="16" startCol="1" startRow="16" x0="1390" x1="1716" y0="1750" y1="1824">(64769,4369,514)</Cell>
<Cell dontCare="false" endCol="2" endRow="16" startCol="2" startRow="16" x0="1716" x1="2050" y0="1750" y1="1824">(64769,4369,771)</Cell>
<Cell dontCare="false" endCol="3" endRow="16" startCol="3" startRow="16" x0="2050" x1="2386" y0="1750" y1="1824">(64769,4369,1028)</Cell>
<Cell dontCare="false" endCol="0" endRow="17" startCol="0" startRow="17" x0="63" x1="1390" y0="1824" y1="1898">(64769,4626,257)</Cell>
<Cell dontCare="false" endCol="1" endRow="17" startCol="1" startRow="17" x0="1390" x1="1716" y0="1824" y1="1898">(64769,4626,514)</Cell>
<Cell dontCare="false" endCol="2" endRow="17" startCol="2" startRow="17" x0="1716" x1="2050" y0="1824" y1="1898">(64769,4626,771)</Cell>
<Cell dontCare="false" endCol="3" endRow="17" startCol="3" startRow="17" x0="2050" x1="2386" y0="1824" y1="1898">(64769,4626,1028)</Cell>
<Cell dontCare="false" endCol="0" endRow="18" startCol="0" startRow="18" x0="63" x1="1390" y0="1898" y1="2032">(64769,4883,257)</Cell>
<Cell dontCare="false" endCol="1" endRow="18" startCol="1" startRow="18" x0="1390" x1="1716" y0="1898" y1="2032">(64769,4883,514)</Cell>
<Cell dontCare="false" endCol="2" endRow="18" startCol="2" startRow="18" x0="1716" x1="2050" y0="1898" y1="2032">(64769,4883,771)</Cell>
<Cell dontCare="false" endCol="3" endRow="18" startCol="3" startRow="18" x0="2050" x1="2386" y0="1898" y1="2032">(64769,4883,1028)</Cell>
<Cell dontCare="false" endCol="0" endRow="19" startCol="0" startRow="19" x0="63" x1="1390" y0="2032" y1="2176">(64769,5140,257)</Cell>
<Cell dontCare="false" endCol="1" endRow="19" startCol="1" startRow="19" x0="1390" x1="1716" y0="2032" y1="2176">(64769,5140,514)</Cell>
<Cell dontCare="false" endCol="2" endRow="19" startCol="2" startRow="19" x0="1716" x1="2050" y0="2032" y1="2176">(64769,5140,771)</Cell>
<Cell dontCare="false" endCol="3" endRow="19" startCol="3" startRow="19" x0="2050" x1="2386" y0="2032" y1="2176">(64769,5140,1028)</Cell>
<Cell dontCare="false" endCol="0" endRow="20" startCol="0" startRow="20" x0="63" x1="1390" y0="2176" y1="2250">(64769,5397,257)</Cell>
<Cell dontCare="false" endCol="1" endRow="20" startCol="1" startRow="20" x0="1390" x1="1716" y0="2176" y1="2250">(64769,5397,514)</Cell>
<Cell dontCare="false" endCol="2" endRow="20" startCol="2" startRow="20" x0="1716" x1="2050" y0="2176" y1="2250">(64769,5397,771)</Cell>
<Cell dontCare="false" endCol="3" endRow="20" startCol="3" startRow="20" x0="2050" x1="2386" y0="2176" y1="2250">(64769,5397,1028)</Cell>
<Cell dontCare="false" endCol="0" endRow="21" startCol="0" startRow="21" x0="63" x1="1390" y0="2250" y1="2318">(64769,5654,257)</Cell>
<Cell dontCare="false" endCol="1" endRow="21" startCol="1" startRow="21" x0="1390" x1="1716" y0="2250" y1="2318">(64769,5654,514)</Cell>
<Cell dontCare="false" endCol="2" endRow="21" startCol="2" startRow="21" x0="1716" x1="2050" y0="2250" y1="2318">(64769,5654,771)</Cell>
<Cell dontCare="false" endCol="3" endRow="21" startCol="3" startRow="21" x0="2050" x1="2386" y0="2250" y1="2318">(64769,5654,1028)</Cell>
<Cell dontCare="false" endCol="0" endRow="22" startCol="0" startRow="22" x0="63" x1="1390" y0="2318" y1="2390">(64769,5911,257)</Cell>
<Cell dontCare="false" endCol="1" endRow="22" startCol="1" startRow="22" x0="1390" x1="1716" y0="2318" y1="2390">(64769,5911,514)</Cell>
<Cell dontCare="false" endCol="2" endRow="22" startCol="2" startRow="22" x0="1716" x1="2050" y0="2318" y1="2390">(64769,5911,771)</Cell>
<Cell dontCare="false" endCol="3" endRow="22" startCol="3" startRow="22" x0="2050" x1="2386" y0="2318" y1="2390">(64769,5911,1028)</Cell>
<Cell dontCare="false" endCol="0" endRow="23" startCol="0" startRow="23" x0="63" x1="1390" y0="2390" y1="2458">(64769,6168,257)</Cell>
<Cell dontCare="false" endCol="1" endRow="23" startCol="1" startRow="23" x0="1390" x1="1716" y0="2390" y1="2458">(64769,6168,514)</Cell>
<Cell dontCare="false" endCol="2" endRow="23" startCol="2" startRow="23" x0="1716" x1="2050" y0="2390" y1="2458">(64769,6168,771)</Cell>
<Cell dontCare="false" endCol="3" endRow="23" startCol="3" startRow="23" x0="2050" x1="2386" y0="2390" y1="2458">(64769,6168,1028)</Cell>
<Cell dontCare="false" endCol="0" endRow="24" startCol="0" startRow="24" x0="63" x1="1390" y0="2458" y1="2532">(64769,6425,257)</Cell>
<Cell dontCare="false" endCol="1" endRow="24" startCol="1" startRow="24" x0="1390" x1="1716" y0="2458" y1="2532">(64769,6425,514)</Cell>
<Cell dontCare="false" endCol="2" endRow="24" startCol="2" startRow="24" x0="1716" x1="2050" y0="2458" y1="2532">(64769,6425,771)</Cell>
<Cell dontCare="false" endCol="3" endRow="24" startCol="3" startRow="24" x0="2050" x1="2386" y0="2458" y1="2532">(64769,6425,1028)</Cell>
<Cell dontCare="false" endCol="0" endRow="25" startCol="0" startRow="25" x0="63" x1="1390" y0="2532" y1="2632">(64769,6682,257)</Cell>
<Cell dontCare="false" endCol="1" endRow="25" startCol="1" startRow="25" x0="1390" x1="1716" y0="2532" y1="2632">(64769,6682,514)</Cell>
<Cell dontCare="false" endCol="2" endRow="25" startCol="2" startRow="25" x0="1716" x1="2050" y0="2532" y1="2632">(64769,6682,771)</Cell>
<Cell dontCare="false" endCol="3" endRow="25" startCol="3" startRow="25" x0="2050" x1="2386" y0="2532" y1="2632">(64769,6682,1028)</Cell>
<Cell dontCare="false" endCol="0" endRow="26" startCol="0" startRow="26" x0="63" x1="1390" y0="2632" y1="2753">(64769,6939,257)</Cell>
<Cell dontCare="false" endCol="1" endRow="26" startCol="1" startRow="26" x0="1390" x1="1716" y0="2632" y1="2753">(64769,6939,514)</Cell>
<Cell dontCare="false" endCol="2" endRow="26" startCol="2" startRow="26" x0="1716" x1="2050" y0="2632" y1="2753">(64769,6939,771)</Cell>
<Cell dontCare="false" endCol="3" endRow="26" startCol="3" startRow="26" x0="2050" x1="2386" y0="2632" y1="2753">(64769,6939,1028)</Cell>
</Table>
</Tables>
</GroundTruth>
