<?xml version="1.0" encoding="UTF-8" standalone="no"?>
<GroundTruth InputFile="C:\Dokumente und Einstellungen\mehmood\Desktop\dataset\skew_corrected\unlv_tables_bin_test\9503_027.png">
<Tables>
<Table x0="73" x1="2346" y0="530" y1="2490">
<Row x0="73" x1="2346" y0="663" y1="663"/>
<Row x0="73" x1="2346" y0="782" y1="782"/>
<Row x0="73" x1="2346" y0="858" y1="858"/>
<Row x0="73" x1="2346" y0="982" y1="982"/>
<Row x0="73" x1="2346" y0="1122" y1="1122"/>
<Row x0="73" x1="2346" y0="1234" y1="1234"/>
<Row x0="73" x1="2346" y0="1350" y1="1350"/>
<Row x0="73" x1="2346" y0="1544" y1="1544"/>
<Row x0="73" x1="2346" y0="1670" y1="1670"/>
<Row x0="73" x1="2346" y0="1868" y1="1868"/>
<Row x0="73" x1="2346" y0="1990" y1="1990"/>
<Row x0="73" x1="2346" y0="2120" y1="2120"/>
<Row x0="73" x1="2346" y0="2202" y1="2202"/>
<Row x0="73" x1="2346" y0="2274" y1="2274"/>
<Row x0="73" x1="2346" y0="2340" y1="2340"/>
<Column x0="1316" x1="1316" y0="530" y1="2490"/>
<Column x0="1583" x1="1583" y0="530" y1="2490"/>
<Column x0="2116" x1="2116" y0="530" y1="2490"/>
<Cell dontCare="false" endCol="0" endRow="0" startCol="0" startRow="0" x0="73" x1="1316" y0="530" y1="663">(64769,257,257)</Cell>
<Cell dontCare="false" endCol="1" endRow="0" startCol="1" startRow="0" x0="1316" x1="1583" y0="530" y1="663">(64769,257,514)</Cell>
<Cell dontCare="false" endCol="2" endRow="0" startCol="2" startRow="0" x0="1583" x1="2116" y0="530" y1="663">(64769,257,771)</Cell>
<Cell dontCare="false" endCol="3" endRow="0" startCol="3" startRow="0" x0="2116" x1="2346" y0="530" y1="663">(64769,257,1028)</Cell>
<Cell dontCare="false" endCol="0" endRow="1" startCol="0" startRow="1" x0="73" x1="1316" y0="663" y1="782">(64769,514,257)</Cell>
<Cell dontCare="false" endCol="1" endRow="1" startCol="1" startRow="1" x0="1316" x1="1583" y0="663" y1="782">(64769,514,514)</Cell>
<Cell dontCare="false" endCol="2" endRow="1" startCol="2" startRow="1" x0="1583" x1="2116" y0="663" y1="782">(64769,514,771)</Cell>
<Cell dontCare="false" endCol="3" endRow="1" startCol="3" startRow="1" x0="2116" x1="2346" y0="663" y1="782">(64769,514,1028)</Cell>
<Cell dontCare="false" endCol="0" endRow="2" startCol="0" startRow="2" x0="73" x1="1316" y0="782" y1="858">(64769,771,257)</Cell>
<Cell dontCare="false" endCol="1" endRow="2" startCol="1" startRow="2" x0="1316" x1="1583" y0="782" y1="858">(64769,771,514)</Cell>
<Cell dontCare="false" endCol="2" endRow="2" startCol="2" startRow="2" x0="1583" x1="2116" y0="782" y1="858">(64769,771,771)</Cell>
<Cell dontCare="false" endCol="3" endRow="2" startCol="3" startRow="2" x0="2116" x1="2346" y0="782" y1="858">(64769,771,1028)</Cell>
<Cell dontCare="false" endCol="0" endRow="3" startCol="0" startRow="3" x0="73" x1="1316" y0="858" y1="982">(64769,1028,257)</Cell>
<Cell dontCare="false" endCol="1" endRow="3" startCol="1" startRow="3" x0="1316" x1="1583" y0="858" y1="982">(64769,1028,514)</Cell>
<Cell dontCare="false" endCol="2" endRow="3" startCol="2" startRow="3" x0="1583" x1="2116" y0="858" y1="982">(64769,1028,771)</Cell>
<Cell dontCare="false" endCol="3" endRow="3" startCol="3" startRow="3" x0="2116" x1="2346" y0="858" y1="982">(64769,1028,1028)</Cell>
<Cell dontCare="false" endCol="0" endRow="4" startCol="0" startRow="4" x0="73" x1="1316" y0="982" y1="1122">(64769,1285,257)</Cell>
<Cell dontCare="false" endCol="1" endRow="4" startCol="1" startRow="4" x0="1316" x1="1583" y0="982" y1="1122">(64769,1285,514)</Cell>
<Cell dontCare="false" endCol="2" endRow="4" startCol="2" startRow="4" x0="1583" x1="2116" y0="982" y1="1122">(64769,1285,771)</Cell>
<Cell dontCare="false" endCol="3" endRow="4" startCol="3" startRow="4" x0="2116" x1="2346" y0="982" y1="1122">(64769,1285,1028)</Cell>
<Cell dontCare="false" endCol="0" endRow="5" startCol="0" startRow="5" x0="73" x1="1316" y0="1122" y1="1234">(64769,1542,257)</Cell>
<Cell dontCare="false" endCol="1" endRow="5" startCol="1" startRow="5" x0="1316" x1="1583" y0="1122" y1="1234">(64769,1542,514)</Cell>
<Cell dontCare="false" endCol="2" endRow="5" startCol="2" startRow="5" x0="1583" x1="2116" y0="1122" y1="1234">(64769,1542,771)</Cell>
<Cell dontCare="false" endCol="3" endRow="5" startCol="3" startRow="5" x0="2116" x1="2346" y0="1122" y1="1234">(64769,1542,1028)</Cell>
<Cell dontCare="false" endCol="0" endRow="6" startCol="0" startRow="6" x0="73" x1="1316" y0="1234" y1="1350">(64769,1799,257)</Cell>
<Cell dontCare="false" endCol="1" endRow="6" startCol="1" startRow="6" x0="1316" x1="1583" y0="1234" y1="1350">(64769,1799,514)</Cell>
<Cell dontCare="false" endCol="2" endRow="6" startCol="2" startRow="6" x0="1583" x1="2116" y0="1234" y1="1350">(64769,1799,771)</Cell>
<Cell dontCare="false" endCol="3" endRow="6" startCol="3" startRow="6" x0="2116" x1="2346" y0="1234" y1="1350">(64769,1799,1028)</Cell>
<Cell dontCare="false" endCol="0" endRow="7" startCol="0" startRow="7" x0="73" x1="1316" y0="1350" y1="1544">(64769,2056,257)</Cell>
<Cell dontCare="false" endCol="1" endRow="7" startCol="1" startRow="7" x0="1316" x1="1583" y0="1350" y1="1544">(64769,2056,514)</Cell>
<Cell dontCare="false" endCol="2" endRow="7" startCol="2" startRow="7" x0="1583" x1="2116" y0="1350" y1="1544">(64769,2056,771)</Cell>
<Cell dontCare="false" endCol="3" endRow="7" startCol="3" startRow="7" x0="2116" x1="2346" y0="1350" y1="1544">(64769,2056,1028)</Cell>
<Cell dontCare="false" endCol="0" endRow="8" startCol="0" startRow="8" x0="73" x1="1316" y0="1544" y1="1670">(64769,2313,257)</Cell>
<Cell dontCare="false" endCol="1" endRow="8" startCol="1" startRow="8" x0="1316" x1="1583" y0="1544" y1="1670">(64769,2313,514)</Cell>
<Cell dontCare="false" endCol="2" endRow="8" startCol="2" startRow="8" x0="1583" x1="2116" y0="1544" y1="1670">(64769,2313,771)</Cell>
<Cell dontCare="false" endCol="3" endRow="8" startCol="3" startRow="8" x0="2116" x1="2346" y0="1544" y1="1670">(64769,2313,1028)</Cell>
<Cell dontCare="false" endCol="0" endRow="9" startCol="0" startRow="9" x0="73" x1="1316" y0="1670" y1="1868">(64769,2570,257)</Cell>
<Cell dontCare="false" endCol="1" endRow="9" startCol="1" startRow="9" x0="1316" x1="1583" y0="1670" y1="1868">(64769,2570,514)</Cell>
<Cell dontCare="false" endCol="2" endRow="9" startCol="2" startRow="9" x0="1583" x1="2116" y0="1670" y1="1868">(64769,2570,771)</Cell>
<Cell dontCare="false" endCol="3" endRow="9" startCol="3" startRow="9" x0="2116" x1="2346" y0="1670" y1="1868">(64769,2570,1028)</Cell>
<Cell dontCare="false" endCol="0" endRow="10" startCol="0" startRow="10" x0="73" x1="1316" y0="1868" y1="1990">(64769,2827,257)</Cell>
<Cell dontCare="false" endCol="1" endRow="10" startCol="1" startRow="10" x0="1316" x1="1583" y0="1868" y1="1990">(64769,2827,514)</Cell>
<Cell dontCare="false" endCol="2" endRow="10" startCol="2" startRow="10" x0="1583" x1="2116" y0="1868" y1="1990">(64769,2827,771)</Cell>
<Cell dontCare="false" endCol="3" endRow="10" startCol="3" startRow="10" x0="2116" x1="2346" y0="1868" y1="1990">(64769,2827,1028)</Cell>
<Cell dontCare="false" endCol="0" endRow="11" startCol="0" startRow="11" x0="73" x1="1316" y0="1990" y1="2120">(64769,3084,257)</Cell>
<Cell dontCare="false" endCol="1" endRow="11" startCol="1" startRow="11" x0="1316" x1="1583" y0="1990" y1="2120">(64769,3084,514)</Cell>
<Cell dontCare="false" endCol="2" endRow="11" startCol="2" startRow="11" x0="1583" x1="2116" y0="1990" y1="2120">(64769,3084,771)</Cell>
<Cell dontCare="false" endCol="3" endRow="11" startCol="3" startRow="11" x0="2116" x1="2346" y0="1990" y1="2120">(64769,3084,1028)</Cell>
<Cell dontCare="false" endCol="0" endRow="12" startCol="0" startRow="12" x0="73" x1="1316" y0="2120" y1="2202">(64769,3341,257)</Cell>
<Cell dontCare="false" endCol="1" endRow="12" startCol="1" startRow="12" x0="1316" x1="1583" y0="2120" y1="2202">(64769,3341,514)</Cell>
<Cell dontCare="false" endCol="2" endRow="12" startCol="2" startRow="12" x0="1583" x1="2116" y0="2120" y1="2202">(64769,3341,771)</Cell>
<Cell dontCare="false" endCol="3" endRow="12" startCol="3" startRow="12" x0="2116" x1="2346" y0="2120" y1="2202">(64769,3341,1028)</Cell>
<Cell dontCare="false" endCol="0" endRow="13" startCol="0" startRow="13" x0="73" x1="1316" y0="2202" y1="2274">(64769,3598,257)</Cell>
<Cell dontCare="false" endCol="1" endRow="13" startCol="1" startRow="13" x0="1316" x1="1583" y0="2202" y1="2274">(64769,3598,514)</Cell>
<Cell dontCare="false" endCol="2" endRow="13" startCol="2" startRow="13" x0="1583" x1="2116" y0="2202" y1="2274">(64769,3598,771)</Cell>
<Cell dontCare="false" endCol="3" endRow="13" startCol="3" startRow="13" x0="2116" x1="2346" y0="2202" y1="2274">(64769,3598,1028)</Cell>
<Cell dontCare="false" endCol="0" endRow="14" startCol="0" startRow="14" x0="73" x1="1316" y0="2274" y1="2340">(64769,3855,257)</Cell>
<Cell dontCare="false" endCol="1" endRow="14" startCol="1" startRow="14" x0="1316" x1="1583" y0="2274" y1="2340">(64769,3855,514)</Cell>
<Cell dontCare="false" endCol="2" endRow="14" startCol="2" startRow="14" x0="1583" x1="2116" y0="2274" y1="2340">(64769,3855,771)</Cell>
<Cell dontCare="false" endCol="3" endRow="14" startCol="3" startRow="14" x0="2116" x1="2346" y0="2274" y1="2340">(64769,3855,1028)</Cell>
<Cell dontCare="false" endCol="0" endRow="15" startCol="0" startRow="15" x0="73" x1="1316" y0="2340" y1="2490">(64769,4112,257)</Cell>
<Cell dontCare="false" endCol="1" endRow="15" startCol="1" startRow="15" x0="1316" x1="1583" y0="2340" y1="2490">(64769,4112,514)</Cell>
<Cell dontCare="false" endCol="2" endRow="15" startCol="2" startRow="15" x0="1583" x1="2116" y0="2340" y1="2490">(64769,4112,771)</Cell>
<Cell dontCare="false" endCol="3" endRow="15" startCol="3" startRow="15" x0="2116" x1="2346" y0="2340" y1="2490">(64769,4112,1028)</Cell>
</Table>
</Tables>
</GroundTruth>
