<?xml version="1.0" encoding="UTF-8" standalone="no"?>
<GroundTruth InputFile="C:\Dokumente und Einstellungen\mehmood\Desktop\dataset\skew_corrected\unlv_tables_bin_test\9504_025.png">
<Tables>
<Table x0="75" x1="1110" y0="1115" y1="1487">
<Row x0="75" x1="1110" y0="1162" y1="1162"/>
<Row x0="75" x1="1110" y0="1232" y1="1232"/>
<Row x0="75" x1="1110" y0="1294" y1="1294"/>
<Row x0="75" x1="1110" y0="1351" y1="1351"/>
<Row x0="75" x1="1110" y0="1411" y1="1411"/>
<Column x0="568" x1="568" y0="1115" y1="1487"/>
<Column x0="855" x1="855" y0="1115" y1="1487"/>
<Column x0="981" x1="981" y0="1115" y1="1487"/>
<Cell dontCare="false" endCol="0" endRow="0" startCol="0" startRow="0" x0="75" x1="568" y0="1115" y1="1162">(64769,257,257)</Cell>
<Cell dontCare="false" endCol="1" endRow="0" startCol="1" startRow="0" x0="568" x1="855" y0="1115" y1="1162">(64769,257,514)</Cell>
<Cell dontCare="false" endCol="2" endRow="0" startCol="2" startRow="0" x0="855" x1="981" y0="1115" y1="1162">(64769,257,771)</Cell>
<Cell dontCare="false" endCol="3" endRow="0" startCol="3" startRow="0" x0="981" x1="1110" y0="1115" y1="1162">(64769,257,1028)</Cell>
<Cell dontCare="false" endCol="0" endRow="1" startCol="0" startRow="1" x0="75" x1="568" y0="1162" y1="1232">(64769,514,257)</Cell>
<Cell dontCare="false" endCol="1" endRow="1" startCol="1" startRow="1" x0="568" x1="855" y0="1162" y1="1232">(64769,514,514)</Cell>
<Cell dontCare="false" endCol="2" endRow="1" startCol="2" startRow="1" x0="855" x1="981" y0="1162" y1="1232">(64769,514,771)</Cell>
<Cell dontCare="false" endCol="3" endRow="1" startCol="3" startRow="1" x0="981" x1="1110" y0="1162" y1="1232">(64769,514,1028)</Cell>
<Cell dontCare="false" endCol="0" endRow="2" startCol="0" startRow="2" x0="75" x1="568" y0="1232" y1="1294">(64769,771,257)</Cell>
<Cell dontCare="false" endCol="1" endRow="2" startCol="1" startRow="2" x0="568" x1="855" y0="1232" y1="1294">(64769,771,514)</Cell>
<Cell dontCare="false" endCol="2" endRow="2" startCol="2" startRow="2" x0="855" x1="981" y0="1232" y1="1294">(64769,771,771)</Cell>
<Cell dontCare="false" endCol="3" endRow="2" startCol="3" startRow="2" x0="981" x1="1110" y0="1232" y1="1294">(64769,771,1028)</Cell>
<Cell dontCare="false" endCol="0" endRow="3" startCol="0" startRow="3" x0="75" x1="568" y0="1294" y1="1351">(64769,1028,257)</Cell>
<Cell dontCare="false" endCol="1" endRow="3" startCol="1" startRow="3" x0="568" x1="855" y0="1294" y1="1351">(64769,1028,514)</Cell>
<Cell dontCare="false" endCol="2" endRow="3" startCol="2" startRow="3" x0="855" x1="981" y0="1294" y1="1351">(64769,1028,771)</Cell>
<Cell dontCare="false" endCol="3" endRow="3" startCol="3" startRow="3" x0="981" x1="1110" y0="1294" y1="1351">(64769,1028,1028)</Cell>
<Cell dontCare="false" endCol="0" endRow="4" startCol="0" startRow="4" x0="75" x1="568" y0="1351" y1="1411">(64769,1285,257)</Cell>
<Cell dontCare="false" endCol="1" endRow="4" startCol="1" startRow="4" x0="568" x1="855" y0="1351" y1="1411">(64769,1285,514)</Cell>
<Cell dontCare="false" endCol="2" endRow="4" startCol="2" startRow="4" x0="855" x1="981" y0="1351" y1="1411">(64769,1285,771)</Cell>
<Cell dontCare="false" endCol="3" endRow="4" startCol="3" startRow="4" x0="981" x1="1110" y0="1351" y1="1411">(64769,1285,1028)</Cell>
<Cell dontCare="false" endCol="0" endRow="5" startCol="0" startRow="5" x0="75" x1="568" y0="1411" y1="1487">(64769,1542,257)</Cell>
<Cell dontCare="false" endCol="1" endRow="5" startCol="1" startRow="5" x0="568" x1="855" y0="1411" y1="1487">(64769,1542,514)</Cell>
<Cell dontCare="false" endCol="2" endRow="5" startCol="2" startRow="5" x0="855" x1="981" y0="1411" y1="1487">(64769,1542,771)</Cell>
<Cell dontCare="false" endCol="3" endRow="5" startCol="3" startRow="5" x0="981" x1="1110" y0="1411" y1="1487">(64769,1542,1028)</Cell>
</Table>
</Tables>
</GroundTruth>
