<?xml version="1.0" encoding="UTF-8" standalone="no"?>
<GroundTruth InputFile="C:\Dokumente und Einstellungen\mehmood\Desktop\dataset\skew_corrected\unlv_tables_bin_test\9506_017.png">
<Tables>
<Table x0="1018" x1="2231" y0="490" y1="861">
<Row x0="1018" x1="2231" y0="545" y1="545"/>
<Row x0="1018" x1="2231" y0="611" y1="611"/>
<Row x0="1018" x1="2231" y0="660" y1="660"/>
<Row x0="1018" x1="2231" y0="707" y1="707"/>
<Row x0="1018" x1="2231" y0="757" y1="757"/>
<Row x0="1018" x1="2231" y0="810" y1="810"/>
<Column x0="1672" x1="1672" y0="490" y1="861"/>
<Column x0="1948" x1="1948" y0="490" y1="861"/>
<Column x0="2137" x1="2137" y0="490" y1="861"/>
<Cell dontCare="false" endCol="0" endRow="0" startCol="0" startRow="0" x0="1018" x1="1672" y0="490" y1="545">(64769,257,257)</Cell>
<Cell dontCare="false" endCol="1" endRow="0" startCol="1" startRow="0" x0="1672" x1="1948" y0="490" y1="545">(64769,257,514)</Cell>
<Cell dontCare="false" endCol="2" endRow="0" startCol="2" startRow="0" x0="1948" x1="2137" y0="490" y1="545">(64769,257,771)</Cell>
<Cell dontCare="false" endCol="3" endRow="0" startCol="3" startRow="0" x0="2137" x1="2231" y0="490" y1="545">(64769,257,1028)</Cell>
<Cell dontCare="false" endCol="0" endRow="1" startCol="0" startRow="1" x0="1018" x1="1672" y0="545" y1="611">(64769,514,257)</Cell>
<Cell dontCare="false" endCol="1" endRow="1" startCol="1" startRow="1" x0="1672" x1="1948" y0="545" y1="611">(64769,514,514)</Cell>
<Cell dontCare="false" endCol="2" endRow="1" startCol="2" startRow="1" x0="1948" x1="2137" y0="545" y1="611">(64769,514,771)</Cell>
<Cell dontCare="false" endCol="3" endRow="1" startCol="3" startRow="1" x0="2137" x1="2231" y0="545" y1="611">(64769,514,1028)</Cell>
<Cell dontCare="false" endCol="0" endRow="2" startCol="0" startRow="2" x0="1018" x1="1672" y0="611" y1="660">(64769,771,257)</Cell>
<Cell dontCare="false" endCol="1" endRow="2" startCol="1" startRow="2" x0="1672" x1="1948" y0="611" y1="660">(64769,771,514)</Cell>
<Cell dontCare="false" endCol="2" endRow="2" startCol="2" startRow="2" x0="1948" x1="2137" y0="611" y1="660">(64769,771,771)</Cell>
<Cell dontCare="false" endCol="3" endRow="2" startCol="3" startRow="2" x0="2137" x1="2231" y0="611" y1="660">(64769,771,1028)</Cell>
<Cell dontCare="false" endCol="0" endRow="3" startCol="0" startRow="3" x0="1018" x1="1672" y0="660" y1="707">(64769,1028,257)</Cell>
<Cell dontCare="false" endCol="1" endRow="3" startCol="1" startRow="3" x0="1672" x1="1948" y0="660" y1="707">(64769,1028,514)</Cell>
<Cell dontCare="false" endCol="2" endRow="3" startCol="2" startRow="3" x0="1948" x1="2137" y0="660" y1="707">(64769,1028,771)</Cell>
<Cell dontCare="false" endCol="3" endRow="3" startCol="3" startRow="3" x0="2137" x1="2231" y0="660" y1="707">(64769,1028,1028)</Cell>
<Cell dontCare="false" endCol="0" endRow="4" startCol="0" startRow="4" x0="1018" x1="1672" y0="707" y1="757">(64769,1285,257)</Cell>
<Cell dontCare="false" endCol="1" endRow="4" startCol="1" startRow="4" x0="1672" x1="1948" y0="707" y1="757">(64769,1285,514)</Cell>
<Cell dontCare="false" endCol="2" endRow="4" startCol="2" startRow="4" x0="1948" x1="2137" y0="707" y1="757">(64769,1285,771)</Cell>
<Cell dontCare="false" endCol="3" endRow="4" startCol="3" startRow="4" x0="2137" x1="2231" y0="707" y1="757">(64769,1285,1028)</Cell>
<Cell dontCare="false" endCol="0" endRow="5" startCol="0" startRow="5" x0="1018" x1="1672" y0="757" y1="810">(64769,1542,257)</Cell>
<Cell dontCare="false" endCol="1" endRow="5" startCol="1" startRow="5" x0="1672" x1="1948" y0="757" y1="810">(64769,1542,514)</Cell>
<Cell dontCare="false" endCol="2" endRow="5" startCol="2" startRow="5" x0="1948" x1="2137" y0="757" y1="810">(64769,1542,771)</Cell>
<Cell dontCare="false" endCol="3" endRow="5" startCol="3" startRow="5" x0="2137" x1="2231" y0="757" y1="810">(64769,1542,1028)</Cell>
<Cell dontCare="false" endCol="0" endRow="6" startCol="0" startRow="6" x0="1018" x1="1672" y0="810" y1="861">(64769,1799,257)</Cell>
<Cell dontCare="false" endCol="1" endRow="6" startCol="1" startRow="6" x0="1672" x1="1948" y0="810" y1="861">(64769,1799,514)</Cell>
<Cell dontCare="false" endCol="2" endRow="6" startCol="2" startRow="6" x0="1948" x1="2137" y0="810" y1="861">(64769,1799,771)</Cell>
<Cell dontCare="false" endCol="3" endRow="6" startCol="3" startRow="6" x0="2137" x1="2231" y0="810" y1="861">(64769,1799,1028)</Cell>
</Table>
</Tables>
</GroundTruth>
