<?xml version="1.0" encoding="UTF-8" standalone="no"?>
<GroundTruth InputFile="C:\Dokumente und Einstellungen\mehmood\Desktop\dataset\skew_corrected\unlv_tables_bin_test\9508_067.png">
<Tables>
<Table x0="156" x1="1258" y0="542" y1="1072">
<Row x0="156" x1="1258" y0="634" y1="634"/>
<Row x0="156" x1="1258" y0="692" y1="692"/>
<Row x0="156" x1="1258" y0="782" y1="782"/>
<Row x0="156" x1="1258" y0="922" y1="922"/>
<Row x0="156" x1="1258" y0="966" y1="966"/>
<Row x0="156" x1="1258" y0="1016" y1="1016"/>
<Column x0="700" x1="700" y0="542" y1="1072"/>
<Column x0="908" x1="908" y0="542" y1="1072"/>
<Column x0="1086" x1="1086" y0="542" y1="1072"/>
<Cell dontCare="false" endCol="0" endRow="0" startCol="0" startRow="0" x0="156" x1="700" y0="542" y1="634">(64769,257,257)</Cell>
<Cell dontCare="false" endCol="1" endRow="0" startCol="1" startRow="0" x0="700" x1="908" y0="542" y1="634">(64769,257,514)</Cell>
<Cell dontCare="false" endCol="2" endRow="0" startCol="2" startRow="0" x0="908" x1="1086" y0="542" y1="634">(64769,257,771)</Cell>
<Cell dontCare="false" endCol="3" endRow="0" startCol="3" startRow="0" x0="1086" x1="1258" y0="542" y1="634">(64769,257,1028)</Cell>
<Cell dontCare="false" endCol="0" endRow="1" startCol="0" startRow="1" x0="156" x1="700" y0="634" y1="692">(64769,514,257)</Cell>
<Cell dontCare="false" endCol="1" endRow="1" startCol="1" startRow="1" x0="700" x1="908" y0="634" y1="692">(64769,514,514)</Cell>
<Cell dontCare="false" endCol="2" endRow="1" startCol="2" startRow="1" x0="908" x1="1086" y0="634" y1="692">(64769,514,771)</Cell>
<Cell dontCare="false" endCol="3" endRow="1" startCol="3" startRow="1" x0="1086" x1="1258" y0="634" y1="692">(64769,514,1028)</Cell>
<Cell dontCare="false" endCol="0" endRow="2" startCol="0" startRow="2" x0="156" x1="700" y0="692" y1="782">(64769,771,257)</Cell>
<Cell dontCare="false" endCol="1" endRow="2" startCol="1" startRow="2" x0="700" x1="908" y0="692" y1="782">(64769,771,514)</Cell>
<Cell dontCare="false" endCol="2" endRow="2" startCol="2" startRow="2" x0="908" x1="1086" y0="692" y1="782">(64769,771,771)</Cell>
<Cell dontCare="false" endCol="3" endRow="2" startCol="3" startRow="2" x0="1086" x1="1258" y0="692" y1="782">(64769,771,1028)</Cell>
<Cell dontCare="false" endCol="0" endRow="3" startCol="0" startRow="3" x0="156" x1="700" y0="782" y1="922">(64769,1028,257)</Cell>
<Cell dontCare="false" endCol="1" endRow="3" startCol="1" startRow="3" x0="700" x1="908" y0="782" y1="922">(64769,1028,514)</Cell>
<Cell dontCare="false" endCol="2" endRow="3" startCol="2" startRow="3" x0="908" x1="1086" y0="782" y1="922">(64769,1028,771)</Cell>
<Cell dontCare="false" endCol="3" endRow="3" startCol="3" startRow="3" x0="1086" x1="1258" y0="782" y1="922">(64769,1028,1028)</Cell>
<Cell dontCare="false" endCol="0" endRow="4" startCol="0" startRow="4" x0="156" x1="700" y0="922" y1="966">(64769,1285,257)</Cell>
<Cell dontCare="false" endCol="1" endRow="4" startCol="1" startRow="4" x0="700" x1="908" y0="922" y1="966">(64769,1285,514)</Cell>
<Cell dontCare="false" endCol="2" endRow="4" startCol="2" startRow="4" x0="908" x1="1086" y0="922" y1="966">(64769,1285,771)</Cell>
<Cell dontCare="false" endCol="3" endRow="4" startCol="3" startRow="4" x0="1086" x1="1258" y0="922" y1="966">(64769,1285,1028)</Cell>
<Cell dontCare="false" endCol="0" endRow="5" startCol="0" startRow="5" x0="156" x1="700" y0="966" y1="1016">(64769,1542,257)</Cell>
<Cell dontCare="false" endCol="1" endRow="5" startCol="1" startRow="5" x0="700" x1="908" y0="966" y1="1016">(64769,1542,514)</Cell>
<Cell dontCare="false" endCol="2" endRow="5" startCol="2" startRow="5" x0="908" x1="1086" y0="966" y1="1016">(64769,1542,771)</Cell>
<Cell dontCare="false" endCol="3" endRow="5" startCol="3" startRow="5" x0="1086" x1="1258" y0="966" y1="1016">(64769,1542,1028)</Cell>
<Cell dontCare="false" endCol="0" endRow="6" startCol="0" startRow="6" x0="156" x1="700" y0="1016" y1="1072">(64769,1799,257)</Cell>
<Cell dontCare="false" endCol="1" endRow="6" startCol="1" startRow="6" x0="700" x1="908" y0="1016" y1="1072">(64769,1799,514)</Cell>
<Cell dontCare="false" endCol="2" endRow="6" startCol="2" startRow="6" x0="908" x1="1086" y0="1016" y1="1072">(64769,1799,771)</Cell>
<Cell dontCare="false" endCol="3" endRow="6" startCol="3" startRow="6" x0="1086" x1="1258" y0="1016" y1="1072">(64769,1799,1028)</Cell>
</Table>
<Table x0="156" x1="1232" y0="1324" y1="2162">
<Row x0="156" x1="1232" y0="1402" y1="1402"/>
<Row x0="156" x1="1232" y0="1454" y1="1454"/>
<Row x0="156" x1="1232" y0="1500" y1="1500"/>
<Row x0="156" x1="1232" y0="1540" y1="1540"/>
<Row x0="156" x1="1232" y0="1594" y1="1594"/>
<Row x0="156" x1="1232" y0="1640" y1="1640"/>
<Row x0="156" x1="1232" y0="1696" y1="1696"/>
<Row x0="156" x1="1232" y0="1746" y1="1746"/>
<Row x0="156" x1="1232" y0="1806" y1="1806"/>
<Row x0="156" x1="1232" y0="1858" y1="1858"/>
<Row x0="156" x1="1232" y0="1910" y1="1910"/>
<Row x0="156" x1="1232" y0="1952" y1="1952"/>
<Row x0="156" x1="1232" y0="1994" y1="1994"/>
<Row x0="156" x1="1232" y0="2048" y1="2048"/>
<Row x0="156" x1="1232" y0="2104" y1="2104"/>
<Column x0="794" x1="794" y0="1324" y1="2162"/>
<Column x0="1054" x1="1054" y0="1324" y1="2162"/>
<Cell dontCare="false" endCol="0" endRow="0" startCol="0" startRow="0" x0="156" x1="794" y0="1324" y1="1402">(64770,257,257)</Cell>
<Cell dontCare="false" endCol="1" endRow="0" startCol="1" startRow="0" x0="794" x1="1054" y0="1324" y1="1402">(64770,257,514)</Cell>
<Cell dontCare="false" endCol="2" endRow="0" startCol="2" startRow="0" x0="1054" x1="1232" y0="1324" y1="1402">(64770,257,771)</Cell>
<Cell dontCare="false" endCol="2" endRow="1" startCol="0" startRow="1" x0="156" x1="1232" y0="1402" y1="1454">(64770,514,259)</Cell>
<Cell dontCare="true" endCol="1" endRow="1" startCol="1" startRow="1" x0="794" x1="1054" y0="1402" y1="1454">(64770,514,514)</Cell>
<Cell dontCare="true" endCol="2" endRow="1" startCol="2" startRow="1" x0="1054" x1="1232" y0="1402" y1="1454">(64770,514,771)</Cell>
<Cell dontCare="false" endCol="0" endRow="2" startCol="0" startRow="2" x0="156" x1="794" y0="1454" y1="1500">(64770,771,257)</Cell>
<Cell dontCare="false" endCol="1" endRow="2" startCol="1" startRow="2" x0="794" x1="1054" y0="1454" y1="1500">(64770,771,514)</Cell>
<Cell dontCare="false" endCol="2" endRow="2" startCol="2" startRow="2" x0="1054" x1="1232" y0="1454" y1="1500">(64770,771,771)</Cell>
<Cell dontCare="false" endCol="0" endRow="3" startCol="0" startRow="3" x0="156" x1="794" y0="1500" y1="1540">(64770,1028,257)</Cell>
<Cell dontCare="false" endCol="1" endRow="3" startCol="1" startRow="3" x0="794" x1="1054" y0="1500" y1="1540">(64770,1028,514)</Cell>
<Cell dontCare="false" endCol="2" endRow="3" startCol="2" startRow="3" x0="1054" x1="1232" y0="1500" y1="1540">(64770,1028,771)</Cell>
<Cell dontCare="false" endCol="0" endRow="4" startCol="0" startRow="4" x0="156" x1="794" y0="1540" y1="1594">(64770,1285,257)</Cell>
<Cell dontCare="false" endCol="1" endRow="4" startCol="1" startRow="4" x0="794" x1="1054" y0="1540" y1="1594">(64770,1285,514)</Cell>
<Cell dontCare="false" endCol="2" endRow="4" startCol="2" startRow="4" x0="1054" x1="1232" y0="1540" y1="1594">(64770,1285,771)</Cell>
<Cell dontCare="false" endCol="0" endRow="5" startCol="0" startRow="5" x0="156" x1="794" y0="1594" y1="1640">(64770,1542,257)</Cell>
<Cell dontCare="false" endCol="1" endRow="5" startCol="1" startRow="5" x0="794" x1="1054" y0="1594" y1="1640">(64770,1542,514)</Cell>
<Cell dontCare="false" endCol="2" endRow="5" startCol="2" startRow="5" x0="1054" x1="1232" y0="1594" y1="1640">(64770,1542,771)</Cell>
<Cell dontCare="false" endCol="0" endRow="6" startCol="0" startRow="6" x0="156" x1="794" y0="1640" y1="1696">(64770,1799,257)</Cell>
<Cell dontCare="false" endCol="1" endRow="6" startCol="1" startRow="6" x0="794" x1="1054" y0="1640" y1="1696">(64770,1799,514)</Cell>
<Cell dontCare="false" endCol="2" endRow="6" startCol="2" startRow="6" x0="1054" x1="1232" y0="1640" y1="1696">(64770,1799,771)</Cell>
<Cell dontCare="false" endCol="0" endRow="7" startCol="0" startRow="7" x0="156" x1="794" y0="1696" y1="1746">(64770,2056,257)</Cell>
<Cell dontCare="false" endCol="1" endRow="7" startCol="1" startRow="7" x0="794" x1="1054" y0="1696" y1="1746">(64770,2056,514)</Cell>
<Cell dontCare="false" endCol="2" endRow="7" startCol="2" startRow="7" x0="1054" x1="1232" y0="1696" y1="1746">(64770,2056,771)</Cell>
<Cell dontCare="false" endCol="0" endRow="8" startCol="0" startRow="8" x0="156" x1="794" y0="1746" y1="1806">(64770,2313,257)</Cell>
<Cell dontCare="false" endCol="1" endRow="8" startCol="1" startRow="8" x0="794" x1="1054" y0="1746" y1="1806">(64770,2313,514)</Cell>
<Cell dontCare="false" endCol="2" endRow="8" startCol="2" startRow="8" x0="1054" x1="1232" y0="1746" y1="1806">(64770,2313,771)</Cell>
<Cell dontCare="false" endCol="2" endRow="9" startCol="0" startRow="9" x0="156" x1="1232" y0="1806" y1="1858">(64770,2570,259)</Cell>
<Cell dontCare="true" endCol="1" endRow="9" startCol="1" startRow="9" x0="794" x1="1054" y0="1806" y1="1858">(64770,2570,514)</Cell>
<Cell dontCare="true" endCol="2" endRow="9" startCol="2" startRow="9" x0="1054" x1="1232" y0="1806" y1="1858">(64770,2570,771)</Cell>
<Cell dontCare="false" endCol="0" endRow="10" startCol="0" startRow="10" x0="156" x1="794" y0="1858" y1="1910">(64770,2827,257)</Cell>
<Cell dontCare="false" endCol="1" endRow="10" startCol="1" startRow="10" x0="794" x1="1054" y0="1858" y1="1910">(64770,2827,514)</Cell>
<Cell dontCare="false" endCol="2" endRow="10" startCol="2" startRow="10" x0="1054" x1="1232" y0="1858" y1="1910">(64770,2827,771)</Cell>
<Cell dontCare="false" endCol="0" endRow="11" startCol="0" startRow="11" x0="156" x1="794" y0="1910" y1="1952">(64770,3084,257)</Cell>
<Cell dontCare="false" endCol="1" endRow="11" startCol="1" startRow="11" x0="794" x1="1054" y0="1910" y1="1952">(64770,3084,514)</Cell>
<Cell dontCare="false" endCol="2" endRow="11" startCol="2" startRow="11" x0="1054" x1="1232" y0="1910" y1="1952">(64770,3084,771)</Cell>
<Cell dontCare="false" endCol="0" endRow="12" startCol="0" startRow="12" x0="156" x1="794" y0="1952" y1="1994">(64770,3341,257)</Cell>
<Cell dontCare="false" endCol="1" endRow="12" startCol="1" startRow="12" x0="794" x1="1054" y0="1952" y1="1994">(64770,3341,514)</Cell>
<Cell dontCare="false" endCol="2" endRow="12" startCol="2" startRow="12" x0="1054" x1="1232" y0="1952" y1="1994">(64770,3341,771)</Cell>
<Cell dontCare="false" endCol="0" endRow="13" startCol="0" startRow="13" x0="156" x1="794" y0="1994" y1="2048">(64770,3598,257)</Cell>
<Cell dontCare="false" endCol="1" endRow="13" startCol="1" startRow="13" x0="794" x1="1054" y0="1994" y1="2048">(64770,3598,514)</Cell>
<Cell dontCare="false" endCol="2" endRow="13" startCol="2" startRow="13" x0="1054" x1="1232" y0="1994" y1="2048">(64770,3598,771)</Cell>
<Cell dontCare="false" endCol="0" endRow="14" startCol="0" startRow="14" x0="156" x1="794" y0="2048" y1="2104">(64770,3855,257)</Cell>
<Cell dontCare="false" endCol="1" endRow="14" startCol="1" startRow="14" x0="794" x1="1054" y0="2048" y1="2104">(64770,3855,514)</Cell>
<Cell dontCare="false" endCol="2" endRow="14" startCol="2" startRow="14" x0="1054" x1="1232" y0="2048" y1="2104">(64770,3855,771)</Cell>
<Cell dontCare="false" endCol="0" endRow="15" startCol="0" startRow="15" x0="156" x1="794" y0="2104" y1="2162">(64770,4112,257)</Cell>
<Cell dontCare="false" endCol="1" endRow="15" startCol="1" startRow="15" x0="794" x1="1054" y0="2104" y1="2162">(64770,4112,514)</Cell>
<Cell dontCare="false" endCol="2" endRow="15" startCol="2" startRow="15" x0="1054" x1="1232" y0="2104" y1="2162">(64770,4112,771)</Cell>
</Table>
<Table x0="1278" x1="2376" y0="2084" y1="2680">
<Row x0="1278" x1="2376" y0="2140" y1="2140"/>
<Row x0="1278" x1="2376" y0="2244" y1="2244"/>
<Row x0="1278" x1="2376" y0="2288" y1="2288"/>
<Row x0="1278" x1="2376" y0="2382" y1="2382"/>
<Row x0="1278" x1="2376" y0="2474" y1="2474"/>
<Row x0="1278" x1="2376" y0="2520" y1="2520"/>
<Row x0="1278" x1="2376" y0="2612" y1="2612"/>
<Column x0="1818" x1="1818" y0="2084" y1="2680"/>
<Column x0="1862" x1="1862" y0="2084" y1="2680"/>
<Column x0="2004" x1="2004" y0="2084" y1="2680"/>
<Column x0="2194" x1="2194" y0="2084" y1="2680"/>
<Cell dontCare="false" endCol="0" endRow="0" startCol="0" startRow="0" x0="1278" x1="1818" y0="2084" y1="2140">(64771,257,257)</Cell>
<Cell dontCare="false" endCol="1" endRow="0" startCol="1" startRow="0" x0="1818" x1="1862" y0="2084" y1="2140">(64771,257,514)</Cell>
<Cell dontCare="false" endCol="2" endRow="0" startCol="2" startRow="0" x0="1862" x1="2004" y0="2084" y1="2140">(64771,257,771)</Cell>
<Cell dontCare="false" endCol="3" endRow="0" startCol="3" startRow="0" x0="2004" x1="2194" y0="2084" y1="2140">(64771,257,1028)</Cell>
<Cell dontCare="false" endCol="4" endRow="0" startCol="4" startRow="0" x0="2194" x1="2376" y0="2084" y1="2140">(64771,257,1285)</Cell>
<Cell dontCare="false" endCol="0" endRow="1" startCol="0" startRow="1" x0="1278" x1="1818" y0="2140" y1="2244">(64771,514,257)</Cell>
<Cell dontCare="false" endCol="2" endRow="1" startCol="1" startRow="1" x0="1818" x1="2004" y0="2140" y1="2244">(64771,514,515)</Cell>
<Cell dontCare="true" endCol="2" endRow="1" startCol="2" startRow="1" x0="1862" x1="2004" y0="2140" y1="2244">(64771,514,771)</Cell>
<Cell dontCare="false" endCol="3" endRow="1" startCol="3" startRow="1" x0="2004" x1="2194" y0="2140" y1="2244">(64771,514,1028)</Cell>
<Cell dontCare="false" endCol="4" endRow="1" startCol="4" startRow="1" x0="2194" x1="2376" y0="2140" y1="2244">(64771,514,1285)</Cell>
<Cell dontCare="false" endCol="0" endRow="2" startCol="0" startRow="2" x0="1278" x1="1818" y0="2244" y1="2288">(64771,771,257)</Cell>
<Cell dontCare="false" endCol="1" endRow="2" startCol="1" startRow="2" x0="1818" x1="1862" y0="2244" y1="2288">(64771,771,514)</Cell>
<Cell dontCare="false" endCol="2" endRow="2" startCol="2" startRow="2" x0="1862" x1="2004" y0="2244" y1="2288">(64771,771,771)</Cell>
<Cell dontCare="false" endCol="3" endRow="2" startCol="3" startRow="2" x0="2004" x1="2194" y0="2244" y1="2288">(64771,771,1028)</Cell>
<Cell dontCare="false" endCol="4" endRow="2" startCol="4" startRow="2" x0="2194" x1="2376" y0="2244" y1="2288">(64771,771,1285)</Cell>
<Cell dontCare="false" endCol="0" endRow="3" startCol="0" startRow="3" x0="1278" x1="1818" y0="2288" y1="2382">(64771,1028,257)</Cell>
<Cell dontCare="false" endCol="1" endRow="3" startCol="1" startRow="3" x0="1818" x1="1862" y0="2288" y1="2382">(64771,1028,514)</Cell>
<Cell dontCare="false" endCol="2" endRow="3" startCol="2" startRow="3" x0="1862" x1="2004" y0="2288" y1="2382">(64771,1028,771)</Cell>
<Cell dontCare="false" endCol="3" endRow="3" startCol="3" startRow="3" x0="2004" x1="2194" y0="2288" y1="2382">(64771,1028,1028)</Cell>
<Cell dontCare="false" endCol="4" endRow="3" startCol="4" startRow="3" x0="2194" x1="2376" y0="2288" y1="2382">(64771,1028,1285)</Cell>
<Cell dontCare="false" endCol="1" endRow="4" startCol="0" startRow="4" x0="1278" x1="1862" y0="2382" y1="2474">(64771,1285,258)</Cell>
<Cell dontCare="true" endCol="1" endRow="4" startCol="1" startRow="4" x0="1818" x1="1862" y0="2382" y1="2474">(64771,1285,514)</Cell>
<Cell dontCare="false" endCol="2" endRow="4" startCol="2" startRow="4" x0="1862" x1="2004" y0="2382" y1="2474">(64771,1285,771)</Cell>
<Cell dontCare="false" endCol="3" endRow="4" startCol="3" startRow="4" x0="2004" x1="2194" y0="2382" y1="2474">(64771,1285,1028)</Cell>
<Cell dontCare="false" endCol="4" endRow="4" startCol="4" startRow="4" x0="2194" x1="2376" y0="2382" y1="2474">(64771,1285,1285)</Cell>
<Cell dontCare="false" endCol="0" endRow="5" startCol="0" startRow="5" x0="1278" x1="1818" y0="2474" y1="2520">(64771,1542,257)</Cell>
<Cell dontCare="false" endCol="1" endRow="5" startCol="1" startRow="5" x0="1818" x1="1862" y0="2474" y1="2520">(64771,1542,514)</Cell>
<Cell dontCare="false" endCol="2" endRow="5" startCol="2" startRow="5" x0="1862" x1="2004" y0="2474" y1="2520">(64771,1542,771)</Cell>
<Cell dontCare="false" endCol="3" endRow="5" startCol="3" startRow="5" x0="2004" x1="2194" y0="2474" y1="2520">(64771,1542,1028)</Cell>
<Cell dontCare="false" endCol="4" endRow="5" startCol="4" startRow="5" x0="2194" x1="2376" y0="2474" y1="2520">(64771,1542,1285)</Cell>
<Cell dontCare="false" endCol="0" endRow="6" startCol="0" startRow="6" x0="1278" x1="1818" y0="2520" y1="2612">(64771,1799,257)</Cell>
<Cell dontCare="false" endCol="1" endRow="6" startCol="1" startRow="6" x0="1818" x1="1862" y0="2520" y1="2612">(64771,1799,514)</Cell>
<Cell dontCare="false" endCol="2" endRow="6" startCol="2" startRow="6" x0="1862" x1="2004" y0="2520" y1="2612">(64771,1799,771)</Cell>
<Cell dontCare="false" endCol="3" endRow="6" startCol="3" startRow="6" x0="2004" x1="2194" y0="2520" y1="2612">(64771,1799,1028)</Cell>
<Cell dontCare="false" endCol="4" endRow="6" startCol="4" startRow="6" x0="2194" x1="2376" y0="2520" y1="2612">(64771,1799,1285)</Cell>
<Cell dontCare="false" endCol="0" endRow="7" startCol="0" startRow="7" x0="1278" x1="1818" y0="2612" y1="2680">(64771,2056,257)</Cell>
<Cell dontCare="false" endCol="2" endRow="7" startCol="1" startRow="7" x0="1818" x1="2004" y0="2612" y1="2680">(64771,2056,515)</Cell>
<Cell dontCare="true" endCol="2" endRow="7" startCol="2" startRow="7" x0="1862" x1="2004" y0="2612" y1="2680">(64771,2056,771)</Cell>
<Cell dontCare="false" endCol="3" endRow="7" startCol="3" startRow="7" x0="2004" x1="2194" y0="2612" y1="2680">(64771,2056,1028)</Cell>
<Cell dontCare="false" endCol="4" endRow="7" startCol="4" startRow="7" x0="2194" x1="2376" y0="2612" y1="2680">(64771,2056,1285)</Cell>
</Table>
</Tables>
</GroundTruth>
