<?xml version="1.0" encoding="UTF-8" standalone="no"?>
<GroundTruth InputFile="C:\Dokumente und Einstellungen\mehmood\Desktop\dataset\skew_corrected\unlv_tables_bin_test\9509_045.png">
<Tables>
<Table x0="102" x1="1226" y0="534" y1="1130">
<Row x0="102" x1="1226" y0="611" y1="611"/>
<Row x0="102" x1="1226" y0="662" y1="662"/>
<Row x0="102" x1="1226" y0="721" y1="721"/>
<Row x0="102" x1="1226" y0="768" y1="768"/>
<Row x0="102" x1="1226" y0="805" y1="805"/>
<Row x0="102" x1="1226" y0="848" y1="848"/>
<Row x0="102" x1="1226" y0="894" y1="894"/>
<Row x0="102" x1="1226" y0="938" y1="938"/>
<Row x0="102" x1="1226" y0="980" y1="980"/>
<Row x0="102" x1="1226" y0="1017" y1="1017"/>
<Row x0="102" x1="1226" y0="1068" y1="1068"/>
<Column x0="651" x1="651" y0="534" y1="1130"/>
<Column x0="775" x1="775" y0="534" y1="1130"/>
<Column x0="912" x1="912" y0="534" y1="1130"/>
<Column x0="1045" x1="1045" y0="534" y1="1130"/>
<Cell dontCare="false" endCol="0" endRow="0" startCol="0" startRow="0" x0="102" x1="651" y0="534" y1="611">(64769,257,257)</Cell>
<Cell dontCare="false" endCol="2" endRow="0" startCol="1" startRow="0" x0="651" x1="912" y0="534" y1="611">(64769,257,515)</Cell>
<Cell dontCare="true" endCol="2" endRow="0" startCol="2" startRow="0" x0="775" x1="912" y0="534" y1="611">(64769,257,771)</Cell>
<Cell dontCare="false" endCol="4" endRow="0" startCol="3" startRow="0" x0="912" x1="1226" y0="534" y1="611">(64769,257,1029)</Cell>
<Cell dontCare="true" endCol="4" endRow="0" startCol="4" startRow="0" x0="1045" x1="1226" y0="534" y1="611">(64769,257,1285)</Cell>
<Cell dontCare="false" endCol="0" endRow="1" startCol="0" startRow="1" x0="102" x1="651" y0="611" y1="662">(64769,514,257)</Cell>
<Cell dontCare="false" endCol="1" endRow="1" startCol="1" startRow="1" x0="651" x1="775" y0="611" y1="662">(64769,514,514)</Cell>
<Cell dontCare="false" endCol="2" endRow="1" startCol="2" startRow="1" x0="775" x1="912" y0="611" y1="662">(64769,514,771)</Cell>
<Cell dontCare="false" endCol="3" endRow="1" startCol="3" startRow="1" x0="912" x1="1045" y0="611" y1="662">(64769,514,1028)</Cell>
<Cell dontCare="false" endCol="4" endRow="1" startCol="4" startRow="1" x0="1045" x1="1226" y0="611" y1="662">(64769,514,1285)</Cell>
<Cell dontCare="false" endCol="0" endRow="2" startCol="0" startRow="2" x0="102" x1="651" y0="662" y1="721">(64769,771,257)</Cell>
<Cell dontCare="false" endCol="1" endRow="2" startCol="1" startRow="2" x0="651" x1="775" y0="662" y1="721">(64769,771,514)</Cell>
<Cell dontCare="false" endCol="2" endRow="2" startCol="2" startRow="2" x0="775" x1="912" y0="662" y1="721">(64769,771,771)</Cell>
<Cell dontCare="false" endCol="3" endRow="2" startCol="3" startRow="2" x0="912" x1="1045" y0="662" y1="721">(64769,771,1028)</Cell>
<Cell dontCare="false" endCol="4" endRow="2" startCol="4" startRow="2" x0="1045" x1="1226" y0="662" y1="721">(64769,771,1285)</Cell>
<Cell dontCare="false" endCol="0" endRow="3" startCol="0" startRow="3" x0="102" x1="651" y0="721" y1="768">(64769,1028,257)</Cell>
<Cell dontCare="false" endCol="1" endRow="3" startCol="1" startRow="3" x0="651" x1="775" y0="721" y1="768">(64769,1028,514)</Cell>
<Cell dontCare="false" endCol="2" endRow="3" startCol="2" startRow="3" x0="775" x1="912" y0="721" y1="768">(64769,1028,771)</Cell>
<Cell dontCare="false" endCol="3" endRow="3" startCol="3" startRow="3" x0="912" x1="1045" y0="721" y1="768">(64769,1028,1028)</Cell>
<Cell dontCare="false" endCol="4" endRow="3" startCol="4" startRow="3" x0="1045" x1="1226" y0="721" y1="768">(64769,1028,1285)</Cell>
<Cell dontCare="false" endCol="0" endRow="4" startCol="0" startRow="4" x0="102" x1="651" y0="768" y1="805">(64769,1285,257)</Cell>
<Cell dontCare="false" endCol="1" endRow="4" startCol="1" startRow="4" x0="651" x1="775" y0="768" y1="805">(64769,1285,514)</Cell>
<Cell dontCare="false" endCol="2" endRow="4" startCol="2" startRow="4" x0="775" x1="912" y0="768" y1="805">(64769,1285,771)</Cell>
<Cell dontCare="false" endCol="3" endRow="4" startCol="3" startRow="4" x0="912" x1="1045" y0="768" y1="805">(64769,1285,1028)</Cell>
<Cell dontCare="false" endCol="4" endRow="4" startCol="4" startRow="4" x0="1045" x1="1226" y0="768" y1="805">(64769,1285,1285)</Cell>
<Cell dontCare="false" endCol="0" endRow="5" startCol="0" startRow="5" x0="102" x1="651" y0="805" y1="848">(64769,1542,257)</Cell>
<Cell dontCare="false" endCol="1" endRow="5" startCol="1" startRow="5" x0="651" x1="775" y0="805" y1="848">(64769,1542,514)</Cell>
<Cell dontCare="false" endCol="2" endRow="5" startCol="2" startRow="5" x0="775" x1="912" y0="805" y1="848">(64769,1542,771)</Cell>
<Cell dontCare="false" endCol="3" endRow="5" startCol="3" startRow="5" x0="912" x1="1045" y0="805" y1="848">(64769,1542,1028)</Cell>
<Cell dontCare="false" endCol="4" endRow="5" startCol="4" startRow="5" x0="1045" x1="1226" y0="805" y1="848">(64769,1542,1285)</Cell>
<Cell dontCare="false" endCol="0" endRow="6" startCol="0" startRow="6" x0="102" x1="651" y0="848" y1="894">(64769,1799,257)</Cell>
<Cell dontCare="false" endCol="1" endRow="6" startCol="1" startRow="6" x0="651" x1="775" y0="848" y1="894">(64769,1799,514)</Cell>
<Cell dontCare="false" endCol="2" endRow="6" startCol="2" startRow="6" x0="775" x1="912" y0="848" y1="894">(64769,1799,771)</Cell>
<Cell dontCare="false" endCol="3" endRow="6" startCol="3" startRow="6" x0="912" x1="1045" y0="848" y1="894">(64769,1799,1028)</Cell>
<Cell dontCare="false" endCol="4" endRow="6" startCol="4" startRow="6" x0="1045" x1="1226" y0="848" y1="894">(64769,1799,1285)</Cell>
<Cell dontCare="false" endCol="0" endRow="7" startCol="0" startRow="7" x0="102" x1="651" y0="894" y1="938">(64769,2056,257)</Cell>
<Cell dontCare="false" endCol="1" endRow="7" startCol="1" startRow="7" x0="651" x1="775" y0="894" y1="938">(64769,2056,514)</Cell>
<Cell dontCare="false" endCol="2" endRow="7" startCol="2" startRow="7" x0="775" x1="912" y0="894" y1="938">(64769,2056,771)</Cell>
<Cell dontCare="false" endCol="3" endRow="7" startCol="3" startRow="7" x0="912" x1="1045" y0="894" y1="938">(64769,2056,1028)</Cell>
<Cell dontCare="false" endCol="4" endRow="7" startCol="4" startRow="7" x0="1045" x1="1226" y0="894" y1="938">(64769,2056,1285)</Cell>
<Cell dontCare="false" endCol="0" endRow="8" startCol="0" startRow="8" x0="102" x1="651" y0="938" y1="980">(64769,2313,257)</Cell>
<Cell dontCare="false" endCol="1" endRow="8" startCol="1" startRow="8" x0="651" x1="775" y0="938" y1="980">(64769,2313,514)</Cell>
<Cell dontCare="false" endCol="2" endRow="8" startCol="2" startRow="8" x0="775" x1="912" y0="938" y1="980">(64769,2313,771)</Cell>
<Cell dontCare="false" endCol="3" endRow="8" startCol="3" startRow="8" x0="912" x1="1045" y0="938" y1="980">(64769,2313,1028)</Cell>
<Cell dontCare="false" endCol="4" endRow="8" startCol="4" startRow="8" x0="1045" x1="1226" y0="938" y1="980">(64769,2313,1285)</Cell>
<Cell dontCare="false" endCol="0" endRow="9" startCol="0" startRow="9" x0="102" x1="651" y0="980" y1="1017">(64769,2570,257)</Cell>
<Cell dontCare="false" endCol="1" endRow="9" startCol="1" startRow="9" x0="651" x1="775" y0="980" y1="1017">(64769,2570,514)</Cell>
<Cell dontCare="false" endCol="2" endRow="9" startCol="2" startRow="9" x0="775" x1="912" y0="980" y1="1017">(64769,2570,771)</Cell>
<Cell dontCare="false" endCol="3" endRow="9" startCol="3" startRow="9" x0="912" x1="1045" y0="980" y1="1017">(64769,2570,1028)</Cell>
<Cell dontCare="false" endCol="4" endRow="9" startCol="4" startRow="9" x0="1045" x1="1226" y0="980" y1="1017">(64769,2570,1285)</Cell>
<Cell dontCare="false" endCol="0" endRow="10" startCol="0" startRow="10" x0="102" x1="651" y0="1017" y1="1068">(64769,2827,257)</Cell>
<Cell dontCare="false" endCol="1" endRow="10" startCol="1" startRow="10" x0="651" x1="775" y0="1017" y1="1068">(64769,2827,514)</Cell>
<Cell dontCare="false" endCol="2" endRow="10" startCol="2" startRow="10" x0="775" x1="912" y0="1017" y1="1068">(64769,2827,771)</Cell>
<Cell dontCare="false" endCol="3" endRow="10" startCol="3" startRow="10" x0="912" x1="1045" y0="1017" y1="1068">(64769,2827,1028)</Cell>
<Cell dontCare="false" endCol="4" endRow="10" startCol="4" startRow="10" x0="1045" x1="1226" y0="1017" y1="1068">(64769,2827,1285)</Cell>
<Cell dontCare="false" endCol="0" endRow="11" startCol="0" startRow="11" x0="102" x1="651" y0="1068" y1="1130">(64769,3084,257)</Cell>
<Cell dontCare="false" endCol="1" endRow="11" startCol="1" startRow="11" x0="651" x1="775" y0="1068" y1="1130">(64769,3084,514)</Cell>
<Cell dontCare="false" endCol="2" endRow="11" startCol="2" startRow="11" x0="775" x1="912" y0="1068" y1="1130">(64769,3084,771)</Cell>
<Cell dontCare="false" endCol="3" endRow="11" startCol="3" startRow="11" x0="912" x1="1045" y0="1068" y1="1130">(64769,3084,1028)</Cell>
<Cell dontCare="false" endCol="4" endRow="11" startCol="4" startRow="11" x0="1045" x1="1226" y0="1068" y1="1130">(64769,3084,1285)</Cell>
</Table>
<Table x0="114" x1="1202" y0="2072" y1="2326">
<Row x0="114" x1="1202" y0="2142" y1="2142"/>
<Row x0="114" x1="1202" y0="2200" y1="2200"/>
<Row x0="114" x1="1202" y0="2250" y1="2250"/>
<Column x0="675" x1="675" y0="2072" y1="2326"/>
<Column x0="835" x1="835" y0="2072" y1="2326"/>
<Column x0="1007" x1="1007" y0="2072" y1="2326"/>
<Cell dontCare="false" endCol="0" endRow="0" startCol="0" startRow="0" x0="114" x1="675" y0="2072" y1="2142">(64770,257,257)</Cell>
<Cell dontCare="false" endCol="1" endRow="0" startCol="1" startRow="0" x0="675" x1="835" y0="2072" y1="2142">(64770,257,514)</Cell>
<Cell dontCare="false" endCol="2" endRow="0" startCol="2" startRow="0" x0="835" x1="1007" y0="2072" y1="2142">(64770,257,771)</Cell>
<Cell dontCare="false" endCol="3" endRow="0" startCol="3" startRow="0" x0="1007" x1="1202" y0="2072" y1="2142">(64770,257,1028)</Cell>
<Cell dontCare="false" endCol="0" endRow="1" startCol="0" startRow="1" x0="114" x1="675" y0="2142" y1="2200">(64770,514,257)</Cell>
<Cell dontCare="false" endCol="1" endRow="1" startCol="1" startRow="1" x0="675" x1="835" y0="2142" y1="2200">(64770,514,514)</Cell>
<Cell dontCare="false" endCol="2" endRow="1" startCol="2" startRow="1" x0="835" x1="1007" y0="2142" y1="2200">(64770,514,771)</Cell>
<Cell dontCare="false" endCol="3" endRow="1" startCol="3" startRow="1" x0="1007" x1="1202" y0="2142" y1="2200">(64770,514,1028)</Cell>
<Cell dontCare="false" endCol="0" endRow="2" startCol="0" startRow="2" x0="114" x1="675" y0="2200" y1="2250">(64770,771,257)</Cell>
<Cell dontCare="false" endCol="1" endRow="2" startCol="1" startRow="2" x0="675" x1="835" y0="2200" y1="2250">(64770,771,514)</Cell>
<Cell dontCare="false" endCol="2" endRow="2" startCol="2" startRow="2" x0="835" x1="1007" y0="2200" y1="2250">(64770,771,771)</Cell>
<Cell dontCare="false" endCol="3" endRow="2" startCol="3" startRow="2" x0="1007" x1="1202" y0="2200" y1="2250">(64770,771,1028)</Cell>
<Cell dontCare="false" endCol="0" endRow="3" startCol="0" startRow="3" x0="114" x1="675" y0="2250" y1="2326">(64770,1028,257)</Cell>
<Cell dontCare="false" endCol="1" endRow="3" startCol="1" startRow="3" x0="675" x1="835" y0="2250" y1="2326">(64770,1028,514)</Cell>
<Cell dontCare="false" endCol="2" endRow="3" startCol="2" startRow="3" x0="835" x1="1007" y0="2250" y1="2326">(64770,1028,771)</Cell>
<Cell dontCare="false" endCol="3" endRow="3" startCol="3" startRow="3" x0="1007" x1="1202" y0="2250" y1="2326">(64770,1028,1028)</Cell>
</Table>
<Table x0="94" x1="1200" y0="2498" y1="2960">
<Row x0="94" x1="1200" y0="2576" y1="2576"/>
<Row x0="94" x1="1200" y0="2668" y1="2668"/>
<Row x0="94" x1="1200" y0="2745" y1="2745"/>
<Row x0="94" x1="1200" y0="2788" y1="2788"/>
<Row x0="94" x1="1200" y0="2830" y1="2830"/>
<Row x0="94" x1="1200" y0="2871" y1="2871"/>
<Row x0="94" x1="1200" y0="2911" y1="2911"/>
<Column x0="677" x1="677" y0="2498" y1="2960"/>
<Column x0="937" x1="937" y0="2498" y1="2960"/>
<Cell dontCare="false" endCol="0" endRow="0" startCol="0" startRow="0" x0="94" x1="677" y0="2498" y1="2576">(64771,257,257)</Cell>
<Cell dontCare="false" endCol="2" endRow="0" startCol="1" startRow="0" x0="677" x1="1200" y0="2498" y1="2576">(64771,257,515)</Cell>
<Cell dontCare="true" endCol="2" endRow="0" startCol="2" startRow="0" x0="937" x1="1200" y0="2498" y1="2576">(64771,257,771)</Cell>
<Cell dontCare="false" endCol="0" endRow="1" startCol="0" startRow="1" x0="94" x1="677" y0="2576" y1="2668">(64771,514,257)</Cell>
<Cell dontCare="false" endCol="1" endRow="1" startCol="1" startRow="1" x0="677" x1="937" y0="2576" y1="2668">(64771,514,514)</Cell>
<Cell dontCare="false" endCol="2" endRow="1" startCol="2" startRow="1" x0="937" x1="1200" y0="2576" y1="2668">(64771,514,771)</Cell>
<Cell dontCare="false" endCol="0" endRow="2" startCol="0" startRow="2" x0="94" x1="677" y0="2668" y1="2745">(64771,771,257)</Cell>
<Cell dontCare="false" endCol="1" endRow="2" startCol="1" startRow="2" x0="677" x1="937" y0="2668" y1="2745">(64771,771,514)</Cell>
<Cell dontCare="false" endCol="2" endRow="2" startCol="2" startRow="2" x0="937" x1="1200" y0="2668" y1="2745">(64771,771,771)</Cell>
<Cell dontCare="false" endCol="0" endRow="3" startCol="0" startRow="3" x0="94" x1="677" y0="2745" y1="2788">(64771,1028,257)</Cell>
<Cell dontCare="false" endCol="1" endRow="3" startCol="1" startRow="3" x0="677" x1="937" y0="2745" y1="2788">(64771,1028,514)</Cell>
<Cell dontCare="false" endCol="2" endRow="3" startCol="2" startRow="3" x0="937" x1="1200" y0="2745" y1="2788">(64771,1028,771)</Cell>
<Cell dontCare="false" endCol="0" endRow="4" startCol="0" startRow="4" x0="94" x1="677" y0="2788" y1="2830">(64771,1285,257)</Cell>
<Cell dontCare="false" endCol="1" endRow="4" startCol="1" startRow="4" x0="677" x1="937" y0="2788" y1="2830">(64771,1285,514)</Cell>
<Cell dontCare="false" endCol="2" endRow="4" startCol="2" startRow="4" x0="937" x1="1200" y0="2788" y1="2830">(64771,1285,771)</Cell>
<Cell dontCare="false" endCol="0" endRow="5" startCol="0" startRow="5" x0="94" x1="677" y0="2830" y1="2871">(64771,1542,257)</Cell>
<Cell dontCare="false" endCol="1" endRow="5" startCol="1" startRow="5" x0="677" x1="937" y0="2830" y1="2871">(64771,1542,514)</Cell>
<Cell dontCare="false" endCol="2" endRow="5" startCol="2" startRow="5" x0="937" x1="1200" y0="2830" y1="2871">(64771,1542,771)</Cell>
<Cell dontCare="false" endCol="0" endRow="6" startCol="0" startRow="6" x0="94" x1="677" y0="2871" y1="2911">(64771,1799,257)</Cell>
<Cell dontCare="false" endCol="1" endRow="6" startCol="1" startRow="6" x0="677" x1="937" y0="2871" y1="2911">(64771,1799,514)</Cell>
<Cell dontCare="false" endCol="2" endRow="6" startCol="2" startRow="6" x0="937" x1="1200" y0="2871" y1="2911">(64771,1799,771)</Cell>
<Cell dontCare="false" endCol="0" endRow="7" startCol="0" startRow="7" x0="94" x1="677" y0="2911" y1="2960">(64771,2056,257)</Cell>
<Cell dontCare="false" endCol="1" endRow="7" startCol="1" startRow="7" x0="677" x1="937" y0="2911" y1="2960">(64771,2056,514)</Cell>
<Cell dontCare="false" endCol="2" endRow="7" startCol="2" startRow="7" x0="937" x1="1200" y0="2911" y1="2960">(64771,2056,771)</Cell>
</Table>
</Tables>
</GroundTruth>
