<?xml version="1.0" encoding="UTF-8" standalone="no"?>
<GroundTruth InputFile="C:\Dokumente und Einstellungen\mehmood\Desktop\dataset\skew_corrected\unlv_tables_bin_test\9510_031.png">
<Tables>
<Table x0="88" x1="1178" y0="2068" y1="2496">
<Row x0="88" x1="1178" y0="2118" y1="2118"/>
<Row x0="88" x1="1178" y0="2175" y1="2175"/>
<Row x0="88" x1="1178" y0="2221" y1="2221"/>
<Row x0="88" x1="1178" y0="2257" y1="2257"/>
<Row x0="88" x1="1178" y0="2301" y1="2301"/>
<Row x0="88" x1="1178" y0="2338" y1="2338"/>
<Row x0="88" x1="1178" y0="2385" y1="2385"/>
<Row x0="88" x1="1178" y0="2431" y1="2431"/>
<Column x0="661" x1="661" y0="2068" y1="2496"/>
<Column x0="1022" x1="1022" y0="2068" y1="2496"/>
<Cell dontCare="false" endCol="0" endRow="0" startCol="0" startRow="0" x0="88" x1="661" y0="2068" y1="2118">(64769,257,257)</Cell>
<Cell dontCare="false" endCol="1" endRow="0" startCol="1" startRow="0" x0="661" x1="1022" y0="2068" y1="2118">(64769,257,514)</Cell>
<Cell dontCare="false" endCol="2" endRow="0" startCol="2" startRow="0" x0="1022" x1="1178" y0="2068" y1="2118">(64769,257,771)</Cell>
<Cell dontCare="false" endCol="0" endRow="1" startCol="0" startRow="1" x0="88" x1="661" y0="2118" y1="2175">(64769,514,257)</Cell>
<Cell dontCare="false" endCol="1" endRow="1" startCol="1" startRow="1" x0="661" x1="1022" y0="2118" y1="2175">(64769,514,514)</Cell>
<Cell dontCare="false" endCol="2" endRow="1" startCol="2" startRow="1" x0="1022" x1="1178" y0="2118" y1="2175">(64769,514,771)</Cell>
<Cell dontCare="false" endCol="0" endRow="2" startCol="0" startRow="2" x0="88" x1="661" y0="2175" y1="2221">(64769,771,257)</Cell>
<Cell dontCare="false" endCol="1" endRow="2" startCol="1" startRow="2" x0="661" x1="1022" y0="2175" y1="2221">(64769,771,514)</Cell>
<Cell dontCare="false" endCol="2" endRow="2" startCol="2" startRow="2" x0="1022" x1="1178" y0="2175" y1="2221">(64769,771,771)</Cell>
<Cell dontCare="false" endCol="0" endRow="3" startCol="0" startRow="3" x0="88" x1="661" y0="2221" y1="2257">(64769,1028,257)</Cell>
<Cell dontCare="false" endCol="1" endRow="3" startCol="1" startRow="3" x0="661" x1="1022" y0="2221" y1="2257">(64769,1028,514)</Cell>
<Cell dontCare="false" endCol="2" endRow="3" startCol="2" startRow="3" x0="1022" x1="1178" y0="2221" y1="2257">(64769,1028,771)</Cell>
<Cell dontCare="false" endCol="0" endRow="4" startCol="0" startRow="4" x0="88" x1="661" y0="2257" y1="2301">(64769,1285,257)</Cell>
<Cell dontCare="false" endCol="1" endRow="4" startCol="1" startRow="4" x0="661" x1="1022" y0="2257" y1="2301">(64769,1285,514)</Cell>
<Cell dontCare="false" endCol="2" endRow="4" startCol="2" startRow="4" x0="1022" x1="1178" y0="2257" y1="2301">(64769,1285,771)</Cell>
<Cell dontCare="false" endCol="0" endRow="5" startCol="0" startRow="5" x0="88" x1="661" y0="2301" y1="2338">(64769,1542,257)</Cell>
<Cell dontCare="false" endCol="1" endRow="5" startCol="1" startRow="5" x0="661" x1="1022" y0="2301" y1="2338">(64769,1542,514)</Cell>
<Cell dontCare="false" endCol="2" endRow="5" startCol="2" startRow="5" x0="1022" x1="1178" y0="2301" y1="2338">(64769,1542,771)</Cell>
<Cell dontCare="false" endCol="0" endRow="6" startCol="0" startRow="6" x0="88" x1="661" y0="2338" y1="2385">(64769,1799,257)</Cell>
<Cell dontCare="false" endCol="1" endRow="6" startCol="1" startRow="6" x0="661" x1="1022" y0="2338" y1="2385">(64769,1799,514)</Cell>
<Cell dontCare="false" endCol="2" endRow="6" startCol="2" startRow="6" x0="1022" x1="1178" y0="2338" y1="2385">(64769,1799,771)</Cell>
<Cell dontCare="false" endCol="0" endRow="7" startCol="0" startRow="7" x0="88" x1="661" y0="2385" y1="2431">(64769,2056,257)</Cell>
<Cell dontCare="false" endCol="1" endRow="7" startCol="1" startRow="7" x0="661" x1="1022" y0="2385" y1="2431">(64769,2056,514)</Cell>
<Cell dontCare="false" endCol="2" endRow="7" startCol="2" startRow="7" x0="1022" x1="1178" y0="2385" y1="2431">(64769,2056,771)</Cell>
<Cell dontCare="false" endCol="0" endRow="8" startCol="0" startRow="8" x0="88" x1="661" y0="2431" y1="2496">(64769,2313,257)</Cell>
<Cell dontCare="false" endCol="1" endRow="8" startCol="1" startRow="8" x0="661" x1="1022" y0="2431" y1="2496">(64769,2313,514)</Cell>
<Cell dontCare="false" endCol="2" endRow="8" startCol="2" startRow="8" x0="1022" x1="1178" y0="2431" y1="2496">(64769,2313,771)</Cell>
</Table>
<Table x0="90" x1="1176" y0="2616" y1="2948">
<Row x0="90" x1="1176" y0="2665" y1="2665"/>
<Row x0="90" x1="1176" y0="2717" y1="2717"/>
<Row x0="90" x1="1176" y0="2758" y1="2758"/>
<Row x0="90" x1="1176" y0="2798" y1="2798"/>
<Row x0="90" x1="1176" y0="2838" y1="2838"/>
<Row x0="90" x1="1176" y0="2891" y1="2891"/>
<Column x0="565" x1="565" y0="2616" y1="2948"/>
<Column x0="892" x1="892" y0="2616" y1="2948"/>
<Column x0="1035" x1="1035" y0="2616" y1="2948"/>
<Cell dontCare="false" endCol="0" endRow="0" startCol="0" startRow="0" x0="90" x1="565" y0="2616" y1="2665">(64770,257,257)</Cell>
<Cell dontCare="false" endCol="1" endRow="0" startCol="1" startRow="0" x0="565" x1="892" y0="2616" y1="2665">(64770,257,514)</Cell>
<Cell dontCare="false" endCol="2" endRow="0" startCol="2" startRow="0" x0="892" x1="1035" y0="2616" y1="2665">(64770,257,771)</Cell>
<Cell dontCare="false" endCol="3" endRow="0" startCol="3" startRow="0" x0="1035" x1="1176" y0="2616" y1="2665">(64770,257,1028)</Cell>
<Cell dontCare="false" endCol="0" endRow="1" startCol="0" startRow="1" x0="90" x1="565" y0="2665" y1="2717">(64770,514,257)</Cell>
<Cell dontCare="false" endCol="1" endRow="1" startCol="1" startRow="1" x0="565" x1="892" y0="2665" y1="2717">(64770,514,514)</Cell>
<Cell dontCare="false" endCol="2" endRow="1" startCol="2" startRow="1" x0="892" x1="1035" y0="2665" y1="2717">(64770,514,771)</Cell>
<Cell dontCare="false" endCol="3" endRow="1" startCol="3" startRow="1" x0="1035" x1="1176" y0="2665" y1="2717">(64770,514,1028)</Cell>
<Cell dontCare="false" endCol="0" endRow="2" startCol="0" startRow="2" x0="90" x1="565" y0="2717" y1="2758">(64770,771,257)</Cell>
<Cell dontCare="false" endCol="1" endRow="2" startCol="1" startRow="2" x0="565" x1="892" y0="2717" y1="2758">(64770,771,514)</Cell>
<Cell dontCare="false" endCol="2" endRow="2" startCol="2" startRow="2" x0="892" x1="1035" y0="2717" y1="2758">(64770,771,771)</Cell>
<Cell dontCare="false" endCol="3" endRow="2" startCol="3" startRow="2" x0="1035" x1="1176" y0="2717" y1="2758">(64770,771,1028)</Cell>
<Cell dontCare="false" endCol="0" endRow="3" startCol="0" startRow="3" x0="90" x1="565" y0="2758" y1="2798">(64770,1028,257)</Cell>
<Cell dontCare="false" endCol="1" endRow="3" startCol="1" startRow="3" x0="565" x1="892" y0="2758" y1="2798">(64770,1028,514)</Cell>
<Cell dontCare="false" endCol="2" endRow="3" startCol="2" startRow="3" x0="892" x1="1035" y0="2758" y1="2798">(64770,1028,771)</Cell>
<Cell dontCare="false" endCol="3" endRow="3" startCol="3" startRow="3" x0="1035" x1="1176" y0="2758" y1="2798">(64770,1028,1028)</Cell>
<Cell dontCare="false" endCol="0" endRow="4" startCol="0" startRow="4" x0="90" x1="565" y0="2798" y1="2838">(64770,1285,257)</Cell>
<Cell dontCare="false" endCol="1" endRow="4" startCol="1" startRow="4" x0="565" x1="892" y0="2798" y1="2838">(64770,1285,514)</Cell>
<Cell dontCare="false" endCol="2" endRow="4" startCol="2" startRow="4" x0="892" x1="1035" y0="2798" y1="2838">(64770,1285,771)</Cell>
<Cell dontCare="false" endCol="3" endRow="4" startCol="3" startRow="4" x0="1035" x1="1176" y0="2798" y1="2838">(64770,1285,1028)</Cell>
<Cell dontCare="false" endCol="0" endRow="5" startCol="0" startRow="5" x0="90" x1="565" y0="2838" y1="2891">(64770,1542,257)</Cell>
<Cell dontCare="false" endCol="1" endRow="5" startCol="1" startRow="5" x0="565" x1="892" y0="2838" y1="2891">(64770,1542,514)</Cell>
<Cell dontCare="false" endCol="2" endRow="5" startCol="2" startRow="5" x0="892" x1="1035" y0="2838" y1="2891">(64770,1542,771)</Cell>
<Cell dontCare="false" endCol="3" endRow="5" startCol="3" startRow="5" x0="1035" x1="1176" y0="2838" y1="2891">(64770,1542,1028)</Cell>
<Cell dontCare="false" endCol="0" endRow="6" startCol="0" startRow="6" x0="90" x1="565" y0="2891" y1="2948">(64770,1799,257)</Cell>
<Cell dontCare="false" endCol="1" endRow="6" startCol="1" startRow="6" x0="565" x1="892" y0="2891" y1="2948">(64770,1799,514)</Cell>
<Cell dontCare="false" endCol="2" endRow="6" startCol="2" startRow="6" x0="892" x1="1035" y0="2891" y1="2948">(64770,1799,771)</Cell>
<Cell dontCare="false" endCol="3" endRow="6" startCol="3" startRow="6" x0="1035" x1="1176" y0="2891" y1="2948">(64770,1799,1028)</Cell>
</Table>
<Table x0="1234" x1="2320" y0="2080" y1="2394">
<Row x0="1234" x1="2320" y0="2127" y1="2127"/>
<Row x0="1234" x1="2320" y0="2175" y1="2175"/>
<Row x0="1234" x1="2320" y0="2221" y1="2221"/>
<Row x0="1234" x1="2320" y0="2261" y1="2261"/>
<Row x0="1234" x1="2320" y0="2302" y1="2302"/>
<Row x0="1234" x1="2320" y0="2345" y1="2345"/>
<Column x0="1770" x1="1770" y0="2080" y1="2394"/>
<Column x0="1967" x1="1967" y0="2080" y1="2394"/>
<Column x0="2171" x1="2171" y0="2080" y1="2394"/>
<Cell dontCare="false" endCol="0" endRow="0" startCol="0" startRow="0" x0="1234" x1="1770" y0="2080" y1="2127">(64771,257,257)</Cell>
<Cell dontCare="false" endCol="1" endRow="0" startCol="1" startRow="0" x0="1770" x1="1967" y0="2080" y1="2127">(64771,257,514)</Cell>
<Cell dontCare="false" endCol="2" endRow="0" startCol="2" startRow="0" x0="1967" x1="2171" y0="2080" y1="2127">(64771,257,771)</Cell>
<Cell dontCare="false" endCol="3" endRow="0" startCol="3" startRow="0" x0="2171" x1="2320" y0="2080" y1="2127">(64771,257,1028)</Cell>
<Cell dontCare="false" endCol="0" endRow="1" startCol="0" startRow="1" x0="1234" x1="1770" y0="2127" y1="2175">(64771,514,257)</Cell>
<Cell dontCare="false" endCol="1" endRow="1" startCol="1" startRow="1" x0="1770" x1="1967" y0="2127" y1="2175">(64771,514,514)</Cell>
<Cell dontCare="false" endCol="2" endRow="1" startCol="2" startRow="1" x0="1967" x1="2171" y0="2127" y1="2175">(64771,514,771)</Cell>
<Cell dontCare="false" endCol="3" endRow="1" startCol="3" startRow="1" x0="2171" x1="2320" y0="2127" y1="2175">(64771,514,1028)</Cell>
<Cell dontCare="false" endCol="0" endRow="2" startCol="0" startRow="2" x0="1234" x1="1770" y0="2175" y1="2221">(64771,771,257)</Cell>
<Cell dontCare="false" endCol="1" endRow="2" startCol="1" startRow="2" x0="1770" x1="1967" y0="2175" y1="2221">(64771,771,514)</Cell>
<Cell dontCare="false" endCol="2" endRow="2" startCol="2" startRow="2" x0="1967" x1="2171" y0="2175" y1="2221">(64771,771,771)</Cell>
<Cell dontCare="false" endCol="3" endRow="2" startCol="3" startRow="2" x0="2171" x1="2320" y0="2175" y1="2221">(64771,771,1028)</Cell>
<Cell dontCare="false" endCol="3" endRow="3" startCol="0" startRow="3" x0="1234" x1="2320" y0="2221" y1="2261">(64771,1028,260)</Cell>
<Cell dontCare="true" endCol="1" endRow="3" startCol="1" startRow="3" x0="1770" x1="1967" y0="2221" y1="2261">(64771,1028,514)</Cell>
<Cell dontCare="true" endCol="2" endRow="3" startCol="2" startRow="3" x0="1967" x1="2171" y0="2221" y1="2261">(64771,1028,771)</Cell>
<Cell dontCare="true" endCol="3" endRow="3" startCol="3" startRow="3" x0="2171" x1="2320" y0="2221" y1="2261">(64771,1028,1028)</Cell>
<Cell dontCare="false" endCol="0" endRow="4" startCol="0" startRow="4" x0="1234" x1="1770" y0="2261" y1="2302">(64771,1285,257)</Cell>
<Cell dontCare="false" endCol="1" endRow="4" startCol="1" startRow="4" x0="1770" x1="1967" y0="2261" y1="2302">(64771,1285,514)</Cell>
<Cell dontCare="false" endCol="2" endRow="4" startCol="2" startRow="4" x0="1967" x1="2171" y0="2261" y1="2302">(64771,1285,771)</Cell>
<Cell dontCare="false" endCol="3" endRow="4" startCol="3" startRow="4" x0="2171" x1="2320" y0="2261" y1="2302">(64771,1285,1028)</Cell>
<Cell dontCare="false" endCol="0" endRow="5" startCol="0" startRow="5" x0="1234" x1="1770" y0="2302" y1="2345">(64771,1542,257)</Cell>
<Cell dontCare="false" endCol="1" endRow="5" startCol="1" startRow="5" x0="1770" x1="1967" y0="2302" y1="2345">(64771,1542,514)</Cell>
<Cell dontCare="false" endCol="2" endRow="5" startCol="2" startRow="5" x0="1967" x1="2171" y0="2302" y1="2345">(64771,1542,771)</Cell>
<Cell dontCare="false" endCol="3" endRow="5" startCol="3" startRow="5" x0="2171" x1="2320" y0="2302" y1="2345">(64771,1542,1028)</Cell>
<Cell dontCare="false" endCol="0" endRow="6" startCol="0" startRow="6" x0="1234" x1="1770" y0="2345" y1="2394">(64771,1799,257)</Cell>
<Cell dontCare="false" endCol="1" endRow="6" startCol="1" startRow="6" x0="1770" x1="1967" y0="2345" y1="2394">(64771,1799,514)</Cell>
<Cell dontCare="false" endCol="2" endRow="6" startCol="2" startRow="6" x0="1967" x1="2171" y0="2345" y1="2394">(64771,1799,771)</Cell>
<Cell dontCare="false" endCol="3" endRow="6" startCol="3" startRow="6" x0="2171" x1="2320" y0="2345" y1="2394">(64771,1799,1028)</Cell>
</Table>
<Table x0="1208" x1="2294" y0="2502" y1="2648">
<Row x0="1208" x1="2294" y0="2555" y1="2555"/>
<Row x0="1208" x1="2294" y0="2604" y1="2604"/>
<Column x0="1731" x1="1731" y0="2502" y1="2648"/>
<Column x0="1982" x1="1982" y0="2502" y1="2648"/>
<Column x0="2141" x1="2141" y0="2502" y1="2648"/>
<Cell dontCare="false" endCol="0" endRow="0" startCol="0" startRow="0" x0="1208" x1="1731" y0="2502" y1="2555">(64772,257,257)</Cell>
<Cell dontCare="false" endCol="1" endRow="0" startCol="1" startRow="0" x0="1731" x1="1982" y0="2502" y1="2555">(64772,257,514)</Cell>
<Cell dontCare="false" endCol="2" endRow="0" startCol="2" startRow="0" x0="1982" x1="2141" y0="2502" y1="2555">(64772,257,771)</Cell>
<Cell dontCare="false" endCol="3" endRow="0" startCol="3" startRow="0" x0="2141" x1="2294" y0="2502" y1="2555">(64772,257,1028)</Cell>
<Cell dontCare="false" endCol="0" endRow="1" startCol="0" startRow="1" x0="1208" x1="1731" y0="2555" y1="2604">(64772,514,257)</Cell>
<Cell dontCare="false" endCol="1" endRow="1" startCol="1" startRow="1" x0="1731" x1="1982" y0="2555" y1="2604">(64772,514,514)</Cell>
<Cell dontCare="false" endCol="2" endRow="1" startCol="2" startRow="1" x0="1982" x1="2141" y0="2555" y1="2604">(64772,514,771)</Cell>
<Cell dontCare="false" endCol="3" endRow="1" startCol="3" startRow="1" x0="2141" x1="2294" y0="2555" y1="2604">(64772,514,1028)</Cell>
<Cell dontCare="false" endCol="0" endRow="2" startCol="0" startRow="2" x0="1208" x1="1731" y0="2604" y1="2648">(64772,771,257)</Cell>
<Cell dontCare="false" endCol="1" endRow="2" startCol="1" startRow="2" x0="1731" x1="1982" y0="2604" y1="2648">(64772,771,514)</Cell>
<Cell dontCare="false" endCol="2" endRow="2" startCol="2" startRow="2" x0="1982" x1="2141" y0="2604" y1="2648">(64772,771,771)</Cell>
<Cell dontCare="false" endCol="3" endRow="2" startCol="3" startRow="2" x0="2141" x1="2294" y0="2604" y1="2648">(64772,771,1028)</Cell>
</Table>
</Tables>
</GroundTruth>
