<?xml version="1.0" encoding="UTF-8" standalone="no"?>
<GroundTruth InputFile="C:\Dokumente und Einstellungen\mehmood\Desktop\dataset\skew_corrected\unlv_tables_bin_test\9511_031.png">
<Tables>
<Table x0="136" x1="1194" y0="1934" y1="2184">
<Row x0="136" x1="1194" y0="2008" y1="2008"/>
<Row x0="136" x1="1194" y0="2062" y1="2062"/>
<Row x0="136" x1="1194" y0="2115" y1="2115"/>
<Column x0="724" x1="724" y0="1934" y1="2184"/>
<Column x0="897" x1="897" y0="1934" y1="2184"/>
<Column x0="1051" x1="1051" y0="1934" y1="2184"/>
<Cell dontCare="false" endCol="0" endRow="0" startCol="0" startRow="0" x0="136" x1="724" y0="1934" y1="2008">(64769,257,257)</Cell>
<Cell dontCare="false" endCol="1" endRow="0" startCol="1" startRow="0" x0="724" x1="897" y0="1934" y1="2008">(64769,257,514)</Cell>
<Cell dontCare="false" endCol="2" endRow="0" startCol="2" startRow="0" x0="897" x1="1051" y0="1934" y1="2008">(64769,257,771)</Cell>
<Cell dontCare="false" endCol="3" endRow="0" startCol="3" startRow="0" x0="1051" x1="1194" y0="1934" y1="2008">(64769,257,1028)</Cell>
<Cell dontCare="false" endCol="3" endRow="1" startCol="0" startRow="1" x0="136" x1="1194" y0="2008" y1="2062">(64769,514,260)</Cell>
<Cell dontCare="true" endCol="1" endRow="1" startCol="1" startRow="1" x0="724" x1="897" y0="2008" y1="2062">(64769,514,514)</Cell>
<Cell dontCare="true" endCol="2" endRow="1" startCol="2" startRow="1" x0="897" x1="1051" y0="2008" y1="2062">(64769,514,771)</Cell>
<Cell dontCare="true" endCol="3" endRow="1" startCol="3" startRow="1" x0="1051" x1="1194" y0="2008" y1="2062">(64769,514,1028)</Cell>
<Cell dontCare="false" endCol="0" endRow="2" startCol="0" startRow="2" x0="136" x1="724" y0="2062" y1="2115">(64769,771,257)</Cell>
<Cell dontCare="false" endCol="1" endRow="2" startCol="1" startRow="2" x0="724" x1="897" y0="2062" y1="2115">(64769,771,514)</Cell>
<Cell dontCare="false" endCol="2" endRow="2" startCol="2" startRow="2" x0="897" x1="1051" y0="2062" y1="2115">(64769,771,771)</Cell>
<Cell dontCare="false" endCol="3" endRow="2" startCol="3" startRow="2" x0="1051" x1="1194" y0="2062" y1="2115">(64769,771,1028)</Cell>
<Cell dontCare="false" endCol="0" endRow="3" startCol="0" startRow="3" x0="136" x1="724" y0="2115" y1="2184">(64769,1028,257)</Cell>
<Cell dontCare="false" endCol="1" endRow="3" startCol="1" startRow="3" x0="724" x1="897" y0="2115" y1="2184">(64769,1028,514)</Cell>
<Cell dontCare="false" endCol="2" endRow="3" startCol="2" startRow="3" x0="897" x1="1051" y0="2115" y1="2184">(64769,1028,771)</Cell>
<Cell dontCare="false" endCol="3" endRow="3" startCol="3" startRow="3" x0="1051" x1="1194" y0="2115" y1="2184">(64769,1028,1028)</Cell>
</Table>
</Tables>
</GroundTruth>
