<?xml version="1.0" encoding="UTF-8" standalone="no"?>
<GroundTruth InputFile="C:\Dokumente und Einstellungen\mehmood\Desktop\dataset\skew_corrected\unlv_tables_bin_test\9512_043.png">
<Tables>
<Table x0="53" x1="2310" y0="206" y1="2743">
<Row x0="53" x1="2310" y0="272" y1="272"/>
<Row x0="53" x1="2310" y0="328" y1="328"/>
<Row x0="53" x1="2310" y0="372" y1="372"/>
<Row x0="53" x1="2310" y0="430" y1="430"/>
<Row x0="53" x1="2310" y0="474" y1="474"/>
<Row x0="53" x1="2310" y0="528" y1="528"/>
<Row x0="53" x1="2310" y0="572" y1="572"/>
<Row x0="53" x1="2310" y0="628" y1="628"/>
<Row x0="53" x1="2310" y0="676" y1="676"/>
<Row x0="53" x1="2310" y0="778" y1="778"/>
<Row x0="53" x1="2310" y0="832" y1="832"/>
<Row x0="53" x1="2310" y0="872" y1="872"/>
<Row x0="53" x1="2310" y0="926" y1="926"/>
<Row x0="53" x1="2310" y0="984" y1="984"/>
<Row x0="53" x1="2310" y0="1076" y1="1076"/>
<Row x0="53" x1="2310" y0="1130" y1="1130"/>
<Row x0="53" x1="2310" y0="1168" y1="1168"/>
<Row x0="53" x1="2310" y0="1226" y1="1226"/>
<Row x0="53" x1="2310" y0="1280" y1="1280"/>
<Row x0="53" x1="2310" y0="1332" y1="1332"/>
<Row x0="53" x1="2310" y0="1380" y1="1380"/>
<Row x0="53" x1="2310" y0="1474" y1="1474"/>
<Row x0="53" x1="2310" y0="1528" y1="1528"/>
<Row x0="53" x1="2310" y0="1572" y1="1572"/>
<Row x0="53" x1="2310" y0="1624" y1="1624"/>
<Row x0="53" x1="2310" y0="1680" y1="1680"/>
<Row x0="53" x1="2310" y0="1728" y1="1728"/>
<Row x0="53" x1="2310" y0="1780" y1="1780"/>
<Row x0="53" x1="2310" y0="1834" y1="1834"/>
<Row x0="53" x1="2310" y0="1928" y1="1928"/>
<Row x0="53" x1="2310" y0="1978" y1="1978"/>
<Row x0="53" x1="2310" y0="2024" y1="2024"/>
<Row x0="53" x1="2310" y0="2068" y1="2068"/>
<Row x0="53" x1="2310" y0="2134" y1="2134"/>
<Row x0="53" x1="2310" y0="2226" y1="2226"/>
<Row x0="53" x1="2310" y0="2282" y1="2282"/>
<Row x0="53" x1="2310" y0="2322" y1="2322"/>
<Row x0="53" x1="2310" y0="2374" y1="2374"/>
<Row x0="53" x1="2310" y0="2438" y1="2438"/>
<Row x0="53" x1="2310" y0="2524" y1="2524"/>
<Row x0="53" x1="2310" y0="2580" y1="2580"/>
<Row x0="53" x1="2310" y0="2628" y1="2628"/>
<Row x0="53" x1="2310" y0="2674" y1="2674"/>
<Column x0="1453" x1="1453" y0="206" y1="2743"/>
<Column x0="1793" x1="1793" y0="206" y1="2743"/>
<Column x0="2050" x1="2050" y0="206" y1="2743"/>
<Cell dontCare="false" endCol="3" endRow="0" startCol="0" startRow="0" x0="53" x1="2310" y0="206" y1="272">(64769,257,260)</Cell>
<Cell dontCare="true" endCol="1" endRow="0" startCol="1" startRow="0" x0="1453" x1="1793" y0="206" y1="272">(64769,257,514)</Cell>
<Cell dontCare="true" endCol="2" endRow="0" startCol="2" startRow="0" x0="1793" x1="2050" y0="206" y1="272">(64769,257,771)</Cell>
<Cell dontCare="true" endCol="3" endRow="0" startCol="3" startRow="0" x0="2050" x1="2310" y0="206" y1="272">(64769,257,1028)</Cell>
<Cell dontCare="false" endCol="0" endRow="1" startCol="0" startRow="1" x0="53" x1="1453" y0="272" y1="328">(64769,514,257)</Cell>
<Cell dontCare="false" endCol="1" endRow="1" startCol="1" startRow="1" x0="1453" x1="1793" y0="272" y1="328">(64769,514,514)</Cell>
<Cell dontCare="false" endCol="2" endRow="1" startCol="2" startRow="1" x0="1793" x1="2050" y0="272" y1="328">(64769,514,771)</Cell>
<Cell dontCare="false" endCol="3" endRow="1" startCol="3" startRow="1" x0="2050" x1="2310" y0="272" y1="328">(64769,514,1028)</Cell>
<Cell dontCare="false" endCol="3" endRow="2" startCol="0" startRow="2" x0="53" x1="2310" y0="328" y1="372">(64769,771,260)</Cell>
<Cell dontCare="true" endCol="1" endRow="2" startCol="1" startRow="2" x0="1453" x1="1793" y0="328" y1="372">(64769,771,514)</Cell>
<Cell dontCare="true" endCol="2" endRow="2" startCol="2" startRow="2" x0="1793" x1="2050" y0="328" y1="372">(64769,771,771)</Cell>
<Cell dontCare="true" endCol="3" endRow="2" startCol="3" startRow="2" x0="2050" x1="2310" y0="328" y1="372">(64769,771,1028)</Cell>
<Cell dontCare="false" endCol="0" endRow="3" startCol="0" startRow="3" x0="53" x1="1453" y0="372" y1="430">(64769,1028,257)</Cell>
<Cell dontCare="false" endCol="1" endRow="3" startCol="1" startRow="3" x0="1453" x1="1793" y0="372" y1="430">(64769,1028,514)</Cell>
<Cell dontCare="false" endCol="2" endRow="3" startCol="2" startRow="3" x0="1793" x1="2050" y0="372" y1="430">(64769,1028,771)</Cell>
<Cell dontCare="false" endCol="3" endRow="3" startCol="3" startRow="3" x0="2050" x1="2310" y0="372" y1="430">(64769,1028,1028)</Cell>
<Cell dontCare="false" endCol="0" endRow="4" startCol="0" startRow="4" x0="53" x1="1453" y0="430" y1="474">(64769,1285,257)</Cell>
<Cell dontCare="false" endCol="1" endRow="4" startCol="1" startRow="4" x0="1453" x1="1793" y0="430" y1="474">(64769,1285,514)</Cell>
<Cell dontCare="false" endCol="2" endRow="4" startCol="2" startRow="4" x0="1793" x1="2050" y0="430" y1="474">(64769,1285,771)</Cell>
<Cell dontCare="false" endCol="3" endRow="4" startCol="3" startRow="4" x0="2050" x1="2310" y0="430" y1="474">(64769,1285,1028)</Cell>
<Cell dontCare="false" endCol="0" endRow="5" startCol="0" startRow="5" x0="53" x1="1453" y0="474" y1="528">(64769,1542,257)</Cell>
<Cell dontCare="false" endCol="1" endRow="5" startCol="1" startRow="5" x0="1453" x1="1793" y0="474" y1="528">(64769,1542,514)</Cell>
<Cell dontCare="false" endCol="2" endRow="5" startCol="2" startRow="5" x0="1793" x1="2050" y0="474" y1="528">(64769,1542,771)</Cell>
<Cell dontCare="false" endCol="3" endRow="5" startCol="3" startRow="5" x0="2050" x1="2310" y0="474" y1="528">(64769,1542,1028)</Cell>
<Cell dontCare="false" endCol="3" endRow="6" startCol="0" startRow="6" x0="53" x1="2310" y0="528" y1="572">(64769,1799,260)</Cell>
<Cell dontCare="true" endCol="1" endRow="6" startCol="1" startRow="6" x0="1453" x1="1793" y0="528" y1="572">(64769,1799,514)</Cell>
<Cell dontCare="true" endCol="2" endRow="6" startCol="2" startRow="6" x0="1793" x1="2050" y0="528" y1="572">(64769,1799,771)</Cell>
<Cell dontCare="true" endCol="3" endRow="6" startCol="3" startRow="6" x0="2050" x1="2310" y0="528" y1="572">(64769,1799,1028)</Cell>
<Cell dontCare="false" endCol="0" endRow="7" startCol="0" startRow="7" x0="53" x1="1453" y0="572" y1="628">(64769,2056,257)</Cell>
<Cell dontCare="false" endCol="1" endRow="7" startCol="1" startRow="7" x0="1453" x1="1793" y0="572" y1="628">(64769,2056,514)</Cell>
<Cell dontCare="false" endCol="2" endRow="7" startCol="2" startRow="7" x0="1793" x1="2050" y0="572" y1="628">(64769,2056,771)</Cell>
<Cell dontCare="false" endCol="3" endRow="7" startCol="3" startRow="7" x0="2050" x1="2310" y0="572" y1="628">(64769,2056,1028)</Cell>
<Cell dontCare="false" endCol="0" endRow="8" startCol="0" startRow="8" x0="53" x1="1453" y0="628" y1="676">(64769,2313,257)</Cell>
<Cell dontCare="false" endCol="1" endRow="8" startCol="1" startRow="8" x0="1453" x1="1793" y0="628" y1="676">(64769,2313,514)</Cell>
<Cell dontCare="false" endCol="2" endRow="8" startCol="2" startRow="8" x0="1793" x1="2050" y0="628" y1="676">(64769,2313,771)</Cell>
<Cell dontCare="false" endCol="3" endRow="8" startCol="3" startRow="8" x0="2050" x1="2310" y0="628" y1="676">(64769,2313,1028)</Cell>
<Cell dontCare="false" endCol="3" endRow="9" startCol="0" startRow="9" x0="53" x1="2310" y0="676" y1="778">(64769,2570,260)</Cell>
<Cell dontCare="true" endCol="1" endRow="9" startCol="1" startRow="9" x0="1453" x1="1793" y0="676" y1="778">(64769,2570,514)</Cell>
<Cell dontCare="true" endCol="2" endRow="9" startCol="2" startRow="9" x0="1793" x1="2050" y0="676" y1="778">(64769,2570,771)</Cell>
<Cell dontCare="true" endCol="3" endRow="9" startCol="3" startRow="9" x0="2050" x1="2310" y0="676" y1="778">(64769,2570,1028)</Cell>
<Cell dontCare="false" endCol="0" endRow="10" startCol="0" startRow="10" x0="53" x1="1453" y0="778" y1="832">(64769,2827,257)</Cell>
<Cell dontCare="false" endCol="1" endRow="10" startCol="1" startRow="10" x0="1453" x1="1793" y0="778" y1="832">(64769,2827,514)</Cell>
<Cell dontCare="false" endCol="2" endRow="10" startCol="2" startRow="10" x0="1793" x1="2050" y0="778" y1="832">(64769,2827,771)</Cell>
<Cell dontCare="false" endCol="3" endRow="10" startCol="3" startRow="10" x0="2050" x1="2310" y0="778" y1="832">(64769,2827,1028)</Cell>
<Cell dontCare="false" endCol="0" endRow="11" startCol="0" startRow="11" x0="53" x1="1453" y0="832" y1="872">(64769,3084,257)</Cell>
<Cell dontCare="false" endCol="1" endRow="11" startCol="1" startRow="11" x0="1453" x1="1793" y0="832" y1="872">(64769,3084,514)</Cell>
<Cell dontCare="false" endCol="2" endRow="11" startCol="2" startRow="11" x0="1793" x1="2050" y0="832" y1="872">(64769,3084,771)</Cell>
<Cell dontCare="false" endCol="3" endRow="11" startCol="3" startRow="11" x0="2050" x1="2310" y0="832" y1="872">(64769,3084,1028)</Cell>
<Cell dontCare="false" endCol="0" endRow="12" startCol="0" startRow="12" x0="53" x1="1453" y0="872" y1="926">(64769,3341,257)</Cell>
<Cell dontCare="false" endCol="1" endRow="12" startCol="1" startRow="12" x0="1453" x1="1793" y0="872" y1="926">(64769,3341,514)</Cell>
<Cell dontCare="false" endCol="2" endRow="12" startCol="2" startRow="12" x0="1793" x1="2050" y0="872" y1="926">(64769,3341,771)</Cell>
<Cell dontCare="false" endCol="3" endRow="12" startCol="3" startRow="12" x0="2050" x1="2310" y0="872" y1="926">(64769,3341,1028)</Cell>
<Cell dontCare="false" endCol="0" endRow="13" startCol="0" startRow="13" x0="53" x1="1453" y0="926" y1="984">(64769,3598,257)</Cell>
<Cell dontCare="false" endCol="1" endRow="13" startCol="1" startRow="13" x0="1453" x1="1793" y0="926" y1="984">(64769,3598,514)</Cell>
<Cell dontCare="false" endCol="2" endRow="13" startCol="2" startRow="13" x0="1793" x1="2050" y0="926" y1="984">(64769,3598,771)</Cell>
<Cell dontCare="false" endCol="3" endRow="13" startCol="3" startRow="13" x0="2050" x1="2310" y0="926" y1="984">(64769,3598,1028)</Cell>
<Cell dontCare="false" endCol="3" endRow="14" startCol="0" startRow="14" x0="53" x1="2310" y0="984" y1="1076">(64769,3855,260)</Cell>
<Cell dontCare="true" endCol="1" endRow="14" startCol="1" startRow="14" x0="1453" x1="1793" y0="984" y1="1076">(64769,3855,514)</Cell>
<Cell dontCare="true" endCol="2" endRow="14" startCol="2" startRow="14" x0="1793" x1="2050" y0="984" y1="1076">(64769,3855,771)</Cell>
<Cell dontCare="true" endCol="3" endRow="14" startCol="3" startRow="14" x0="2050" x1="2310" y0="984" y1="1076">(64769,3855,1028)</Cell>
<Cell dontCare="false" endCol="0" endRow="15" startCol="0" startRow="15" x0="53" x1="1453" y0="1076" y1="1130">(64769,4112,257)</Cell>
<Cell dontCare="false" endCol="1" endRow="15" startCol="1" startRow="15" x0="1453" x1="1793" y0="1076" y1="1130">(64769,4112,514)</Cell>
<Cell dontCare="false" endCol="2" endRow="15" startCol="2" startRow="15" x0="1793" x1="2050" y0="1076" y1="1130">(64769,4112,771)</Cell>
<Cell dontCare="false" endCol="3" endRow="15" startCol="3" startRow="15" x0="2050" x1="2310" y0="1076" y1="1130">(64769,4112,1028)</Cell>
<Cell dontCare="false" endCol="0" endRow="16" startCol="0" startRow="16" x0="53" x1="1453" y0="1130" y1="1168">(64769,4369,257)</Cell>
<Cell dontCare="false" endCol="1" endRow="16" startCol="1" startRow="16" x0="1453" x1="1793" y0="1130" y1="1168">(64769,4369,514)</Cell>
<Cell dontCare="false" endCol="2" endRow="16" startCol="2" startRow="16" x0="1793" x1="2050" y0="1130" y1="1168">(64769,4369,771)</Cell>
<Cell dontCare="false" endCol="3" endRow="16" startCol="3" startRow="16" x0="2050" x1="2310" y0="1130" y1="1168">(64769,4369,1028)</Cell>
<Cell dontCare="false" endCol="0" endRow="17" startCol="0" startRow="17" x0="53" x1="1453" y0="1168" y1="1226">(64769,4626,257)</Cell>
<Cell dontCare="false" endCol="1" endRow="17" startCol="1" startRow="17" x0="1453" x1="1793" y0="1168" y1="1226">(64769,4626,514)</Cell>
<Cell dontCare="false" endCol="2" endRow="17" startCol="2" startRow="17" x0="1793" x1="2050" y0="1168" y1="1226">(64769,4626,771)</Cell>
<Cell dontCare="false" endCol="3" endRow="17" startCol="3" startRow="17" x0="2050" x1="2310" y0="1168" y1="1226">(64769,4626,1028)</Cell>
<Cell dontCare="false" endCol="0" endRow="18" startCol="0" startRow="18" x0="53" x1="1453" y0="1226" y1="1280">(64769,4883,257)</Cell>
<Cell dontCare="false" endCol="1" endRow="18" startCol="1" startRow="18" x0="1453" x1="1793" y0="1226" y1="1280">(64769,4883,514)</Cell>
<Cell dontCare="false" endCol="2" endRow="18" startCol="2" startRow="18" x0="1793" x1="2050" y0="1226" y1="1280">(64769,4883,771)</Cell>
<Cell dontCare="false" endCol="3" endRow="18" startCol="3" startRow="18" x0="2050" x1="2310" y0="1226" y1="1280">(64769,4883,1028)</Cell>
<Cell dontCare="false" endCol="0" endRow="19" startCol="0" startRow="19" x0="53" x1="1453" y0="1280" y1="1332">(64769,5140,257)</Cell>
<Cell dontCare="false" endCol="1" endRow="19" startCol="1" startRow="19" x0="1453" x1="1793" y0="1280" y1="1332">(64769,5140,514)</Cell>
<Cell dontCare="false" endCol="2" endRow="19" startCol="2" startRow="19" x0="1793" x1="2050" y0="1280" y1="1332">(64769,5140,771)</Cell>
<Cell dontCare="false" endCol="3" endRow="19" startCol="3" startRow="19" x0="2050" x1="2310" y0="1280" y1="1332">(64769,5140,1028)</Cell>
<Cell dontCare="false" endCol="0" endRow="20" startCol="0" startRow="20" x0="53" x1="1453" y0="1332" y1="1380">(64769,5397,257)</Cell>
<Cell dontCare="false" endCol="1" endRow="20" startCol="1" startRow="20" x0="1453" x1="1793" y0="1332" y1="1380">(64769,5397,514)</Cell>
<Cell dontCare="false" endCol="2" endRow="20" startCol="2" startRow="20" x0="1793" x1="2050" y0="1332" y1="1380">(64769,5397,771)</Cell>
<Cell dontCare="false" endCol="3" endRow="20" startCol="3" startRow="20" x0="2050" x1="2310" y0="1332" y1="1380">(64769,5397,1028)</Cell>
<Cell dontCare="false" endCol="3" endRow="21" startCol="0" startRow="21" x0="53" x1="2310" y0="1380" y1="1474">(64769,5654,260)</Cell>
<Cell dontCare="true" endCol="1" endRow="21" startCol="1" startRow="21" x0="1453" x1="1793" y0="1380" y1="1474">(64769,5654,514)</Cell>
<Cell dontCare="true" endCol="2" endRow="21" startCol="2" startRow="21" x0="1793" x1="2050" y0="1380" y1="1474">(64769,5654,771)</Cell>
<Cell dontCare="true" endCol="3" endRow="21" startCol="3" startRow="21" x0="2050" x1="2310" y0="1380" y1="1474">(64769,5654,1028)</Cell>
<Cell dontCare="false" endCol="0" endRow="22" startCol="0" startRow="22" x0="53" x1="1453" y0="1474" y1="1528">(64769,5911,257)</Cell>
<Cell dontCare="false" endCol="1" endRow="22" startCol="1" startRow="22" x0="1453" x1="1793" y0="1474" y1="1528">(64769,5911,514)</Cell>
<Cell dontCare="false" endCol="2" endRow="22" startCol="2" startRow="22" x0="1793" x1="2050" y0="1474" y1="1528">(64769,5911,771)</Cell>
<Cell dontCare="false" endCol="3" endRow="22" startCol="3" startRow="22" x0="2050" x1="2310" y0="1474" y1="1528">(64769,5911,1028)</Cell>
<Cell dontCare="false" endCol="0" endRow="23" startCol="0" startRow="23" x0="53" x1="1453" y0="1528" y1="1572">(64769,6168,257)</Cell>
<Cell dontCare="false" endCol="1" endRow="23" startCol="1" startRow="23" x0="1453" x1="1793" y0="1528" y1="1572">(64769,6168,514)</Cell>
<Cell dontCare="false" endCol="2" endRow="23" startCol="2" startRow="23" x0="1793" x1="2050" y0="1528" y1="1572">(64769,6168,771)</Cell>
<Cell dontCare="false" endCol="3" endRow="23" startCol="3" startRow="23" x0="2050" x1="2310" y0="1528" y1="1572">(64769,6168,1028)</Cell>
<Cell dontCare="false" endCol="0" endRow="24" startCol="0" startRow="24" x0="53" x1="1453" y0="1572" y1="1624">(64769,6425,257)</Cell>
<Cell dontCare="false" endCol="1" endRow="24" startCol="1" startRow="24" x0="1453" x1="1793" y0="1572" y1="1624">(64769,6425,514)</Cell>
<Cell dontCare="false" endCol="2" endRow="24" startCol="2" startRow="24" x0="1793" x1="2050" y0="1572" y1="1624">(64769,6425,771)</Cell>
<Cell dontCare="false" endCol="3" endRow="24" startCol="3" startRow="24" x0="2050" x1="2310" y0="1572" y1="1624">(64769,6425,1028)</Cell>
<Cell dontCare="false" endCol="0" endRow="25" startCol="0" startRow="25" x0="53" x1="1453" y0="1624" y1="1680">(64769,6682,257)</Cell>
<Cell dontCare="false" endCol="1" endRow="25" startCol="1" startRow="25" x0="1453" x1="1793" y0="1624" y1="1680">(64769,6682,514)</Cell>
<Cell dontCare="false" endCol="2" endRow="25" startCol="2" startRow="25" x0="1793" x1="2050" y0="1624" y1="1680">(64769,6682,771)</Cell>
<Cell dontCare="false" endCol="3" endRow="25" startCol="3" startRow="25" x0="2050" x1="2310" y0="1624" y1="1680">(64769,6682,1028)</Cell>
<Cell dontCare="false" endCol="0" endRow="26" startCol="0" startRow="26" x0="53" x1="1453" y0="1680" y1="1728">(64769,6939,257)</Cell>
<Cell dontCare="false" endCol="1" endRow="26" startCol="1" startRow="26" x0="1453" x1="1793" y0="1680" y1="1728">(64769,6939,514)</Cell>
<Cell dontCare="false" endCol="2" endRow="26" startCol="2" startRow="26" x0="1793" x1="2050" y0="1680" y1="1728">(64769,6939,771)</Cell>
<Cell dontCare="false" endCol="3" endRow="26" startCol="3" startRow="26" x0="2050" x1="2310" y0="1680" y1="1728">(64769,6939,1028)</Cell>
<Cell dontCare="false" endCol="0" endRow="27" startCol="0" startRow="27" x0="53" x1="1453" y0="1728" y1="1780">(64769,7196,257)</Cell>
<Cell dontCare="false" endCol="1" endRow="27" startCol="1" startRow="27" x0="1453" x1="1793" y0="1728" y1="1780">(64769,7196,514)</Cell>
<Cell dontCare="false" endCol="2" endRow="27" startCol="2" startRow="27" x0="1793" x1="2050" y0="1728" y1="1780">(64769,7196,771)</Cell>
<Cell dontCare="false" endCol="3" endRow="27" startCol="3" startRow="27" x0="2050" x1="2310" y0="1728" y1="1780">(64769,7196,1028)</Cell>
<Cell dontCare="false" endCol="0" endRow="28" startCol="0" startRow="28" x0="53" x1="1453" y0="1780" y1="1834">(64769,7453,257)</Cell>
<Cell dontCare="false" endCol="1" endRow="28" startCol="1" startRow="28" x0="1453" x1="1793" y0="1780" y1="1834">(64769,7453,514)</Cell>
<Cell dontCare="false" endCol="2" endRow="28" startCol="2" startRow="28" x0="1793" x1="2050" y0="1780" y1="1834">(64769,7453,771)</Cell>
<Cell dontCare="false" endCol="3" endRow="28" startCol="3" startRow="28" x0="2050" x1="2310" y0="1780" y1="1834">(64769,7453,1028)</Cell>
<Cell dontCare="false" endCol="3" endRow="29" startCol="0" startRow="29" x0="53" x1="2310" y0="1834" y1="1928">(64769,7710,260)</Cell>
<Cell dontCare="true" endCol="1" endRow="29" startCol="1" startRow="29" x0="1453" x1="1793" y0="1834" y1="1928">(64769,7710,514)</Cell>
<Cell dontCare="true" endCol="2" endRow="29" startCol="2" startRow="29" x0="1793" x1="2050" y0="1834" y1="1928">(64769,7710,771)</Cell>
<Cell dontCare="true" endCol="3" endRow="29" startCol="3" startRow="29" x0="2050" x1="2310" y0="1834" y1="1928">(64769,7710,1028)</Cell>
<Cell dontCare="false" endCol="0" endRow="30" startCol="0" startRow="30" x0="53" x1="1453" y0="1928" y1="1978">(64769,7967,257)</Cell>
<Cell dontCare="false" endCol="1" endRow="30" startCol="1" startRow="30" x0="1453" x1="1793" y0="1928" y1="1978">(64769,7967,514)</Cell>
<Cell dontCare="false" endCol="2" endRow="30" startCol="2" startRow="30" x0="1793" x1="2050" y0="1928" y1="1978">(64769,7967,771)</Cell>
<Cell dontCare="false" endCol="3" endRow="30" startCol="3" startRow="30" x0="2050" x1="2310" y0="1928" y1="1978">(64769,7967,1028)</Cell>
<Cell dontCare="false" endCol="0" endRow="31" startCol="0" startRow="31" x0="53" x1="1453" y0="1978" y1="2024">(64769,8224,257)</Cell>
<Cell dontCare="false" endCol="1" endRow="31" startCol="1" startRow="31" x0="1453" x1="1793" y0="1978" y1="2024">(64769,8224,514)</Cell>
<Cell dontCare="false" endCol="2" endRow="31" startCol="2" startRow="31" x0="1793" x1="2050" y0="1978" y1="2024">(64769,8224,771)</Cell>
<Cell dontCare="false" endCol="3" endRow="31" startCol="3" startRow="31" x0="2050" x1="2310" y0="1978" y1="2024">(64769,8224,1028)</Cell>
<Cell dontCare="false" endCol="0" endRow="32" startCol="0" startRow="32" x0="53" x1="1453" y0="2024" y1="2068">(64769,8481,257)</Cell>
<Cell dontCare="false" endCol="1" endRow="32" startCol="1" startRow="32" x0="1453" x1="1793" y0="2024" y1="2068">(64769,8481,514)</Cell>
<Cell dontCare="false" endCol="2" endRow="32" startCol="2" startRow="32" x0="1793" x1="2050" y0="2024" y1="2068">(64769,8481,771)</Cell>
<Cell dontCare="false" endCol="3" endRow="32" startCol="3" startRow="32" x0="2050" x1="2310" y0="2024" y1="2068">(64769,8481,1028)</Cell>
<Cell dontCare="false" endCol="0" endRow="33" startCol="0" startRow="33" x0="53" x1="1453" y0="2068" y1="2134">(64769,8738,257)</Cell>
<Cell dontCare="false" endCol="1" endRow="33" startCol="1" startRow="33" x0="1453" x1="1793" y0="2068" y1="2134">(64769,8738,514)</Cell>
<Cell dontCare="false" endCol="2" endRow="33" startCol="2" startRow="33" x0="1793" x1="2050" y0="2068" y1="2134">(64769,8738,771)</Cell>
<Cell dontCare="false" endCol="3" endRow="33" startCol="3" startRow="33" x0="2050" x1="2310" y0="2068" y1="2134">(64769,8738,1028)</Cell>
<Cell dontCare="false" endCol="3" endRow="34" startCol="0" startRow="34" x0="53" x1="2310" y0="2134" y1="2226">(64769,8995,260)</Cell>
<Cell dontCare="true" endCol="1" endRow="34" startCol="1" startRow="34" x0="1453" x1="1793" y0="2134" y1="2226">(64769,8995,514)</Cell>
<Cell dontCare="true" endCol="2" endRow="34" startCol="2" startRow="34" x0="1793" x1="2050" y0="2134" y1="2226">(64769,8995,771)</Cell>
<Cell dontCare="true" endCol="3" endRow="34" startCol="3" startRow="34" x0="2050" x1="2310" y0="2134" y1="2226">(64769,8995,1028)</Cell>
<Cell dontCare="false" endCol="0" endRow="35" startCol="0" startRow="35" x0="53" x1="1453" y0="2226" y1="2282">(64769,9252,257)</Cell>
<Cell dontCare="false" endCol="1" endRow="35" startCol="1" startRow="35" x0="1453" x1="1793" y0="2226" y1="2282">(64769,9252,514)</Cell>
<Cell dontCare="false" endCol="2" endRow="35" startCol="2" startRow="35" x0="1793" x1="2050" y0="2226" y1="2282">(64769,9252,771)</Cell>
<Cell dontCare="false" endCol="3" endRow="35" startCol="3" startRow="35" x0="2050" x1="2310" y0="2226" y1="2282">(64769,9252,1028)</Cell>
<Cell dontCare="false" endCol="0" endRow="36" startCol="0" startRow="36" x0="53" x1="1453" y0="2282" y1="2322">(64769,9509,257)</Cell>
<Cell dontCare="false" endCol="1" endRow="36" startCol="1" startRow="36" x0="1453" x1="1793" y0="2282" y1="2322">(64769,9509,514)</Cell>
<Cell dontCare="false" endCol="2" endRow="36" startCol="2" startRow="36" x0="1793" x1="2050" y0="2282" y1="2322">(64769,9509,771)</Cell>
<Cell dontCare="false" endCol="3" endRow="36" startCol="3" startRow="36" x0="2050" x1="2310" y0="2282" y1="2322">(64769,9509,1028)</Cell>
<Cell dontCare="false" endCol="0" endRow="37" startCol="0" startRow="37" x0="53" x1="1453" y0="2322" y1="2374">(64769,9766,257)</Cell>
<Cell dontCare="false" endCol="1" endRow="37" startCol="1" startRow="37" x0="1453" x1="1793" y0="2322" y1="2374">(64769,9766,514)</Cell>
<Cell dontCare="false" endCol="2" endRow="37" startCol="2" startRow="37" x0="1793" x1="2050" y0="2322" y1="2374">(64769,9766,771)</Cell>
<Cell dontCare="false" endCol="3" endRow="37" startCol="3" startRow="37" x0="2050" x1="2310" y0="2322" y1="2374">(64769,9766,1028)</Cell>
<Cell dontCare="false" endCol="0" endRow="38" startCol="0" startRow="38" x0="53" x1="1453" y0="2374" y1="2438">(64769,10023,257)</Cell>
<Cell dontCare="false" endCol="1" endRow="38" startCol="1" startRow="38" x0="1453" x1="1793" y0="2374" y1="2438">(64769,10023,514)</Cell>
<Cell dontCare="false" endCol="2" endRow="38" startCol="2" startRow="38" x0="1793" x1="2050" y0="2374" y1="2438">(64769,10023,771)</Cell>
<Cell dontCare="false" endCol="3" endRow="38" startCol="3" startRow="38" x0="2050" x1="2310" y0="2374" y1="2438">(64769,10023,1028)</Cell>
<Cell dontCare="false" endCol="3" endRow="39" startCol="0" startRow="39" x0="53" x1="2310" y0="2438" y1="2524">(64769,10280,260)</Cell>
<Cell dontCare="true" endCol="1" endRow="39" startCol="1" startRow="39" x0="1453" x1="1793" y0="2438" y1="2524">(64769,10280,514)</Cell>
<Cell dontCare="true" endCol="2" endRow="39" startCol="2" startRow="39" x0="1793" x1="2050" y0="2438" y1="2524">(64769,10280,771)</Cell>
<Cell dontCare="true" endCol="3" endRow="39" startCol="3" startRow="39" x0="2050" x1="2310" y0="2438" y1="2524">(64769,10280,1028)</Cell>
<Cell dontCare="false" endCol="0" endRow="40" startCol="0" startRow="40" x0="53" x1="1453" y0="2524" y1="2580">(64769,10537,257)</Cell>
<Cell dontCare="false" endCol="1" endRow="40" startCol="1" startRow="40" x0="1453" x1="1793" y0="2524" y1="2580">(64769,10537,514)</Cell>
<Cell dontCare="false" endCol="2" endRow="40" startCol="2" startRow="40" x0="1793" x1="2050" y0="2524" y1="2580">(64769,10537,771)</Cell>
<Cell dontCare="false" endCol="3" endRow="40" startCol="3" startRow="40" x0="2050" x1="2310" y0="2524" y1="2580">(64769,10537,1028)</Cell>
<Cell dontCare="false" endCol="0" endRow="41" startCol="0" startRow="41" x0="53" x1="1453" y0="2580" y1="2628">(64769,10794,257)</Cell>
<Cell dontCare="false" endCol="1" endRow="41" startCol="1" startRow="41" x0="1453" x1="1793" y0="2580" y1="2628">(64769,10794,514)</Cell>
<Cell dontCare="false" endCol="2" endRow="41" startCol="2" startRow="41" x0="1793" x1="2050" y0="2580" y1="2628">(64769,10794,771)</Cell>
<Cell dontCare="false" endCol="3" endRow="41" startCol="3" startRow="41" x0="2050" x1="2310" y0="2580" y1="2628">(64769,10794,1028)</Cell>
<Cell dontCare="false" endCol="0" endRow="42" startCol="0" startRow="42" x0="53" x1="1453" y0="2628" y1="2674">(64769,11051,257)</Cell>
<Cell dontCare="false" endCol="1" endRow="42" startCol="1" startRow="42" x0="1453" x1="1793" y0="2628" y1="2674">(64769,11051,514)</Cell>
<Cell dontCare="false" endCol="2" endRow="42" startCol="2" startRow="42" x0="1793" x1="2050" y0="2628" y1="2674">(64769,11051,771)</Cell>
<Cell dontCare="false" endCol="3" endRow="42" startCol="3" startRow="42" x0="2050" x1="2310" y0="2628" y1="2674">(64769,11051,1028)</Cell>
<Cell dontCare="false" endCol="0" endRow="43" startCol="0" startRow="43" x0="53" x1="1453" y0="2674" y1="2743">(64769,11308,257)</Cell>
<Cell dontCare="false" endCol="1" endRow="43" startCol="1" startRow="43" x0="1453" x1="1793" y0="2674" y1="2743">(64769,11308,514)</Cell>
<Cell dontCare="false" endCol="2" endRow="43" startCol="2" startRow="43" x0="1793" x1="2050" y0="2674" y1="2743">(64769,11308,771)</Cell>
<Cell dontCare="false" endCol="3" endRow="43" startCol="3" startRow="43" x0="2050" x1="2310" y0="2674" y1="2743">(64769,11308,1028)</Cell>
</Table>
</Tables>
</GroundTruth>
