<?xml version="1.0" encoding="UTF-8" standalone="no"?>
<GroundTruth InputFile="">
<Tables>
<Table x0="136" x1="1616" y0="232" y1="1340">
<Row x0="136" x1="1616" y0="274" y1="274"/>
<Row x0="136" x1="1616" y0="330" y1="330"/>
<Row x0="136" x1="1616" y0="370" y1="370"/>
<Row x0="136" x1="1616" y0="414" y1="414"/>
<Row x0="136" x1="1616" y0="456" y1="456"/>
<Row x0="136" x1="1616" y0="490" y1="490"/>
<Row x0="136" x1="1616" y0="534" y1="534"/>
<Row x0="136" x1="1616" y0="584" y1="584"/>
<Row x0="136" x1="1616" y0="628" y1="628"/>
<Row x0="136" x1="1616" y0="668" y1="668"/>
<Row x0="136" x1="1616" y0="718" y1="718"/>
<Row x0="136" x1="1616" y0="756" y1="756"/>
<Row x0="136" x1="1616" y0="806" y1="806"/>
<Row x0="136" x1="1616" y0="862" y1="862"/>
<Row x0="136" x1="1616" y0="914" y1="914"/>
<Row x0="136" x1="1616" y0="952" y1="952"/>
<Row x0="136" x1="1616" y0="992" y1="992"/>
<Row x0="136" x1="1616" y0="1030" y1="1030"/>
<Row x0="136" x1="1616" y0="1072" y1="1072"/>
<Row x0="136" x1="1616" y0="1158" y1="1158"/>
<Row x0="136" x1="1616" y0="1202" y1="1202"/>
<Row x0="136" x1="1616" y0="1244" y1="1244"/>
<Row x0="136" x1="1616" y0="1290" y1="1290"/>
<Column x0="900" x1="900" y0="232" y1="1340"/>
<Column x0="1170" x1="1170" y0="232" y1="1340"/>
<Column x0="1378" x1="1378" y0="232" y1="1340"/>
<Cell dontCare="false" endCol="0" endRow="0" startCol="0" startRow="0" x0="136" x1="900" y0="232" y1="274">(64769,257,257)</Cell>
<Cell dontCare="false" endCol="3" endRow="0" startCol="1" startRow="0" x0="900" x1="1616" y0="232" y1="274">(64769,257,516)</Cell>
<Cell dontCare="true" endCol="2" endRow="0" startCol="2" startRow="0" x0="1170" x1="1378" y0="232" y1="274">(64769,257,771)</Cell>
<Cell dontCare="true" endCol="3" endRow="0" startCol="3" startRow="0" x0="1378" x1="1616" y0="232" y1="274">(64769,257,1028)</Cell>
<Cell dontCare="false" endCol="0" endRow="1" startCol="0" startRow="1" x0="136" x1="900" y0="274" y1="330">(64769,514,257)</Cell>
<Cell dontCare="false" endCol="1" endRow="1" startCol="1" startRow="1" x0="900" x1="1170" y0="274" y1="330">(64769,514,514)</Cell>
<Cell dontCare="false" endCol="2" endRow="1" startCol="2" startRow="1" x0="1170" x1="1378" y0="274" y1="330">(64769,514,771)</Cell>
<Cell dontCare="false" endCol="3" endRow="1" startCol="3" startRow="1" x0="1378" x1="1616" y0="274" y1="330">(64769,514,1028)</Cell>
<Cell dontCare="false" endCol="0" endRow="2" startCol="0" startRow="2" x0="136" x1="900" y0="330" y1="370">(64769,771,257)</Cell>
<Cell dontCare="false" endCol="1" endRow="2" startCol="1" startRow="2" x0="900" x1="1170" y0="330" y1="370">(64769,771,514)</Cell>
<Cell dontCare="false" endCol="2" endRow="2" startCol="2" startRow="2" x0="1170" x1="1378" y0="330" y1="370">(64769,771,771)</Cell>
<Cell dontCare="false" endCol="3" endRow="2" startCol="3" startRow="2" x0="1378" x1="1616" y0="330" y1="370">(64769,771,1028)</Cell>
<Cell dontCare="false" endCol="0" endRow="3" startCol="0" startRow="3" x0="136" x1="900" y0="370" y1="414">(64769,1028,257)</Cell>
<Cell dontCare="false" endCol="1" endRow="3" startCol="1" startRow="3" x0="900" x1="1170" y0="370" y1="414">(64769,1028,514)</Cell>
<Cell dontCare="false" endCol="2" endRow="3" startCol="2" startRow="3" x0="1170" x1="1378" y0="370" y1="414">(64769,1028,771)</Cell>
<Cell dontCare="false" endCol="3" endRow="3" startCol="3" startRow="3" x0="1378" x1="1616" y0="370" y1="414">(64769,1028,1028)</Cell>
<Cell dontCare="false" endCol="0" endRow="4" startCol="0" startRow="4" x0="136" x1="900" y0="414" y1="456">(64769,1285,257)</Cell>
<Cell dontCare="false" endCol="1" endRow="4" startCol="1" startRow="4" x0="900" x1="1170" y0="414" y1="456">(64769,1285,514)</Cell>
<Cell dontCare="false" endCol="2" endRow="4" startCol="2" startRow="4" x0="1170" x1="1378" y0="414" y1="456">(64769,1285,771)</Cell>
<Cell dontCare="false" endCol="3" endRow="4" startCol="3" startRow="4" x0="1378" x1="1616" y0="414" y1="456">(64769,1285,1028)</Cell>
<Cell dontCare="false" endCol="0" endRow="5" startCol="0" startRow="5" x0="136" x1="900" y0="456" y1="490">(64769,1542,257)</Cell>
<Cell dontCare="false" endCol="1" endRow="5" startCol="1" startRow="5" x0="900" x1="1170" y0="456" y1="490">(64769,1542,514)</Cell>
<Cell dontCare="false" endCol="2" endRow="5" startCol="2" startRow="5" x0="1170" x1="1378" y0="456" y1="490">(64769,1542,771)</Cell>
<Cell dontCare="false" endCol="3" endRow="5" startCol="3" startRow="5" x0="1378" x1="1616" y0="456" y1="490">(64769,1542,1028)</Cell>
<Cell dontCare="false" endCol="0" endRow="6" startCol="0" startRow="6" x0="136" x1="900" y0="490" y1="534">(64769,1799,257)</Cell>
<Cell dontCare="false" endCol="1" endRow="6" startCol="1" startRow="6" x0="900" x1="1170" y0="490" y1="534">(64769,1799,514)</Cell>
<Cell dontCare="false" endCol="2" endRow="6" startCol="2" startRow="6" x0="1170" x1="1378" y0="490" y1="534">(64769,1799,771)</Cell>
<Cell dontCare="false" endCol="3" endRow="6" startCol="3" startRow="6" x0="1378" x1="1616" y0="490" y1="534">(64769,1799,1028)</Cell>
<Cell dontCare="false" endCol="0" endRow="7" startCol="0" startRow="7" x0="136" x1="900" y0="534" y1="584">(64769,2056,257)</Cell>
<Cell dontCare="false" endCol="1" endRow="7" startCol="1" startRow="7" x0="900" x1="1170" y0="534" y1="584">(64769,2056,514)</Cell>
<Cell dontCare="false" endCol="2" endRow="7" startCol="2" startRow="7" x0="1170" x1="1378" y0="534" y1="584">(64769,2056,771)</Cell>
<Cell dontCare="false" endCol="3" endRow="7" startCol="3" startRow="7" x0="1378" x1="1616" y0="534" y1="584">(64769,2056,1028)</Cell>
<Cell dontCare="false" endCol="0" endRow="8" startCol="0" startRow="8" x0="136" x1="900" y0="584" y1="628">(64769,2313,257)</Cell>
<Cell dontCare="false" endCol="1" endRow="8" startCol="1" startRow="8" x0="900" x1="1170" y0="584" y1="628">(64769,2313,514)</Cell>
<Cell dontCare="false" endCol="2" endRow="8" startCol="2" startRow="8" x0="1170" x1="1378" y0="584" y1="628">(64769,2313,771)</Cell>
<Cell dontCare="false" endCol="3" endRow="8" startCol="3" startRow="8" x0="1378" x1="1616" y0="584" y1="628">(64769,2313,1028)</Cell>
<Cell dontCare="false" endCol="0" endRow="9" startCol="0" startRow="9" x0="136" x1="900" y0="628" y1="668">(64769,2570,257)</Cell>
<Cell dontCare="false" endCol="1" endRow="9" startCol="1" startRow="9" x0="900" x1="1170" y0="628" y1="668">(64769,2570,514)</Cell>
<Cell dontCare="false" endCol="2" endRow="9" startCol="2" startRow="9" x0="1170" x1="1378" y0="628" y1="668">(64769,2570,771)</Cell>
<Cell dontCare="false" endCol="3" endRow="9" startCol="3" startRow="9" x0="1378" x1="1616" y0="628" y1="668">(64769,2570,1028)</Cell>
<Cell dontCare="false" endCol="0" endRow="11" startCol="0" startRow="10" x0="136" x1="900" y0="668" y1="756">(64769,2828,257)</Cell>
<Cell dontCare="false" endCol="1" endRow="10" startCol="1" startRow="10" x0="900" x1="1170" y0="668" y1="718">(64769,2827,514)</Cell>
<Cell dontCare="false" endCol="2" endRow="10" startCol="2" startRow="10" x0="1170" x1="1378" y0="668" y1="718">(64769,2827,771)</Cell>
<Cell dontCare="false" endCol="3" endRow="10" startCol="3" startRow="10" x0="1378" x1="1616" y0="668" y1="718">(64769,2827,1028)</Cell>
<Cell dontCare="true" endCol="0" endRow="11" startCol="0" startRow="11" x0="136" x1="900" y0="718" y1="756">(64769,3084,257)</Cell>
<Cell dontCare="false" endCol="1" endRow="11" startCol="1" startRow="11" x0="900" x1="1170" y0="718" y1="756">(64769,3084,514)</Cell>
<Cell dontCare="false" endCol="2" endRow="11" startCol="2" startRow="11" x0="1170" x1="1378" y0="718" y1="756">(64769,3084,771)</Cell>
<Cell dontCare="false" endCol="3" endRow="11" startCol="3" startRow="11" x0="1378" x1="1616" y0="718" y1="756">(64769,3084,1028)</Cell>
<Cell dontCare="false" endCol="0" endRow="12" startCol="0" startRow="12" x0="136" x1="900" y0="756" y1="806">(64769,3341,257)</Cell>
<Cell dontCare="false" endCol="1" endRow="12" startCol="1" startRow="12" x0="900" x1="1170" y0="756" y1="806">(64769,3341,514)</Cell>
<Cell dontCare="false" endCol="2" endRow="12" startCol="2" startRow="12" x0="1170" x1="1378" y0="756" y1="806">(64769,3341,771)</Cell>
<Cell dontCare="false" endCol="3" endRow="12" startCol="3" startRow="12" x0="1378" x1="1616" y0="756" y1="806">(64769,3341,1028)</Cell>
<Cell dontCare="false" endCol="0" endRow="13" startCol="0" startRow="13" x0="136" x1="900" y0="806" y1="862">(64769,3598,257)</Cell>
<Cell dontCare="false" endCol="1" endRow="13" startCol="1" startRow="13" x0="900" x1="1170" y0="806" y1="862">(64769,3598,514)</Cell>
<Cell dontCare="false" endCol="2" endRow="13" startCol="2" startRow="13" x0="1170" x1="1378" y0="806" y1="862">(64769,3598,771)</Cell>
<Cell dontCare="false" endCol="3" endRow="13" startCol="3" startRow="13" x0="1378" x1="1616" y0="806" y1="862">(64769,3598,1028)</Cell>
<Cell dontCare="false" endCol="0" endRow="14" startCol="0" startRow="14" x0="136" x1="900" y0="862" y1="914">(64769,3855,257)</Cell>
<Cell dontCare="false" endCol="1" endRow="14" startCol="1" startRow="14" x0="900" x1="1170" y0="862" y1="914">(64769,3855,514)</Cell>
<Cell dontCare="false" endCol="2" endRow="14" startCol="2" startRow="14" x0="1170" x1="1378" y0="862" y1="914">(64769,3855,771)</Cell>
<Cell dontCare="false" endCol="3" endRow="14" startCol="3" startRow="14" x0="1378" x1="1616" y0="862" y1="914">(64769,3855,1028)</Cell>
<Cell dontCare="false" endCol="0" endRow="16" startCol="0" startRow="15" x0="136" x1="900" y0="914" y1="992">(64769,4113,257)</Cell>
<Cell dontCare="false" endCol="1" endRow="15" startCol="1" startRow="15" x0="900" x1="1170" y0="914" y1="952">(64769,4112,514)</Cell>
<Cell dontCare="false" endCol="2" endRow="15" startCol="2" startRow="15" x0="1170" x1="1378" y0="914" y1="952">(64769,4112,771)</Cell>
<Cell dontCare="false" endCol="3" endRow="15" startCol="3" startRow="15" x0="1378" x1="1616" y0="914" y1="952">(64769,4112,1028)</Cell>
<Cell dontCare="true" endCol="0" endRow="16" startCol="0" startRow="16" x0="136" x1="900" y0="952" y1="992">(64769,4369,257)</Cell>
<Cell dontCare="false" endCol="1" endRow="16" startCol="1" startRow="16" x0="900" x1="1170" y0="952" y1="992">(64769,4369,514)</Cell>
<Cell dontCare="false" endCol="2" endRow="16" startCol="2" startRow="16" x0="1170" x1="1378" y0="952" y1="992">(64769,4369,771)</Cell>
<Cell dontCare="false" endCol="3" endRow="16" startCol="3" startRow="16" x0="1378" x1="1616" y0="952" y1="992">(64769,4369,1028)</Cell>
<Cell dontCare="false" endCol="0" endRow="17" startCol="0" startRow="17" x0="136" x1="900" y0="992" y1="1030">(64769,4626,257)</Cell>
<Cell dontCare="false" endCol="1" endRow="17" startCol="1" startRow="17" x0="900" x1="1170" y0="992" y1="1030">(64769,4626,514)</Cell>
<Cell dontCare="false" endCol="2" endRow="17" startCol="2" startRow="17" x0="1170" x1="1378" y0="992" y1="1030">(64769,4626,771)</Cell>
<Cell dontCare="false" endCol="3" endRow="17" startCol="3" startRow="17" x0="1378" x1="1616" y0="992" y1="1030">(64769,4626,1028)</Cell>
<Cell dontCare="false" endCol="0" endRow="18" startCol="0" startRow="18" x0="136" x1="900" y0="1030" y1="1072">(64769,4883,257)</Cell>
<Cell dontCare="false" endCol="1" endRow="18" startCol="1" startRow="18" x0="900" x1="1170" y0="1030" y1="1072">(64769,4883,514)</Cell>
<Cell dontCare="false" endCol="2" endRow="18" startCol="2" startRow="18" x0="1170" x1="1378" y0="1030" y1="1072">(64769,4883,771)</Cell>
<Cell dontCare="false" endCol="3" endRow="18" startCol="3" startRow="18" x0="1378" x1="1616" y0="1030" y1="1072">(64769,4883,1028)</Cell>
<Cell dontCare="false" endCol="0" endRow="19" startCol="0" startRow="19" x0="136" x1="900" y0="1072" y1="1158">(64769,5140,257)</Cell>
<Cell dontCare="false" endCol="1" endRow="19" startCol="1" startRow="19" x0="900" x1="1170" y0="1072" y1="1158">(64769,5140,514)</Cell>
<Cell dontCare="false" endCol="2" endRow="19" startCol="2" startRow="19" x0="1170" x1="1378" y0="1072" y1="1158">(64769,5140,771)</Cell>
<Cell dontCare="false" endCol="3" endRow="19" startCol="3" startRow="19" x0="1378" x1="1616" y0="1072" y1="1158">(64769,5140,1028)</Cell>
<Cell dontCare="false" endCol="0" endRow="20" startCol="0" startRow="20" x0="136" x1="900" y0="1158" y1="1202">(64769,5397,257)</Cell>
<Cell dontCare="false" endCol="1" endRow="20" startCol="1" startRow="20" x0="900" x1="1170" y0="1158" y1="1202">(64769,5397,514)</Cell>
<Cell dontCare="false" endCol="2" endRow="20" startCol="2" startRow="20" x0="1170" x1="1378" y0="1158" y1="1202">(64769,5397,771)</Cell>
<Cell dontCare="false" endCol="3" endRow="20" startCol="3" startRow="20" x0="1378" x1="1616" y0="1158" y1="1202">(64769,5397,1028)</Cell>
<Cell dontCare="false" endCol="0" endRow="21" startCol="0" startRow="21" x0="136" x1="900" y0="1202" y1="1244">(64769,5654,257)</Cell>
<Cell dontCare="false" endCol="1" endRow="21" startCol="1" startRow="21" x0="900" x1="1170" y0="1202" y1="1244">(64769,5654,514)</Cell>
<Cell dontCare="false" endCol="2" endRow="21" startCol="2" startRow="21" x0="1170" x1="1378" y0="1202" y1="1244">(64769,5654,771)</Cell>
<Cell dontCare="false" endCol="3" endRow="21" startCol="3" startRow="21" x0="1378" x1="1616" y0="1202" y1="1244">(64769,5654,1028)</Cell>
<Cell dontCare="false" endCol="0" endRow="22" startCol="0" startRow="22" x0="136" x1="900" y0="1244" y1="1290">(64769,5911,257)</Cell>
<Cell dontCare="false" endCol="1" endRow="22" startCol="1" startRow="22" x0="900" x1="1170" y0="1244" y1="1290">(64769,5911,514)</Cell>
<Cell dontCare="false" endCol="2" endRow="22" startCol="2" startRow="22" x0="1170" x1="1378" y0="1244" y1="1290">(64769,5911,771)</Cell>
<Cell dontCare="false" endCol="3" endRow="22" startCol="3" startRow="22" x0="1378" x1="1616" y0="1244" y1="1290">(64769,5911,1028)</Cell>
<Cell dontCare="false" endCol="0" endRow="23" startCol="0" startRow="23" x0="136" x1="900" y0="1290" y1="1340">(64769,6168,257)</Cell>
<Cell dontCare="false" endCol="1" endRow="23" startCol="1" startRow="23" x0="900" x1="1170" y0="1290" y1="1340">(64769,6168,514)</Cell>
<Cell dontCare="false" endCol="2" endRow="23" startCol="2" startRow="23" x0="1170" x1="1378" y0="1290" y1="1340">(64769,6168,771)</Cell>
<Cell dontCare="false" endCol="3" endRow="23" startCol="3" startRow="23" x0="1378" x1="1616" y0="1290" y1="1340">(64769,6168,1028)</Cell>
</Table>
</Tables>
</GroundTruth>
