<?xml version="1.0" encoding="UTF-8" standalone="no"?>
<GroundTruth InputFile="C:\Dokumente und Einstellungen\mehmood\Desktop\dataset\skew_corrected\unlv_tables_bin_test\9517_045.png">
<Tables>
<Table x0="140" x1="1758" y0="386" y1="2048">
<Row x0="140" x1="1758" y0="492" y1="492"/>
<Row x0="140" x1="1758" y0="560" y1="560"/>
<Row x0="140" x1="1758" y0="620" y1="620"/>
<Row x0="140" x1="1758" y0="684" y1="684"/>
<Row x0="140" x1="1758" y0="768" y1="768"/>
<Row x0="140" x1="1758" y0="840" y1="840"/>
<Row x0="140" x1="1758" y0="934" y1="934"/>
<Row x0="140" x1="1758" y0="1000" y1="1000"/>
<Row x0="140" x1="1758" y0="1062" y1="1062"/>
<Row x0="140" x1="1758" y0="1118" y1="1118"/>
<Row x0="140" x1="1758" y0="1172" y1="1172"/>
<Row x0="140" x1="1758" y0="1246" y1="1246"/>
<Row x0="140" x1="1758" y0="1362" y1="1362"/>
<Row x0="140" x1="1758" y0="1428" y1="1428"/>
<Row x0="140" x1="1758" y0="1492" y1="1492"/>
<Row x0="140" x1="1758" y0="1570" y1="1570"/>
<Row x0="140" x1="1758" y0="1644" y1="1644"/>
<Row x0="140" x1="1758" y0="1738" y1="1738"/>
<Row x0="140" x1="1758" y0="1792" y1="1792"/>
<Row x0="140" x1="1758" y0="1854" y1="1854"/>
<Row x0="140" x1="1758" y0="1910" y1="1910"/>
<Row x0="140" x1="1758" y0="1968" y1="1968"/>
<Column x0="736" x1="736" y0="386" y1="2048"/>
<Column x0="1040" x1="1040" y0="386" y1="2048"/>
<Column x0="1290" x1="1290" y0="386" y1="2048"/>
<Column x0="1532" x1="1532" y0="386" y1="2048"/>
<Cell dontCare="false" endCol="0" endRow="0" startCol="0" startRow="0" x0="140" x1="736" y0="386" y1="492">(64769,257,257)</Cell>
<Cell dontCare="false" endCol="1" endRow="0" startCol="1" startRow="0" x0="736" x1="1040" y0="386" y1="492">(64769,257,514)</Cell>
<Cell dontCare="false" endCol="2" endRow="0" startCol="2" startRow="0" x0="1040" x1="1290" y0="386" y1="492">(64769,257,771)</Cell>
<Cell dontCare="false" endCol="3" endRow="0" startCol="3" startRow="0" x0="1290" x1="1532" y0="386" y1="492">(64769,257,1028)</Cell>
<Cell dontCare="false" endCol="4" endRow="0" startCol="4" startRow="0" x0="1532" x1="1758" y0="386" y1="492">(64769,257,1285)</Cell>
<Cell dontCare="false" endCol="4" endRow="1" startCol="0" startRow="1" x0="140" x1="1758" y0="492" y1="560">(64769,514,261)</Cell>
<Cell dontCare="true" endCol="1" endRow="1" startCol="1" startRow="1" x0="736" x1="1040" y0="492" y1="560">(64769,514,514)</Cell>
<Cell dontCare="true" endCol="2" endRow="1" startCol="2" startRow="1" x0="1040" x1="1290" y0="492" y1="560">(64769,514,771)</Cell>
<Cell dontCare="true" endCol="3" endRow="1" startCol="3" startRow="1" x0="1290" x1="1532" y0="492" y1="560">(64769,514,1028)</Cell>
<Cell dontCare="true" endCol="4" endRow="1" startCol="4" startRow="1" x0="1532" x1="1758" y0="492" y1="560">(64769,514,1285)</Cell>
<Cell dontCare="false" endCol="0" endRow="2" startCol="0" startRow="2" x0="140" x1="736" y0="560" y1="620">(64769,771,257)</Cell>
<Cell dontCare="false" endCol="1" endRow="2" startCol="1" startRow="2" x0="736" x1="1040" y0="560" y1="620">(64769,771,514)</Cell>
<Cell dontCare="false" endCol="2" endRow="2" startCol="2" startRow="2" x0="1040" x1="1290" y0="560" y1="620">(64769,771,771)</Cell>
<Cell dontCare="false" endCol="3" endRow="2" startCol="3" startRow="2" x0="1290" x1="1532" y0="560" y1="620">(64769,771,1028)</Cell>
<Cell dontCare="false" endCol="4" endRow="2" startCol="4" startRow="2" x0="1532" x1="1758" y0="560" y1="620">(64769,771,1285)</Cell>
<Cell dontCare="false" endCol="0" endRow="3" startCol="0" startRow="3" x0="140" x1="736" y0="620" y1="684">(64769,1028,257)</Cell>
<Cell dontCare="false" endCol="1" endRow="3" startCol="1" startRow="3" x0="736" x1="1040" y0="620" y1="684">(64769,1028,514)</Cell>
<Cell dontCare="false" endCol="2" endRow="3" startCol="2" startRow="3" x0="1040" x1="1290" y0="620" y1="684">(64769,1028,771)</Cell>
<Cell dontCare="false" endCol="3" endRow="3" startCol="3" startRow="3" x0="1290" x1="1532" y0="620" y1="684">(64769,1028,1028)</Cell>
<Cell dontCare="false" endCol="4" endRow="3" startCol="4" startRow="3" x0="1532" x1="1758" y0="620" y1="684">(64769,1028,1285)</Cell>
<Cell dontCare="false" endCol="0" endRow="4" startCol="0" startRow="4" x0="140" x1="736" y0="684" y1="768">(64769,1285,257)</Cell>
<Cell dontCare="false" endCol="1" endRow="4" startCol="1" startRow="4" x0="736" x1="1040" y0="684" y1="768">(64769,1285,514)</Cell>
<Cell dontCare="false" endCol="2" endRow="4" startCol="2" startRow="4" x0="1040" x1="1290" y0="684" y1="768">(64769,1285,771)</Cell>
<Cell dontCare="false" endCol="3" endRow="4" startCol="3" startRow="4" x0="1290" x1="1532" y0="684" y1="768">(64769,1285,1028)</Cell>
<Cell dontCare="false" endCol="4" endRow="4" startCol="4" startRow="4" x0="1532" x1="1758" y0="684" y1="768">(64769,1285,1285)</Cell>
<Cell dontCare="false" endCol="0" endRow="5" startCol="0" startRow="5" x0="140" x1="736" y0="768" y1="840">(64769,1542,257)</Cell>
<Cell dontCare="false" endCol="1" endRow="5" startCol="1" startRow="5" x0="736" x1="1040" y0="768" y1="840">(64769,1542,514)</Cell>
<Cell dontCare="false" endCol="2" endRow="5" startCol="2" startRow="5" x0="1040" x1="1290" y0="768" y1="840">(64769,1542,771)</Cell>
<Cell dontCare="false" endCol="3" endRow="5" startCol="3" startRow="5" x0="1290" x1="1532" y0="768" y1="840">(64769,1542,1028)</Cell>
<Cell dontCare="false" endCol="4" endRow="5" startCol="4" startRow="5" x0="1532" x1="1758" y0="768" y1="840">(64769,1542,1285)</Cell>
<Cell dontCare="false" endCol="0" endRow="6" startCol="0" startRow="6" x0="140" x1="736" y0="840" y1="934">(64769,1799,257)</Cell>
<Cell dontCare="false" endCol="1" endRow="6" startCol="1" startRow="6" x0="736" x1="1040" y0="840" y1="934">(64769,1799,514)</Cell>
<Cell dontCare="false" endCol="2" endRow="6" startCol="2" startRow="6" x0="1040" x1="1290" y0="840" y1="934">(64769,1799,771)</Cell>
<Cell dontCare="false" endCol="3" endRow="6" startCol="3" startRow="6" x0="1290" x1="1532" y0="840" y1="934">(64769,1799,1028)</Cell>
<Cell dontCare="false" endCol="4" endRow="6" startCol="4" startRow="6" x0="1532" x1="1758" y0="840" y1="934">(64769,1799,1285)</Cell>
<Cell dontCare="false" endCol="0" endRow="7" startCol="0" startRow="7" x0="140" x1="736" y0="934" y1="1000">(64769,2056,257)</Cell>
<Cell dontCare="false" endCol="1" endRow="7" startCol="1" startRow="7" x0="736" x1="1040" y0="934" y1="1000">(64769,2056,514)</Cell>
<Cell dontCare="false" endCol="2" endRow="7" startCol="2" startRow="7" x0="1040" x1="1290" y0="934" y1="1000">(64769,2056,771)</Cell>
<Cell dontCare="false" endCol="3" endRow="7" startCol="3" startRow="7" x0="1290" x1="1532" y0="934" y1="1000">(64769,2056,1028)</Cell>
<Cell dontCare="false" endCol="4" endRow="7" startCol="4" startRow="7" x0="1532" x1="1758" y0="934" y1="1000">(64769,2056,1285)</Cell>
<Cell dontCare="false" endCol="0" endRow="8" startCol="0" startRow="8" x0="140" x1="736" y0="1000" y1="1062">(64769,2313,257)</Cell>
<Cell dontCare="false" endCol="1" endRow="8" startCol="1" startRow="8" x0="736" x1="1040" y0="1000" y1="1062">(64769,2313,514)</Cell>
<Cell dontCare="false" endCol="2" endRow="8" startCol="2" startRow="8" x0="1040" x1="1290" y0="1000" y1="1062">(64769,2313,771)</Cell>
<Cell dontCare="false" endCol="3" endRow="8" startCol="3" startRow="8" x0="1290" x1="1532" y0="1000" y1="1062">(64769,2313,1028)</Cell>
<Cell dontCare="false" endCol="4" endRow="8" startCol="4" startRow="8" x0="1532" x1="1758" y0="1000" y1="1062">(64769,2313,1285)</Cell>
<Cell dontCare="false" endCol="0" endRow="9" startCol="0" startRow="9" x0="140" x1="736" y0="1062" y1="1118">(64769,2570,257)</Cell>
<Cell dontCare="false" endCol="1" endRow="9" startCol="1" startRow="9" x0="736" x1="1040" y0="1062" y1="1118">(64769,2570,514)</Cell>
<Cell dontCare="false" endCol="2" endRow="9" startCol="2" startRow="9" x0="1040" x1="1290" y0="1062" y1="1118">(64769,2570,771)</Cell>
<Cell dontCare="false" endCol="3" endRow="9" startCol="3" startRow="9" x0="1290" x1="1532" y0="1062" y1="1118">(64769,2570,1028)</Cell>
<Cell dontCare="false" endCol="4" endRow="9" startCol="4" startRow="9" x0="1532" x1="1758" y0="1062" y1="1118">(64769,2570,1285)</Cell>
<Cell dontCare="false" endCol="0" endRow="10" startCol="0" startRow="10" x0="140" x1="736" y0="1118" y1="1172">(64769,2827,257)</Cell>
<Cell dontCare="false" endCol="1" endRow="10" startCol="1" startRow="10" x0="736" x1="1040" y0="1118" y1="1172">(64769,2827,514)</Cell>
<Cell dontCare="false" endCol="2" endRow="10" startCol="2" startRow="10" x0="1040" x1="1290" y0="1118" y1="1172">(64769,2827,771)</Cell>
<Cell dontCare="false" endCol="3" endRow="10" startCol="3" startRow="10" x0="1290" x1="1532" y0="1118" y1="1172">(64769,2827,1028)</Cell>
<Cell dontCare="false" endCol="4" endRow="10" startCol="4" startRow="10" x0="1532" x1="1758" y0="1118" y1="1172">(64769,2827,1285)</Cell>
<Cell dontCare="false" endCol="0" endRow="11" startCol="0" startRow="11" x0="140" x1="736" y0="1172" y1="1246">(64769,3084,257)</Cell>
<Cell dontCare="false" endCol="1" endRow="11" startCol="1" startRow="11" x0="736" x1="1040" y0="1172" y1="1246">(64769,3084,514)</Cell>
<Cell dontCare="false" endCol="2" endRow="11" startCol="2" startRow="11" x0="1040" x1="1290" y0="1172" y1="1246">(64769,3084,771)</Cell>
<Cell dontCare="false" endCol="3" endRow="11" startCol="3" startRow="11" x0="1290" x1="1532" y0="1172" y1="1246">(64769,3084,1028)</Cell>
<Cell dontCare="false" endCol="4" endRow="11" startCol="4" startRow="11" x0="1532" x1="1758" y0="1172" y1="1246">(64769,3084,1285)</Cell>
<Cell dontCare="false" endCol="4" endRow="12" startCol="0" startRow="12" x0="140" x1="1758" y0="1246" y1="1362">(64769,3341,261)</Cell>
<Cell dontCare="true" endCol="1" endRow="12" startCol="1" startRow="12" x0="736" x1="1040" y0="1246" y1="1362">(64769,3341,514)</Cell>
<Cell dontCare="true" endCol="2" endRow="12" startCol="2" startRow="12" x0="1040" x1="1290" y0="1246" y1="1362">(64769,3341,771)</Cell>
<Cell dontCare="true" endCol="3" endRow="12" startCol="3" startRow="12" x0="1290" x1="1532" y0="1246" y1="1362">(64769,3341,1028)</Cell>
<Cell dontCare="true" endCol="4" endRow="12" startCol="4" startRow="12" x0="1532" x1="1758" y0="1246" y1="1362">(64769,3341,1285)</Cell>
<Cell dontCare="false" endCol="0" endRow="13" startCol="0" startRow="13" x0="140" x1="736" y0="1362" y1="1428">(64769,3598,257)</Cell>
<Cell dontCare="false" endCol="1" endRow="13" startCol="1" startRow="13" x0="736" x1="1040" y0="1362" y1="1428">(64769,3598,514)</Cell>
<Cell dontCare="false" endCol="2" endRow="13" startCol="2" startRow="13" x0="1040" x1="1290" y0="1362" y1="1428">(64769,3598,771)</Cell>
<Cell dontCare="false" endCol="3" endRow="13" startCol="3" startRow="13" x0="1290" x1="1532" y0="1362" y1="1428">(64769,3598,1028)</Cell>
<Cell dontCare="false" endCol="4" endRow="13" startCol="4" startRow="13" x0="1532" x1="1758" y0="1362" y1="1428">(64769,3598,1285)</Cell>
<Cell dontCare="false" endCol="0" endRow="14" startCol="0" startRow="14" x0="140" x1="736" y0="1428" y1="1492">(64769,3855,257)</Cell>
<Cell dontCare="false" endCol="1" endRow="14" startCol="1" startRow="14" x0="736" x1="1040" y0="1428" y1="1492">(64769,3855,514)</Cell>
<Cell dontCare="false" endCol="2" endRow="14" startCol="2" startRow="14" x0="1040" x1="1290" y0="1428" y1="1492">(64769,3855,771)</Cell>
<Cell dontCare="false" endCol="3" endRow="14" startCol="3" startRow="14" x0="1290" x1="1532" y0="1428" y1="1492">(64769,3855,1028)</Cell>
<Cell dontCare="false" endCol="4" endRow="14" startCol="4" startRow="14" x0="1532" x1="1758" y0="1428" y1="1492">(64769,3855,1285)</Cell>
<Cell dontCare="false" endCol="0" endRow="15" startCol="0" startRow="15" x0="140" x1="736" y0="1492" y1="1570">(64769,4112,257)</Cell>
<Cell dontCare="false" endCol="1" endRow="15" startCol="1" startRow="15" x0="736" x1="1040" y0="1492" y1="1570">(64769,4112,514)</Cell>
<Cell dontCare="false" endCol="2" endRow="15" startCol="2" startRow="15" x0="1040" x1="1290" y0="1492" y1="1570">(64769,4112,771)</Cell>
<Cell dontCare="false" endCol="3" endRow="15" startCol="3" startRow="15" x0="1290" x1="1532" y0="1492" y1="1570">(64769,4112,1028)</Cell>
<Cell dontCare="false" endCol="4" endRow="15" startCol="4" startRow="15" x0="1532" x1="1758" y0="1492" y1="1570">(64769,4112,1285)</Cell>
<Cell dontCare="false" endCol="0" endRow="16" startCol="0" startRow="16" x0="140" x1="736" y0="1570" y1="1644">(64769,4369,257)</Cell>
<Cell dontCare="false" endCol="1" endRow="16" startCol="1" startRow="16" x0="736" x1="1040" y0="1570" y1="1644">(64769,4369,514)</Cell>
<Cell dontCare="false" endCol="2" endRow="16" startCol="2" startRow="16" x0="1040" x1="1290" y0="1570" y1="1644">(64769,4369,771)</Cell>
<Cell dontCare="false" endCol="3" endRow="16" startCol="3" startRow="16" x0="1290" x1="1532" y0="1570" y1="1644">(64769,4369,1028)</Cell>
<Cell dontCare="false" endCol="4" endRow="16" startCol="4" startRow="16" x0="1532" x1="1758" y0="1570" y1="1644">(64769,4369,1285)</Cell>
<Cell dontCare="false" endCol="0" endRow="17" startCol="0" startRow="17" x0="140" x1="736" y0="1644" y1="1738">(64769,4626,257)</Cell>
<Cell dontCare="false" endCol="1" endRow="17" startCol="1" startRow="17" x0="736" x1="1040" y0="1644" y1="1738">(64769,4626,514)</Cell>
<Cell dontCare="false" endCol="2" endRow="17" startCol="2" startRow="17" x0="1040" x1="1290" y0="1644" y1="1738">(64769,4626,771)</Cell>
<Cell dontCare="false" endCol="3" endRow="17" startCol="3" startRow="17" x0="1290" x1="1532" y0="1644" y1="1738">(64769,4626,1028)</Cell>
<Cell dontCare="false" endCol="4" endRow="17" startCol="4" startRow="17" x0="1532" x1="1758" y0="1644" y1="1738">(64769,4626,1285)</Cell>
<Cell dontCare="false" endCol="0" endRow="18" startCol="0" startRow="18" x0="140" x1="736" y0="1738" y1="1792">(64769,4883,257)</Cell>
<Cell dontCare="false" endCol="1" endRow="18" startCol="1" startRow="18" x0="736" x1="1040" y0="1738" y1="1792">(64769,4883,514)</Cell>
<Cell dontCare="false" endCol="2" endRow="18" startCol="2" startRow="18" x0="1040" x1="1290" y0="1738" y1="1792">(64769,4883,771)</Cell>
<Cell dontCare="false" endCol="3" endRow="18" startCol="3" startRow="18" x0="1290" x1="1532" y0="1738" y1="1792">(64769,4883,1028)</Cell>
<Cell dontCare="false" endCol="4" endRow="18" startCol="4" startRow="18" x0="1532" x1="1758" y0="1738" y1="1792">(64769,4883,1285)</Cell>
<Cell dontCare="false" endCol="0" endRow="19" startCol="0" startRow="19" x0="140" x1="736" y0="1792" y1="1854">(64769,5140,257)</Cell>
<Cell dontCare="false" endCol="1" endRow="19" startCol="1" startRow="19" x0="736" x1="1040" y0="1792" y1="1854">(64769,5140,514)</Cell>
<Cell dontCare="false" endCol="2" endRow="19" startCol="2" startRow="19" x0="1040" x1="1290" y0="1792" y1="1854">(64769,5140,771)</Cell>
<Cell dontCare="false" endCol="3" endRow="19" startCol="3" startRow="19" x0="1290" x1="1532" y0="1792" y1="1854">(64769,5140,1028)</Cell>
<Cell dontCare="false" endCol="4" endRow="19" startCol="4" startRow="19" x0="1532" x1="1758" y0="1792" y1="1854">(64769,5140,1285)</Cell>
<Cell dontCare="false" endCol="0" endRow="20" startCol="0" startRow="20" x0="140" x1="736" y0="1854" y1="1910">(64769,5397,257)</Cell>
<Cell dontCare="false" endCol="1" endRow="20" startCol="1" startRow="20" x0="736" x1="1040" y0="1854" y1="1910">(64769,5397,514)</Cell>
<Cell dontCare="false" endCol="2" endRow="20" startCol="2" startRow="20" x0="1040" x1="1290" y0="1854" y1="1910">(64769,5397,771)</Cell>
<Cell dontCare="false" endCol="3" endRow="20" startCol="3" startRow="20" x0="1290" x1="1532" y0="1854" y1="1910">(64769,5397,1028)</Cell>
<Cell dontCare="false" endCol="4" endRow="20" startCol="4" startRow="20" x0="1532" x1="1758" y0="1854" y1="1910">(64769,5397,1285)</Cell>
<Cell dontCare="false" endCol="0" endRow="21" startCol="0" startRow="21" x0="140" x1="736" y0="1910" y1="1968">(64769,5654,257)</Cell>
<Cell dontCare="false" endCol="1" endRow="21" startCol="1" startRow="21" x0="736" x1="1040" y0="1910" y1="1968">(64769,5654,514)</Cell>
<Cell dontCare="false" endCol="2" endRow="21" startCol="2" startRow="21" x0="1040" x1="1290" y0="1910" y1="1968">(64769,5654,771)</Cell>
<Cell dontCare="false" endCol="3" endRow="21" startCol="3" startRow="21" x0="1290" x1="1532" y0="1910" y1="1968">(64769,5654,1028)</Cell>
<Cell dontCare="false" endCol="4" endRow="21" startCol="4" startRow="21" x0="1532" x1="1758" y0="1910" y1="1968">(64769,5654,1285)</Cell>
<Cell dontCare="false" endCol="0" endRow="22" startCol="0" startRow="22" x0="140" x1="736" y0="1968" y1="2048">(64769,5911,257)</Cell>
<Cell dontCare="false" endCol="1" endRow="22" startCol="1" startRow="22" x0="736" x1="1040" y0="1968" y1="2048">(64769,5911,514)</Cell>
<Cell dontCare="false" endCol="2" endRow="22" startCol="2" startRow="22" x0="1040" x1="1290" y0="1968" y1="2048">(64769,5911,771)</Cell>
<Cell dontCare="false" endCol="3" endRow="22" startCol="3" startRow="22" x0="1290" x1="1532" y0="1968" y1="2048">(64769,5911,1028)</Cell>
<Cell dontCare="false" endCol="4" endRow="22" startCol="4" startRow="22" x0="1532" x1="1758" y0="1968" y1="2048">(64769,5911,1285)</Cell>
</Table>
</Tables>
</GroundTruth>
