<?xml version="1.0" encoding="UTF-8" standalone="no"?>
<GroundTruth InputFile="C:\Dokumente und Einstellungen\mehmood\Desktop\dataset\skew_corrected\unlv_tables_bin_test\9517_037.png">
<Tables>
<Table x0="220" x1="2256" y0="1650" y1="2122">
<Row x0="220" x1="2256" y0="1738" y1="1738"/>
<Row x0="220" x1="2256" y0="1820" y1="1820"/>
<Row x0="220" x1="2256" y0="1882" y1="1882"/>
<Row x0="220" x1="2256" y0="1944" y1="1944"/>
<Row x0="220" x1="2256" y0="2006" y1="2006"/>
<Column x0="1132" x1="1132" y0="1650" y1="2122"/>
<Column x0="2024" x1="2024" y0="1650" y1="2122"/>
<Cell dontCare="false" endCol="0" endRow="0" startCol="0" startRow="0" x0="220" x1="1132" y0="1650" y1="1738">(64769,257,257)</Cell>
<Cell dontCare="false" endCol="1" endRow="0" startCol="1" startRow="0" x0="1132" x1="2024" y0="1650" y1="1738">(64769,257,514)</Cell>
<Cell dontCare="false" endCol="2" endRow="0" startCol="2" startRow="0" x0="2024" x1="2256" y0="1650" y1="1738">(64769,257,771)</Cell>
<Cell dontCare="false" endCol="0" endRow="1" startCol="0" startRow="1" x0="220" x1="1132" y0="1738" y1="1820">(64769,514,257)</Cell>
<Cell dontCare="false" endCol="1" endRow="1" startCol="1" startRow="1" x0="1132" x1="2024" y0="1738" y1="1820">(64769,514,514)</Cell>
<Cell dontCare="false" endCol="2" endRow="1" startCol="2" startRow="1" x0="2024" x1="2256" y0="1738" y1="1820">(64769,514,771)</Cell>
<Cell dontCare="false" endCol="0" endRow="2" startCol="0" startRow="2" x0="220" x1="1132" y0="1820" y1="1882">(64769,771,257)</Cell>
<Cell dontCare="false" endCol="1" endRow="2" startCol="1" startRow="2" x0="1132" x1="2024" y0="1820" y1="1882">(64769,771,514)</Cell>
<Cell dontCare="false" endCol="2" endRow="2" startCol="2" startRow="2" x0="2024" x1="2256" y0="1820" y1="1882">(64769,771,771)</Cell>
<Cell dontCare="false" endCol="0" endRow="3" startCol="0" startRow="3" x0="220" x1="1132" y0="1882" y1="1944">(64769,1028,257)</Cell>
<Cell dontCare="false" endCol="1" endRow="3" startCol="1" startRow="3" x0="1132" x1="2024" y0="1882" y1="1944">(64769,1028,514)</Cell>
<Cell dontCare="false" endCol="2" endRow="3" startCol="2" startRow="3" x0="2024" x1="2256" y0="1882" y1="1944">(64769,1028,771)</Cell>
<Cell dontCare="false" endCol="0" endRow="4" startCol="0" startRow="4" x0="220" x1="1132" y0="1944" y1="2006">(64769,1285,257)</Cell>
<Cell dontCare="false" endCol="1" endRow="4" startCol="1" startRow="4" x0="1132" x1="2024" y0="1944" y1="2006">(64769,1285,514)</Cell>
<Cell dontCare="false" endCol="2" endRow="4" startCol="2" startRow="4" x0="2024" x1="2256" y0="1944" y1="2006">(64769,1285,771)</Cell>
<Cell dontCare="false" endCol="0" endRow="5" startCol="0" startRow="5" x0="220" x1="1132" y0="2006" y1="2122">(64769,1542,257)</Cell>
<Cell dontCare="false" endCol="1" endRow="5" startCol="1" startRow="5" x0="1132" x1="2024" y0="2006" y1="2122">(64769,1542,514)</Cell>
<Cell dontCare="false" endCol="2" endRow="5" startCol="2" startRow="5" x0="2024" x1="2256" y0="2006" y1="2122">(64769,1542,771)</Cell>
</Table>
</Tables>
</GroundTruth>
