<?xml version="1.0" encoding="UTF-8" standalone="no"?>
<GroundTruth InputFile="C:\Dokumente und Einstellungen\mehmood\Desktop\dataset\skew_corrected\unlv_tables_bin_test\9518_015.png">
<Tables>
<Table x0="34" x1="1082" y0="1126" y1="1532">
<Row x0="34" x1="1082" y0="1226" y1="1226"/>
<Row x0="34" x1="1082" y0="1286" y1="1286"/>
<Row x0="34" x1="1082" y0="1342" y1="1342"/>
<Row x0="34" x1="1082" y0="1402" y1="1402"/>
<Row x0="34" x1="1082" y0="1464" y1="1464"/>
<Column x0="420" x1="420" y0="1126" y1="1532"/>
<Column x0="812" x1="812" y0="1126" y1="1532"/>
<Cell dontCare="false" endCol="0" endRow="0" startCol="0" startRow="0" x0="34" x1="420" y0="1126" y1="1226">(64769,257,257)</Cell>
<Cell dontCare="false" endCol="1" endRow="0" startCol="1" startRow="0" x0="420" x1="812" y0="1126" y1="1226">(64769,257,514)</Cell>
<Cell dontCare="false" endCol="2" endRow="0" startCol="2" startRow="0" x0="812" x1="1082" y0="1126" y1="1226">(64769,257,771)</Cell>
<Cell dontCare="false" endCol="0" endRow="1" startCol="0" startRow="1" x0="34" x1="420" y0="1226" y1="1286">(64769,514,257)</Cell>
<Cell dontCare="false" endCol="1" endRow="1" startCol="1" startRow="1" x0="420" x1="812" y0="1226" y1="1286">(64769,514,514)</Cell>
<Cell dontCare="false" endCol="2" endRow="1" startCol="2" startRow="1" x0="812" x1="1082" y0="1226" y1="1286">(64769,514,771)</Cell>
<Cell dontCare="false" endCol="0" endRow="2" startCol="0" startRow="2" x0="34" x1="420" y0="1286" y1="1342">(64769,771,257)</Cell>
<Cell dontCare="false" endCol="1" endRow="2" startCol="1" startRow="2" x0="420" x1="812" y0="1286" y1="1342">(64769,771,514)</Cell>
<Cell dontCare="false" endCol="2" endRow="2" startCol="2" startRow="2" x0="812" x1="1082" y0="1286" y1="1342">(64769,771,771)</Cell>
<Cell dontCare="false" endCol="0" endRow="3" startCol="0" startRow="3" x0="34" x1="420" y0="1342" y1="1402">(64769,1028,257)</Cell>
<Cell dontCare="false" endCol="1" endRow="3" startCol="1" startRow="3" x0="420" x1="812" y0="1342" y1="1402">(64769,1028,514)</Cell>
<Cell dontCare="false" endCol="2" endRow="3" startCol="2" startRow="3" x0="812" x1="1082" y0="1342" y1="1402">(64769,1028,771)</Cell>
<Cell dontCare="false" endCol="0" endRow="4" startCol="0" startRow="4" x0="34" x1="420" y0="1402" y1="1464">(64769,1285,257)</Cell>
<Cell dontCare="false" endCol="1" endRow="4" startCol="1" startRow="4" x0="420" x1="812" y0="1402" y1="1464">(64769,1285,514)</Cell>
<Cell dontCare="false" endCol="2" endRow="4" startCol="2" startRow="4" x0="812" x1="1082" y0="1402" y1="1464">(64769,1285,771)</Cell>
<Cell dontCare="false" endCol="0" endRow="5" startCol="0" startRow="5" x0="34" x1="420" y0="1464" y1="1532">(64769,1542,257)</Cell>
<Cell dontCare="false" endCol="1" endRow="5" startCol="1" startRow="5" x0="420" x1="812" y0="1464" y1="1532">(64769,1542,514)</Cell>
<Cell dontCare="false" endCol="2" endRow="5" startCol="2" startRow="5" x0="812" x1="1082" y0="1464" y1="1532">(64769,1542,771)</Cell>
</Table>
<Table x0="1208" x1="2284" y0="1494" y1="2176">
<Row x0="1208" x1="2284" y0="1580" y1="1580"/>
<Row x0="1208" x1="2284" y0="1644" y1="1644"/>
<Row x0="1208" x1="2284" y0="1752" y1="1752"/>
<Row x0="1208" x1="2284" y0="1818" y1="1818"/>
<Row x0="1208" x1="2284" y0="1868" y1="1868"/>
<Row x0="1208" x1="2284" y0="1924" y1="1924"/>
<Row x0="1208" x1="2284" y0="1990" y1="1990"/>
<Row x0="1208" x1="2284" y0="2044" y1="2044"/>
<Row x0="1208" x1="2284" y0="2102" y1="2102"/>
<Column x0="1712" x1="1712" y0="1494" y1="2176"/>
<Column x0="1988" x1="1988" y0="1494" y1="2176"/>
<Cell dontCare="false" endCol="0" endRow="0" startCol="0" startRow="0" x0="1208" x1="1712" y0="1494" y1="1580">(64770,257,257)</Cell>
<Cell dontCare="false" endCol="1" endRow="0" startCol="1" startRow="0" x0="1712" x1="1988" y0="1494" y1="1580">(64770,257,514)</Cell>
<Cell dontCare="false" endCol="2" endRow="0" startCol="2" startRow="0" x0="1988" x1="2284" y0="1494" y1="1580">(64770,257,771)</Cell>
<Cell dontCare="false" endCol="0" endRow="1" startCol="0" startRow="1" x0="1208" x1="1712" y0="1580" y1="1644">(64770,514,257)</Cell>
<Cell dontCare="false" endCol="1" endRow="1" startCol="1" startRow="1" x0="1712" x1="1988" y0="1580" y1="1644">(64770,514,514)</Cell>
<Cell dontCare="false" endCol="2" endRow="1" startCol="2" startRow="1" x0="1988" x1="2284" y0="1580" y1="1644">(64770,514,771)</Cell>
<Cell dontCare="false" endCol="0" endRow="2" startCol="0" startRow="2" x0="1208" x1="1712" y0="1644" y1="1752">(64770,771,257)</Cell>
<Cell dontCare="false" endCol="1" endRow="2" startCol="1" startRow="2" x0="1712" x1="1988" y0="1644" y1="1752">(64770,771,514)</Cell>
<Cell dontCare="false" endCol="2" endRow="2" startCol="2" startRow="2" x0="1988" x1="2284" y0="1644" y1="1752">(64770,771,771)</Cell>
<Cell dontCare="false" endCol="0" endRow="3" startCol="0" startRow="3" x0="1208" x1="1712" y0="1752" y1="1818">(64770,1028,257)</Cell>
<Cell dontCare="false" endCol="1" endRow="3" startCol="1" startRow="3" x0="1712" x1="1988" y0="1752" y1="1818">(64770,1028,514)</Cell>
<Cell dontCare="false" endCol="2" endRow="3" startCol="2" startRow="3" x0="1988" x1="2284" y0="1752" y1="1818">(64770,1028,771)</Cell>
<Cell dontCare="false" endCol="2" endRow="4" startCol="0" startRow="4" x0="1208" x1="2284" y0="1818" y1="1868">(64770,1285,259)</Cell>
<Cell dontCare="true" endCol="1" endRow="4" startCol="1" startRow="4" x0="1712" x1="1988" y0="1818" y1="1868">(64770,1285,514)</Cell>
<Cell dontCare="true" endCol="2" endRow="4" startCol="2" startRow="4" x0="1988" x1="2284" y0="1818" y1="1868">(64770,1285,771)</Cell>
<Cell dontCare="false" endCol="0" endRow="5" startCol="0" startRow="5" x0="1208" x1="1712" y0="1868" y1="1924">(64770,1542,257)</Cell>
<Cell dontCare="false" endCol="1" endRow="5" startCol="1" startRow="5" x0="1712" x1="1988" y0="1868" y1="1924">(64770,1542,514)</Cell>
<Cell dontCare="false" endCol="2" endRow="5" startCol="2" startRow="5" x0="1988" x1="2284" y0="1868" y1="1924">(64770,1542,771)</Cell>
<Cell dontCare="false" endCol="0" endRow="6" startCol="0" startRow="6" x0="1208" x1="1712" y0="1924" y1="1990">(64770,1799,257)</Cell>
<Cell dontCare="false" endCol="1" endRow="6" startCol="1" startRow="6" x0="1712" x1="1988" y0="1924" y1="1990">(64770,1799,514)</Cell>
<Cell dontCare="false" endCol="2" endRow="6" startCol="2" startRow="6" x0="1988" x1="2284" y0="1924" y1="1990">(64770,1799,771)</Cell>
<Cell dontCare="false" endCol="0" endRow="7" startCol="0" startRow="7" x0="1208" x1="1712" y0="1990" y1="2044">(64770,2056,257)</Cell>
<Cell dontCare="false" endCol="1" endRow="7" startCol="1" startRow="7" x0="1712" x1="1988" y0="1990" y1="2044">(64770,2056,514)</Cell>
<Cell dontCare="false" endCol="2" endRow="7" startCol="2" startRow="7" x0="1988" x1="2284" y0="1990" y1="2044">(64770,2056,771)</Cell>
<Cell dontCare="false" endCol="0" endRow="8" startCol="0" startRow="8" x0="1208" x1="1712" y0="2044" y1="2102">(64770,2313,257)</Cell>
<Cell dontCare="false" endCol="1" endRow="8" startCol="1" startRow="8" x0="1712" x1="1988" y0="2044" y1="2102">(64770,2313,514)</Cell>
<Cell dontCare="false" endCol="2" endRow="8" startCol="2" startRow="8" x0="1988" x1="2284" y0="2044" y1="2102">(64770,2313,771)</Cell>
<Cell dontCare="false" endCol="0" endRow="9" startCol="0" startRow="9" x0="1208" x1="1712" y0="2102" y1="2176">(64770,2570,257)</Cell>
<Cell dontCare="false" endCol="1" endRow="9" startCol="1" startRow="9" x0="1712" x1="1988" y0="2102" y1="2176">(64770,2570,514)</Cell>
<Cell dontCare="false" endCol="2" endRow="9" startCol="2" startRow="9" x0="1988" x1="2284" y0="2102" y1="2176">(64770,2570,771)</Cell>
</Table>
</Tables>
</GroundTruth>
