<?xml version="1.0" encoding="UTF-8" standalone="no"?>
<GroundTruth InputFile="C:\Dokumente und Einstellungen\mehmood\Desktop\task_december\problem_files\9518_018.png">
<Tables>
<Table x0="205" x1="1281" y0="1022" y1="1325">
<Row x0="205" x1="1281" y0="1122" y1="1122"/>
<Row x0="205" x1="1281" y0="1177" y1="1177"/>
<Row x0="205" x1="1281" y0="1237" y1="1237"/>
<Column x0="622" x1="622" y0="1022" y1="1325"/>
<Column x0="844" x1="844" y0="1022" y1="1325"/>
<Column x0="1064" x1="1064" y0="1022" y1="1325"/>
<Cell dontCare="false" endCol="0" endRow="0" startCol="0" startRow="0" x0="205" x1="622" y0="1022" y1="1122">(64769,257,257)</Cell>
<Cell dontCare="false" endCol="1" endRow="0" startCol="1" startRow="0" x0="622" x1="844" y0="1022" y1="1122">(64769,257,514)</Cell>
<Cell dontCare="false" endCol="2" endRow="0" startCol="2" startRow="0" x0="844" x1="1064" y0="1022" y1="1122">(64769,257,771)</Cell>
<Cell dontCare="false" endCol="3" endRow="0" startCol="3" startRow="0" x0="1064" x1="1281" y0="1022" y1="1122">(64769,257,1028)</Cell>
<Cell dontCare="false" endCol="3" endRow="1" startCol="0" startRow="1" x0="205" x1="1281" y0="1122" y1="1177">(64769,514,260)</Cell>
<Cell dontCare="true" endCol="1" endRow="1" startCol="1" startRow="1" x0="622" x1="844" y0="1122" y1="1177">(64769,514,514)</Cell>
<Cell dontCare="true" endCol="2" endRow="1" startCol="2" startRow="1" x0="844" x1="1064" y0="1122" y1="1177">(64769,514,771)</Cell>
<Cell dontCare="true" endCol="3" endRow="1" startCol="3" startRow="1" x0="1064" x1="1281" y0="1122" y1="1177">(64769,514,1028)</Cell>
<Cell dontCare="false" endCol="0" endRow="2" startCol="0" startRow="2" x0="205" x1="622" y0="1177" y1="1237">(64769,771,257)</Cell>
<Cell dontCare="false" endCol="1" endRow="2" startCol="1" startRow="2" x0="622" x1="844" y0="1177" y1="1237">(64769,771,514)</Cell>
<Cell dontCare="false" endCol="2" endRow="2" startCol="2" startRow="2" x0="844" x1="1064" y0="1177" y1="1237">(64769,771,771)</Cell>
<Cell dontCare="false" endCol="3" endRow="2" startCol="3" startRow="2" x0="1064" x1="1281" y0="1177" y1="1237">(64769,771,1028)</Cell>
<Cell dontCare="false" endCol="0" endRow="3" startCol="0" startRow="3" x0="205" x1="622" y0="1237" y1="1325">(64769,1028,257)</Cell>
<Cell dontCare="false" endCol="1" endRow="3" startCol="1" startRow="3" x0="622" x1="844" y0="1237" y1="1325">(64769,1028,514)</Cell>
<Cell dontCare="false" endCol="2" endRow="3" startCol="2" startRow="3" x0="844" x1="1064" y0="1237" y1="1325">(64769,1028,771)</Cell>
<Cell dontCare="false" endCol="3" endRow="3" startCol="3" startRow="3" x0="1064" x1="1281" y0="1237" y1="1325">(64769,1028,1028)</Cell>
</Table>
<Table x0="208" x1="1275" y0="2502" y1="2825">
<Row x0="208" x1="1275" y0="2632" y1="2632"/>
<Row x0="208" x1="1275" y0="2684" y1="2684"/>
<Row x0="208" x1="1275" y0="2747" y1="2747"/>
<Column x0="662" x1="662" y0="2502" y1="2825"/>
<Column x0="1032" x1="1032" y0="2502" y1="2825"/>
<Cell dontCare="false" endCol="0" endRow="0" startCol="0" startRow="0" x0="208" x1="662" y0="2502" y1="2632">(64770,257,257)</Cell>
<Cell dontCare="false" endCol="1" endRow="0" startCol="1" startRow="0" x0="662" x1="1032" y0="2502" y1="2632">(64770,257,514)</Cell>
<Cell dontCare="false" endCol="2" endRow="0" startCol="2" startRow="0" x0="1032" x1="1275" y0="2502" y1="2632">(64770,257,771)</Cell>
<Cell dontCare="false" endCol="2" endRow="1" startCol="0" startRow="1" x0="208" x1="1275" y0="2632" y1="2684">(64770,514,259)</Cell>
<Cell dontCare="true" endCol="1" endRow="1" startCol="1" startRow="1" x0="662" x1="1032" y0="2632" y1="2684">(64770,514,514)</Cell>
<Cell dontCare="true" endCol="2" endRow="1" startCol="2" startRow="1" x0="1032" x1="1275" y0="2632" y1="2684">(64770,514,771)</Cell>
<Cell dontCare="false" endCol="0" endRow="2" startCol="0" startRow="2" x0="208" x1="662" y0="2684" y1="2747">(64770,771,257)</Cell>
<Cell dontCare="false" endCol="1" endRow="2" startCol="1" startRow="2" x0="662" x1="1032" y0="2684" y1="2747">(64770,771,514)</Cell>
<Cell dontCare="false" endCol="2" endRow="2" startCol="2" startRow="2" x0="1032" x1="1275" y0="2684" y1="2747">(64770,771,771)</Cell>
<Cell dontCare="false" endCol="0" endRow="3" startCol="0" startRow="3" x0="208" x1="662" y0="2747" y1="2825">(64770,1028,257)</Cell>
<Cell dontCare="false" endCol="1" endRow="3" startCol="1" startRow="3" x0="662" x1="1032" y0="2747" y1="2825">(64770,1028,514)</Cell>
<Cell dontCare="false" endCol="2" endRow="3" startCol="2" startRow="3" x0="1032" x1="1275" y0="2747" y1="2825">(64770,1028,771)</Cell>
</Table>
</Tables>
</GroundTruth>
