<?xml version="1.0" encoding="UTF-8" standalone="no"?>
<GroundTruth InputFile="C:\Dokumente und Einstellungen\mehmood\Desktop\dataset\skew_corrected\unlv_tables_bin_test\9519_045.png">
<Tables>
<Table x0="576" x1="2444" y0="1740" y1="2230">
<Row x0="576" x1="2444" y0="1788" y1="1788"/>
<Row x0="576" x1="2444" y0="1866" y1="1866"/>
<Row x0="576" x1="2444" y0="1912" y1="1912"/>
<Row x0="576" x1="2444" y0="1998" y1="1998"/>
<Row x0="576" x1="2444" y0="2060" y1="2060"/>
<Row x0="576" x1="2444" y0="2116" y1="2116"/>
<Row x0="576" x1="2444" y0="2172" y1="2172"/>
<Column x0="1252" x1="1252" y0="1740" y1="2230"/>
<Column x0="1632" x1="1632" y0="1740" y1="2230"/>
<Column x0="1850" x1="1850" y0="1740" y1="2230"/>
<Column x0="2040" x1="2040" y0="1740" y1="2230"/>
<Column x0="2200" x1="2200" y0="1740" y1="2230"/>
<Cell dontCare="false" endCol="0" endRow="0" startCol="0" startRow="0" x0="576" x1="1252" y0="1740" y1="1788">(64769,257,257)</Cell>
<Cell dontCare="false" endCol="1" endRow="0" startCol="1" startRow="0" x0="1252" x1="1632" y0="1740" y1="1788">(64769,257,514)</Cell>
<Cell dontCare="false" endCol="2" endRow="0" startCol="2" startRow="0" x0="1632" x1="1850" y0="1740" y1="1788">(64769,257,771)</Cell>
<Cell dontCare="false" endCol="3" endRow="0" startCol="3" startRow="0" x0="1850" x1="2040" y0="1740" y1="1788">(64769,257,1028)</Cell>
<Cell dontCare="false" endCol="4" endRow="0" startCol="4" startRow="0" x0="2040" x1="2200" y0="1740" y1="1788">(64769,257,1285)</Cell>
<Cell dontCare="false" endCol="5" endRow="2" startCol="5" startRow="0" x0="2200" x1="2444" y0="1740" y1="1912">(64769,259,1542)</Cell>
<Cell dontCare="false" endCol="0" endRow="1" startCol="0" startRow="1" x0="576" x1="1252" y0="1788" y1="1866">(64769,514,257)</Cell>
<Cell dontCare="false" endCol="3" endRow="1" startCol="1" startRow="1" x0="1252" x1="2040" y0="1788" y1="1866">(64769,514,516)</Cell>
<Cell dontCare="true" endCol="2" endRow="1" startCol="2" startRow="1" x0="1632" x1="1850" y0="1788" y1="1866">(64769,514,771)</Cell>
<Cell dontCare="true" endCol="3" endRow="1" startCol="3" startRow="1" x0="1850" x1="2040" y0="1788" y1="1866">(64769,514,1028)</Cell>
<Cell dontCare="false" endCol="4" endRow="2" startCol="4" startRow="1" x0="2040" x1="2200" y0="1788" y1="1912">(64769,515,1285)</Cell>
<Cell dontCare="true" endCol="5" endRow="1" startCol="5" startRow="1" x0="2200" x1="2444" y0="1788" y1="1866">(64769,514,1542)</Cell>
<Cell dontCare="false" endCol="0" endRow="2" startCol="0" startRow="2" x0="576" x1="1252" y0="1866" y1="1912">(64769,771,257)</Cell>
<Cell dontCare="false" endCol="1" endRow="2" startCol="1" startRow="2" x0="1252" x1="1632" y0="1866" y1="1912">(64769,771,514)</Cell>
<Cell dontCare="false" endCol="2" endRow="2" startCol="2" startRow="2" x0="1632" x1="1850" y0="1866" y1="1912">(64769,771,771)</Cell>
<Cell dontCare="false" endCol="3" endRow="2" startCol="3" startRow="2" x0="1850" x1="2040" y0="1866" y1="1912">(64769,771,1028)</Cell>
<Cell dontCare="true" endCol="4" endRow="2" startCol="4" startRow="2" x0="2040" x1="2200" y0="1866" y1="1912">(64769,771,1285)</Cell>
<Cell dontCare="true" endCol="5" endRow="2" startCol="5" startRow="2" x0="2200" x1="2444" y0="1866" y1="1912">(64769,771,1542)</Cell>
<Cell dontCare="false" endCol="0" endRow="3" startCol="0" startRow="3" x0="576" x1="1252" y0="1912" y1="1998">(64769,1028,257)</Cell>
<Cell dontCare="false" endCol="1" endRow="3" startCol="1" startRow="3" x0="1252" x1="1632" y0="1912" y1="1998">(64769,1028,514)</Cell>
<Cell dontCare="false" endCol="2" endRow="3" startCol="2" startRow="3" x0="1632" x1="1850" y0="1912" y1="1998">(64769,1028,771)</Cell>
<Cell dontCare="false" endCol="3" endRow="3" startCol="3" startRow="3" x0="1850" x1="2040" y0="1912" y1="1998">(64769,1028,1028)</Cell>
<Cell dontCare="false" endCol="4" endRow="3" startCol="4" startRow="3" x0="2040" x1="2200" y0="1912" y1="1998">(64769,1028,1285)</Cell>
<Cell dontCare="false" endCol="5" endRow="3" startCol="5" startRow="3" x0="2200" x1="2444" y0="1912" y1="1998">(64769,1028,1542)</Cell>
<Cell dontCare="false" endCol="0" endRow="4" startCol="0" startRow="4" x0="576" x1="1252" y0="1998" y1="2060">(64769,1285,257)</Cell>
<Cell dontCare="false" endCol="1" endRow="4" startCol="1" startRow="4" x0="1252" x1="1632" y0="1998" y1="2060">(64769,1285,514)</Cell>
<Cell dontCare="false" endCol="2" endRow="4" startCol="2" startRow="4" x0="1632" x1="1850" y0="1998" y1="2060">(64769,1285,771)</Cell>
<Cell dontCare="false" endCol="3" endRow="4" startCol="3" startRow="4" x0="1850" x1="2040" y0="1998" y1="2060">(64769,1285,1028)</Cell>
<Cell dontCare="false" endCol="4" endRow="4" startCol="4" startRow="4" x0="2040" x1="2200" y0="1998" y1="2060">(64769,1285,1285)</Cell>
<Cell dontCare="false" endCol="5" endRow="4" startCol="5" startRow="4" x0="2200" x1="2444" y0="1998" y1="2060">(64769,1285,1542)</Cell>
<Cell dontCare="false" endCol="0" endRow="5" startCol="0" startRow="5" x0="576" x1="1252" y0="2060" y1="2116">(64769,1542,257)</Cell>
<Cell dontCare="false" endCol="1" endRow="5" startCol="1" startRow="5" x0="1252" x1="1632" y0="2060" y1="2116">(64769,1542,514)</Cell>
<Cell dontCare="false" endCol="2" endRow="5" startCol="2" startRow="5" x0="1632" x1="1850" y0="2060" y1="2116">(64769,1542,771)</Cell>
<Cell dontCare="false" endCol="3" endRow="5" startCol="3" startRow="5" x0="1850" x1="2040" y0="2060" y1="2116">(64769,1542,1028)</Cell>
<Cell dontCare="false" endCol="4" endRow="5" startCol="4" startRow="5" x0="2040" x1="2200" y0="2060" y1="2116">(64769,1542,1285)</Cell>
<Cell dontCare="false" endCol="5" endRow="5" startCol="5" startRow="5" x0="2200" x1="2444" y0="2060" y1="2116">(64769,1542,1542)</Cell>
<Cell dontCare="false" endCol="0" endRow="6" startCol="0" startRow="6" x0="576" x1="1252" y0="2116" y1="2172">(64769,1799,257)</Cell>
<Cell dontCare="false" endCol="1" endRow="6" startCol="1" startRow="6" x0="1252" x1="1632" y0="2116" y1="2172">(64769,1799,514)</Cell>
<Cell dontCare="false" endCol="2" endRow="6" startCol="2" startRow="6" x0="1632" x1="1850" y0="2116" y1="2172">(64769,1799,771)</Cell>
<Cell dontCare="false" endCol="3" endRow="6" startCol="3" startRow="6" x0="1850" x1="2040" y0="2116" y1="2172">(64769,1799,1028)</Cell>
<Cell dontCare="false" endCol="4" endRow="6" startCol="4" startRow="6" x0="2040" x1="2200" y0="2116" y1="2172">(64769,1799,1285)</Cell>
<Cell dontCare="false" endCol="5" endRow="6" startCol="5" startRow="6" x0="2200" x1="2444" y0="2116" y1="2172">(64769,1799,1542)</Cell>
<Cell dontCare="false" endCol="0" endRow="7" startCol="0" startRow="7" x0="576" x1="1252" y0="2172" y1="2230">(64769,2056,257)</Cell>
<Cell dontCare="false" endCol="1" endRow="7" startCol="1" startRow="7" x0="1252" x1="1632" y0="2172" y1="2230">(64769,2056,514)</Cell>
<Cell dontCare="false" endCol="2" endRow="7" startCol="2" startRow="7" x0="1632" x1="1850" y0="2172" y1="2230">(64769,2056,771)</Cell>
<Cell dontCare="false" endCol="3" endRow="7" startCol="3" startRow="7" x0="1850" x1="2040" y0="2172" y1="2230">(64769,2056,1028)</Cell>
<Cell dontCare="false" endCol="4" endRow="7" startCol="4" startRow="7" x0="2040" x1="2200" y0="2172" y1="2230">(64769,2056,1285)</Cell>
<Cell dontCare="false" endCol="5" endRow="7" startCol="5" startRow="7" x0="2200" x1="2444" y0="2172" y1="2230">(64769,2056,1542)</Cell>
</Table>
</Tables>
</GroundTruth>
