<?xml version="1.0" encoding="UTF-8" standalone="no"?>
<GroundTruth InputFile="C:\Dokumente und Einstellungen\mehmood\Desktop\task_december\problem_files\9519_034.png">
<Tables>
<Table x0="636" x1="2526" y0="440" y1="2940">
<Row x0="636" x1="2526" y0="508" y1="508"/>
<Row x0="636" x1="2526" y0="574" y1="574"/>
<Row x0="636" x1="2526" y0="644" y1="644"/>
<Row x0="636" x1="2526" y0="698" y1="698"/>
<Row x0="636" x1="2526" y0="808" y1="808"/>
<Row x0="636" x1="2526" y0="864" y1="864"/>
<Row x0="636" x1="2526" y0="914" y1="914"/>
<Row x0="636" x1="2526" y0="968" y1="968"/>
<Row x0="636" x1="2526" y0="1020" y1="1020"/>
<Row x0="636" x1="2526" y0="1080" y1="1080"/>
<Row x0="636" x1="2526" y0="1128" y1="1128"/>
<Row x0="636" x1="2526" y0="1184" y1="1184"/>
<Row x0="636" x1="2526" y0="1246" y1="1246"/>
<Row x0="636" x1="2526" y0="1292" y1="1292"/>
<Row x0="636" x1="2526" y0="1344" y1="1344"/>
<Row x0="636" x1="2526" y0="1402" y1="1402"/>
<Row x0="636" x1="2526" y0="1472" y1="1472"/>
<Row x0="636" x1="2526" y0="1526" y1="1526"/>
<Row x0="636" x1="2526" y0="1586" y1="1586"/>
<Row x0="636" x1="2526" y0="1696" y1="1696"/>
<Row x0="636" x1="2526" y0="1744" y1="1744"/>
<Row x0="636" x1="2526" y0="1808" y1="1808"/>
<Row x0="636" x1="2526" y0="1856" y1="1856"/>
<Row x0="636" x1="2526" y0="1922" y1="1922"/>
<Row x0="636" x1="2526" y0="1974" y1="1974"/>
<Row x0="636" x1="2526" y0="2028" y1="2028"/>
<Row x0="636" x1="2526" y0="2084" y1="2084"/>
<Row x0="636" x1="2526" y0="2136" y1="2136"/>
<Row x0="636" x1="2526" y0="2186" y1="2186"/>
<Row x0="636" x1="2526" y0="2248" y1="2248"/>
<Row x0="636" x1="2526" y0="2302" y1="2302"/>
<Row x0="636" x1="2526" y0="2360" y1="2360"/>
<Row x0="636" x1="2526" y0="2420" y1="2420"/>
<Row x0="636" x1="2526" y0="2534" y1="2534"/>
<Row x0="636" x1="2526" y0="2590" y1="2590"/>
<Row x0="636" x1="2526" y0="2648" y1="2648"/>
<Row x0="636" x1="2526" y0="2704" y1="2704"/>
<Row x0="636" x1="2526" y0="2766" y1="2766"/>
<Row x0="636" x1="2526" y0="2826" y1="2826"/>
<Row x0="636" x1="2526" y0="2876" y1="2876"/>
<Column x0="1696" x1="1696" y0="440" y1="2940"/>
<Column x0="1982" x1="1982" y0="440" y1="2940"/>
<Column x0="2274" x1="2274" y0="440" y1="2940"/>
<Cell dontCare="false" endCol="3" endRow="0" startCol="0" startRow="0" x0="636" x1="2526" y0="440" y1="508">(64769,257,260)</Cell>
<Cell dontCare="true" endCol="1" endRow="0" startCol="1" startRow="0" x0="1696" x1="1982" y0="440" y1="508">(64769,257,514)</Cell>
<Cell dontCare="true" endCol="2" endRow="0" startCol="2" startRow="0" x0="1982" x1="2274" y0="440" y1="508">(64769,257,771)</Cell>
<Cell dontCare="true" endCol="3" endRow="0" startCol="3" startRow="0" x0="2274" x1="2526" y0="440" y1="508">(64769,257,1028)</Cell>
<Cell dontCare="false" endCol="0" endRow="1" startCol="0" startRow="1" x0="636" x1="1696" y0="508" y1="574">(64769,514,257)</Cell>
<Cell dontCare="false" endCol="1" endRow="1" startCol="1" startRow="1" x0="1696" x1="1982" y0="508" y1="574">(64769,514,514)</Cell>
<Cell dontCare="false" endCol="2" endRow="1" startCol="2" startRow="1" x0="1982" x1="2274" y0="508" y1="574">(64769,514,771)</Cell>
<Cell dontCare="false" endCol="3" endRow="1" startCol="3" startRow="1" x0="2274" x1="2526" y0="508" y1="574">(64769,514,1028)</Cell>
<Cell dontCare="false" endCol="3" endRow="2" startCol="0" startRow="2" x0="636" x1="2526" y0="574" y1="644">(64769,771,260)</Cell>
<Cell dontCare="true" endCol="1" endRow="2" startCol="1" startRow="2" x0="1696" x1="1982" y0="574" y1="644">(64769,771,514)</Cell>
<Cell dontCare="true" endCol="2" endRow="2" startCol="2" startRow="2" x0="1982" x1="2274" y0="574" y1="644">(64769,771,771)</Cell>
<Cell dontCare="true" endCol="3" endRow="2" startCol="3" startRow="2" x0="2274" x1="2526" y0="574" y1="644">(64769,771,1028)</Cell>
<Cell dontCare="false" endCol="0" endRow="3" startCol="0" startRow="3" x0="636" x1="1696" y0="644" y1="698">(64769,1028,257)</Cell>
<Cell dontCare="false" endCol="1" endRow="3" startCol="1" startRow="3" x0="1696" x1="1982" y0="644" y1="698">(64769,1028,514)</Cell>
<Cell dontCare="false" endCol="2" endRow="3" startCol="2" startRow="3" x0="1982" x1="2274" y0="644" y1="698">(64769,1028,771)</Cell>
<Cell dontCare="false" endCol="3" endRow="3" startCol="3" startRow="3" x0="2274" x1="2526" y0="644" y1="698">(64769,1028,1028)</Cell>
<Cell dontCare="false" endCol="3" endRow="4" startCol="0" startRow="4" x0="636" x1="2526" y0="698" y1="808">(64769,1285,260)</Cell>
<Cell dontCare="true" endCol="1" endRow="4" startCol="1" startRow="4" x0="1696" x1="1982" y0="698" y1="808">(64769,1285,514)</Cell>
<Cell dontCare="true" endCol="2" endRow="4" startCol="2" startRow="4" x0="1982" x1="2274" y0="698" y1="808">(64769,1285,771)</Cell>
<Cell dontCare="true" endCol="3" endRow="4" startCol="3" startRow="4" x0="2274" x1="2526" y0="698" y1="808">(64769,1285,1028)</Cell>
<Cell dontCare="false" endCol="0" endRow="5" startCol="0" startRow="5" x0="636" x1="1696" y0="808" y1="864">(64769,1542,257)</Cell>
<Cell dontCare="false" endCol="1" endRow="5" startCol="1" startRow="5" x0="1696" x1="1982" y0="808" y1="864">(64769,1542,514)</Cell>
<Cell dontCare="false" endCol="2" endRow="5" startCol="2" startRow="5" x0="1982" x1="2274" y0="808" y1="864">(64769,1542,771)</Cell>
<Cell dontCare="false" endCol="3" endRow="5" startCol="3" startRow="5" x0="2274" x1="2526" y0="808" y1="864">(64769,1542,1028)</Cell>
<Cell dontCare="false" endCol="0" endRow="6" startCol="0" startRow="6" x0="636" x1="1696" y0="864" y1="914">(64769,1799,257)</Cell>
<Cell dontCare="false" endCol="1" endRow="6" startCol="1" startRow="6" x0="1696" x1="1982" y0="864" y1="914">(64769,1799,514)</Cell>
<Cell dontCare="false" endCol="2" endRow="6" startCol="2" startRow="6" x0="1982" x1="2274" y0="864" y1="914">(64769,1799,771)</Cell>
<Cell dontCare="false" endCol="3" endRow="6" startCol="3" startRow="6" x0="2274" x1="2526" y0="864" y1="914">(64769,1799,1028)</Cell>
<Cell dontCare="false" endCol="0" endRow="7" startCol="0" startRow="7" x0="636" x1="1696" y0="914" y1="968">(64769,2056,257)</Cell>
<Cell dontCare="false" endCol="1" endRow="7" startCol="1" startRow="7" x0="1696" x1="1982" y0="914" y1="968">(64769,2056,514)</Cell>
<Cell dontCare="false" endCol="2" endRow="7" startCol="2" startRow="7" x0="1982" x1="2274" y0="914" y1="968">(64769,2056,771)</Cell>
<Cell dontCare="false" endCol="3" endRow="7" startCol="3" startRow="7" x0="2274" x1="2526" y0="914" y1="968">(64769,2056,1028)</Cell>
<Cell dontCare="false" endCol="0" endRow="8" startCol="0" startRow="8" x0="636" x1="1696" y0="968" y1="1020">(64769,2313,257)</Cell>
<Cell dontCare="false" endCol="1" endRow="8" startCol="1" startRow="8" x0="1696" x1="1982" y0="968" y1="1020">(64769,2313,514)</Cell>
<Cell dontCare="false" endCol="2" endRow="8" startCol="2" startRow="8" x0="1982" x1="2274" y0="968" y1="1020">(64769,2313,771)</Cell>
<Cell dontCare="false" endCol="3" endRow="8" startCol="3" startRow="8" x0="2274" x1="2526" y0="968" y1="1020">(64769,2313,1028)</Cell>
<Cell dontCare="false" endCol="0" endRow="9" startCol="0" startRow="9" x0="636" x1="1696" y0="1020" y1="1080">(64769,2570,257)</Cell>
<Cell dontCare="false" endCol="1" endRow="9" startCol="1" startRow="9" x0="1696" x1="1982" y0="1020" y1="1080">(64769,2570,514)</Cell>
<Cell dontCare="false" endCol="2" endRow="9" startCol="2" startRow="9" x0="1982" x1="2274" y0="1020" y1="1080">(64769,2570,771)</Cell>
<Cell dontCare="false" endCol="3" endRow="9" startCol="3" startRow="9" x0="2274" x1="2526" y0="1020" y1="1080">(64769,2570,1028)</Cell>
<Cell dontCare="false" endCol="3" endRow="10" startCol="0" startRow="10" x0="636" x1="2526" y0="1080" y1="1128">(64769,2827,260)</Cell>
<Cell dontCare="true" endCol="1" endRow="10" startCol="1" startRow="10" x0="1696" x1="1982" y0="1080" y1="1128">(64769,2827,514)</Cell>
<Cell dontCare="true" endCol="2" endRow="10" startCol="2" startRow="10" x0="1982" x1="2274" y0="1080" y1="1128">(64769,2827,771)</Cell>
<Cell dontCare="true" endCol="3" endRow="10" startCol="3" startRow="10" x0="2274" x1="2526" y0="1080" y1="1128">(64769,2827,1028)</Cell>
<Cell dontCare="false" endCol="0" endRow="11" startCol="0" startRow="11" x0="636" x1="1696" y0="1128" y1="1184">(64769,3084,257)</Cell>
<Cell dontCare="false" endCol="1" endRow="11" startCol="1" startRow="11" x0="1696" x1="1982" y0="1128" y1="1184">(64769,3084,514)</Cell>
<Cell dontCare="false" endCol="2" endRow="11" startCol="2" startRow="11" x0="1982" x1="2274" y0="1128" y1="1184">(64769,3084,771)</Cell>
<Cell dontCare="false" endCol="3" endRow="11" startCol="3" startRow="11" x0="2274" x1="2526" y0="1128" y1="1184">(64769,3084,1028)</Cell>
<Cell dontCare="false" endCol="0" endRow="12" startCol="0" startRow="12" x0="636" x1="1696" y0="1184" y1="1246">(64769,3341,257)</Cell>
<Cell dontCare="false" endCol="1" endRow="12" startCol="1" startRow="12" x0="1696" x1="1982" y0="1184" y1="1246">(64769,3341,514)</Cell>
<Cell dontCare="false" endCol="2" endRow="12" startCol="2" startRow="12" x0="1982" x1="2274" y0="1184" y1="1246">(64769,3341,771)</Cell>
<Cell dontCare="false" endCol="3" endRow="12" startCol="3" startRow="12" x0="2274" x1="2526" y0="1184" y1="1246">(64769,3341,1028)</Cell>
<Cell dontCare="false" endCol="0" endRow="13" startCol="0" startRow="13" x0="636" x1="1696" y0="1246" y1="1292">(64769,3598,257)</Cell>
<Cell dontCare="false" endCol="1" endRow="13" startCol="1" startRow="13" x0="1696" x1="1982" y0="1246" y1="1292">(64769,3598,514)</Cell>
<Cell dontCare="false" endCol="2" endRow="13" startCol="2" startRow="13" x0="1982" x1="2274" y0="1246" y1="1292">(64769,3598,771)</Cell>
<Cell dontCare="false" endCol="3" endRow="13" startCol="3" startRow="13" x0="2274" x1="2526" y0="1246" y1="1292">(64769,3598,1028)</Cell>
<Cell dontCare="false" endCol="0" endRow="14" startCol="0" startRow="14" x0="636" x1="1696" y0="1292" y1="1344">(64769,3855,257)</Cell>
<Cell dontCare="false" endCol="1" endRow="14" startCol="1" startRow="14" x0="1696" x1="1982" y0="1292" y1="1344">(64769,3855,514)</Cell>
<Cell dontCare="false" endCol="2" endRow="14" startCol="2" startRow="14" x0="1982" x1="2274" y0="1292" y1="1344">(64769,3855,771)</Cell>
<Cell dontCare="false" endCol="3" endRow="14" startCol="3" startRow="14" x0="2274" x1="2526" y0="1292" y1="1344">(64769,3855,1028)</Cell>
<Cell dontCare="false" endCol="0" endRow="15" startCol="0" startRow="15" x0="636" x1="1696" y0="1344" y1="1402">(64769,4112,257)</Cell>
<Cell dontCare="false" endCol="1" endRow="15" startCol="1" startRow="15" x0="1696" x1="1982" y0="1344" y1="1402">(64769,4112,514)</Cell>
<Cell dontCare="false" endCol="2" endRow="15" startCol="2" startRow="15" x0="1982" x1="2274" y0="1344" y1="1402">(64769,4112,771)</Cell>
<Cell dontCare="false" endCol="3" endRow="15" startCol="3" startRow="15" x0="2274" x1="2526" y0="1344" y1="1402">(64769,4112,1028)</Cell>
<Cell dontCare="false" endCol="0" endRow="16" startCol="0" startRow="16" x0="636" x1="1696" y0="1402" y1="1472">(64769,4369,257)</Cell>
<Cell dontCare="false" endCol="1" endRow="16" startCol="1" startRow="16" x0="1696" x1="1982" y0="1402" y1="1472">(64769,4369,514)</Cell>
<Cell dontCare="false" endCol="2" endRow="16" startCol="2" startRow="16" x0="1982" x1="2274" y0="1402" y1="1472">(64769,4369,771)</Cell>
<Cell dontCare="false" endCol="3" endRow="16" startCol="3" startRow="16" x0="2274" x1="2526" y0="1402" y1="1472">(64769,4369,1028)</Cell>
<Cell dontCare="false" endCol="3" endRow="17" startCol="0" startRow="17" x0="636" x1="2526" y0="1472" y1="1526">(64769,4626,260)</Cell>
<Cell dontCare="true" endCol="1" endRow="17" startCol="1" startRow="17" x0="1696" x1="1982" y0="1472" y1="1526">(64769,4626,514)</Cell>
<Cell dontCare="true" endCol="2" endRow="17" startCol="2" startRow="17" x0="1982" x1="2274" y0="1472" y1="1526">(64769,4626,771)</Cell>
<Cell dontCare="true" endCol="3" endRow="17" startCol="3" startRow="17" x0="2274" x1="2526" y0="1472" y1="1526">(64769,4626,1028)</Cell>
<Cell dontCare="false" endCol="0" endRow="18" startCol="0" startRow="18" x0="636" x1="1696" y0="1526" y1="1586">(64769,4883,257)</Cell>
<Cell dontCare="false" endCol="1" endRow="18" startCol="1" startRow="18" x0="1696" x1="1982" y0="1526" y1="1586">(64769,4883,514)</Cell>
<Cell dontCare="false" endCol="2" endRow="18" startCol="2" startRow="18" x0="1982" x1="2274" y0="1526" y1="1586">(64769,4883,771)</Cell>
<Cell dontCare="false" endCol="3" endRow="18" startCol="3" startRow="18" x0="2274" x1="2526" y0="1526" y1="1586">(64769,4883,1028)</Cell>
<Cell dontCare="false" endCol="0" endRow="19" startCol="0" startRow="19" x0="636" x1="1696" y0="1586" y1="1696">(64769,5140,257)</Cell>
<Cell dontCare="false" endCol="1" endRow="19" startCol="1" startRow="19" x0="1696" x1="1982" y0="1586" y1="1696">(64769,5140,514)</Cell>
<Cell dontCare="false" endCol="2" endRow="19" startCol="2" startRow="19" x0="1982" x1="2274" y0="1586" y1="1696">(64769,5140,771)</Cell>
<Cell dontCare="false" endCol="3" endRow="19" startCol="3" startRow="19" x0="2274" x1="2526" y0="1586" y1="1696">(64769,5140,1028)</Cell>
<Cell dontCare="false" endCol="0" endRow="20" startCol="0" startRow="20" x0="636" x1="1696" y0="1696" y1="1744">(64769,5397,257)</Cell>
<Cell dontCare="false" endCol="1" endRow="20" startCol="1" startRow="20" x0="1696" x1="1982" y0="1696" y1="1744">(64769,5397,514)</Cell>
<Cell dontCare="false" endCol="2" endRow="20" startCol="2" startRow="20" x0="1982" x1="2274" y0="1696" y1="1744">(64769,5397,771)</Cell>
<Cell dontCare="false" endCol="3" endRow="20" startCol="3" startRow="20" x0="2274" x1="2526" y0="1696" y1="1744">(64769,5397,1028)</Cell>
<Cell dontCare="false" endCol="0" endRow="21" startCol="0" startRow="21" x0="636" x1="1696" y0="1744" y1="1808">(64769,5654,257)</Cell>
<Cell dontCare="false" endCol="1" endRow="21" startCol="1" startRow="21" x0="1696" x1="1982" y0="1744" y1="1808">(64769,5654,514)</Cell>
<Cell dontCare="false" endCol="2" endRow="21" startCol="2" startRow="21" x0="1982" x1="2274" y0="1744" y1="1808">(64769,5654,771)</Cell>
<Cell dontCare="false" endCol="3" endRow="21" startCol="3" startRow="21" x0="2274" x1="2526" y0="1744" y1="1808">(64769,5654,1028)</Cell>
<Cell dontCare="false" endCol="0" endRow="22" startCol="0" startRow="22" x0="636" x1="1696" y0="1808" y1="1856">(64769,5911,257)</Cell>
<Cell dontCare="false" endCol="1" endRow="22" startCol="1" startRow="22" x0="1696" x1="1982" y0="1808" y1="1856">(64769,5911,514)</Cell>
<Cell dontCare="false" endCol="2" endRow="22" startCol="2" startRow="22" x0="1982" x1="2274" y0="1808" y1="1856">(64769,5911,771)</Cell>
<Cell dontCare="false" endCol="3" endRow="22" startCol="3" startRow="22" x0="2274" x1="2526" y0="1808" y1="1856">(64769,5911,1028)</Cell>
<Cell dontCare="false" endCol="0" endRow="23" startCol="0" startRow="23" x0="636" x1="1696" y0="1856" y1="1922">(64769,6168,257)</Cell>
<Cell dontCare="false" endCol="1" endRow="23" startCol="1" startRow="23" x0="1696" x1="1982" y0="1856" y1="1922">(64769,6168,514)</Cell>
<Cell dontCare="false" endCol="2" endRow="23" startCol="2" startRow="23" x0="1982" x1="2274" y0="1856" y1="1922">(64769,6168,771)</Cell>
<Cell dontCare="false" endCol="3" endRow="23" startCol="3" startRow="23" x0="2274" x1="2526" y0="1856" y1="1922">(64769,6168,1028)</Cell>
<Cell dontCare="false" endCol="3" endRow="24" startCol="0" startRow="24" x0="636" x1="2526" y0="1922" y1="1974">(64769,6425,260)</Cell>
<Cell dontCare="true" endCol="1" endRow="24" startCol="1" startRow="24" x0="1696" x1="1982" y0="1922" y1="1974">(64769,6425,514)</Cell>
<Cell dontCare="true" endCol="2" endRow="24" startCol="2" startRow="24" x0="1982" x1="2274" y0="1922" y1="1974">(64769,6425,771)</Cell>
<Cell dontCare="true" endCol="3" endRow="24" startCol="3" startRow="24" x0="2274" x1="2526" y0="1922" y1="1974">(64769,6425,1028)</Cell>
<Cell dontCare="false" endCol="0" endRow="25" startCol="0" startRow="25" x0="636" x1="1696" y0="1974" y1="2028">(64769,6682,257)</Cell>
<Cell dontCare="false" endCol="1" endRow="25" startCol="1" startRow="25" x0="1696" x1="1982" y0="1974" y1="2028">(64769,6682,514)</Cell>
<Cell dontCare="false" endCol="2" endRow="25" startCol="2" startRow="25" x0="1982" x1="2274" y0="1974" y1="2028">(64769,6682,771)</Cell>
<Cell dontCare="false" endCol="3" endRow="25" startCol="3" startRow="25" x0="2274" x1="2526" y0="1974" y1="2028">(64769,6682,1028)</Cell>
<Cell dontCare="false" endCol="0" endRow="26" startCol="0" startRow="26" x0="636" x1="1696" y0="2028" y1="2084">(64769,6939,257)</Cell>
<Cell dontCare="false" endCol="1" endRow="26" startCol="1" startRow="26" x0="1696" x1="1982" y0="2028" y1="2084">(64769,6939,514)</Cell>
<Cell dontCare="false" endCol="2" endRow="26" startCol="2" startRow="26" x0="1982" x1="2274" y0="2028" y1="2084">(64769,6939,771)</Cell>
<Cell dontCare="false" endCol="3" endRow="26" startCol="3" startRow="26" x0="2274" x1="2526" y0="2028" y1="2084">(64769,6939,1028)</Cell>
<Cell dontCare="false" endCol="0" endRow="27" startCol="0" startRow="27" x0="636" x1="1696" y0="2084" y1="2136">(64769,7196,257)</Cell>
<Cell dontCare="false" endCol="1" endRow="27" startCol="1" startRow="27" x0="1696" x1="1982" y0="2084" y1="2136">(64769,7196,514)</Cell>
<Cell dontCare="false" endCol="2" endRow="27" startCol="2" startRow="27" x0="1982" x1="2274" y0="2084" y1="2136">(64769,7196,771)</Cell>
<Cell dontCare="false" endCol="3" endRow="27" startCol="3" startRow="27" x0="2274" x1="2526" y0="2084" y1="2136">(64769,7196,1028)</Cell>
<Cell dontCare="false" endCol="0" endRow="28" startCol="0" startRow="28" x0="636" x1="1696" y0="2136" y1="2186">(64769,7453,257)</Cell>
<Cell dontCare="false" endCol="1" endRow="28" startCol="1" startRow="28" x0="1696" x1="1982" y0="2136" y1="2186">(64769,7453,514)</Cell>
<Cell dontCare="false" endCol="2" endRow="28" startCol="2" startRow="28" x0="1982" x1="2274" y0="2136" y1="2186">(64769,7453,771)</Cell>
<Cell dontCare="false" endCol="3" endRow="28" startCol="3" startRow="28" x0="2274" x1="2526" y0="2136" y1="2186">(64769,7453,1028)</Cell>
<Cell dontCare="false" endCol="0" endRow="29" startCol="0" startRow="29" x0="636" x1="1696" y0="2186" y1="2248">(64769,7710,257)</Cell>
<Cell dontCare="false" endCol="1" endRow="29" startCol="1" startRow="29" x0="1696" x1="1982" y0="2186" y1="2248">(64769,7710,514)</Cell>
<Cell dontCare="false" endCol="2" endRow="29" startCol="2" startRow="29" x0="1982" x1="2274" y0="2186" y1="2248">(64769,7710,771)</Cell>
<Cell dontCare="false" endCol="3" endRow="29" startCol="3" startRow="29" x0="2274" x1="2526" y0="2186" y1="2248">(64769,7710,1028)</Cell>
<Cell dontCare="false" endCol="0" endRow="30" startCol="0" startRow="30" x0="636" x1="1696" y0="2248" y1="2302">(64769,7967,257)</Cell>
<Cell dontCare="false" endCol="1" endRow="30" startCol="1" startRow="30" x0="1696" x1="1982" y0="2248" y1="2302">(64769,7967,514)</Cell>
<Cell dontCare="false" endCol="2" endRow="30" startCol="2" startRow="30" x0="1982" x1="2274" y0="2248" y1="2302">(64769,7967,771)</Cell>
<Cell dontCare="false" endCol="3" endRow="30" startCol="3" startRow="30" x0="2274" x1="2526" y0="2248" y1="2302">(64769,7967,1028)</Cell>
<Cell dontCare="false" endCol="0" endRow="31" startCol="0" startRow="31" x0="636" x1="1696" y0="2302" y1="2360">(64769,8224,257)</Cell>
<Cell dontCare="false" endCol="1" endRow="31" startCol="1" startRow="31" x0="1696" x1="1982" y0="2302" y1="2360">(64769,8224,514)</Cell>
<Cell dontCare="false" endCol="2" endRow="31" startCol="2" startRow="31" x0="1982" x1="2274" y0="2302" y1="2360">(64769,8224,771)</Cell>
<Cell dontCare="false" endCol="3" endRow="31" startCol="3" startRow="31" x0="2274" x1="2526" y0="2302" y1="2360">(64769,8224,1028)</Cell>
<Cell dontCare="false" endCol="0" endRow="32" startCol="0" startRow="32" x0="636" x1="1696" y0="2360" y1="2420">(64769,8481,257)</Cell>
<Cell dontCare="false" endCol="1" endRow="32" startCol="1" startRow="32" x0="1696" x1="1982" y0="2360" y1="2420">(64769,8481,514)</Cell>
<Cell dontCare="false" endCol="2" endRow="32" startCol="2" startRow="32" x0="1982" x1="2274" y0="2360" y1="2420">(64769,8481,771)</Cell>
<Cell dontCare="false" endCol="3" endRow="32" startCol="3" startRow="32" x0="2274" x1="2526" y0="2360" y1="2420">(64769,8481,1028)</Cell>
<Cell dontCare="false" endCol="0" endRow="33" startCol="0" startRow="33" x0="636" x1="1696" y0="2420" y1="2534">(64769,8738,257)</Cell>
<Cell dontCare="false" endCol="1" endRow="33" startCol="1" startRow="33" x0="1696" x1="1982" y0="2420" y1="2534">(64769,8738,514)</Cell>
<Cell dontCare="false" endCol="2" endRow="33" startCol="2" startRow="33" x0="1982" x1="2274" y0="2420" y1="2534">(64769,8738,771)</Cell>
<Cell dontCare="false" endCol="3" endRow="33" startCol="3" startRow="33" x0="2274" x1="2526" y0="2420" y1="2534">(64769,8738,1028)</Cell>
<Cell dontCare="false" endCol="0" endRow="34" startCol="0" startRow="34" x0="636" x1="1696" y0="2534" y1="2590">(64769,8995,257)</Cell>
<Cell dontCare="false" endCol="1" endRow="34" startCol="1" startRow="34" x0="1696" x1="1982" y0="2534" y1="2590">(64769,8995,514)</Cell>
<Cell dontCare="false" endCol="2" endRow="34" startCol="2" startRow="34" x0="1982" x1="2274" y0="2534" y1="2590">(64769,8995,771)</Cell>
<Cell dontCare="false" endCol="3" endRow="34" startCol="3" startRow="34" x0="2274" x1="2526" y0="2534" y1="2590">(64769,8995,1028)</Cell>
<Cell dontCare="false" endCol="0" endRow="35" startCol="0" startRow="35" x0="636" x1="1696" y0="2590" y1="2648">(64769,9252,257)</Cell>
<Cell dontCare="false" endCol="1" endRow="35" startCol="1" startRow="35" x0="1696" x1="1982" y0="2590" y1="2648">(64769,9252,514)</Cell>
<Cell dontCare="false" endCol="2" endRow="35" startCol="2" startRow="35" x0="1982" x1="2274" y0="2590" y1="2648">(64769,9252,771)</Cell>
<Cell dontCare="false" endCol="3" endRow="35" startCol="3" startRow="35" x0="2274" x1="2526" y0="2590" y1="2648">(64769,9252,1028)</Cell>
<Cell dontCare="false" endCol="0" endRow="36" startCol="0" startRow="36" x0="636" x1="1696" y0="2648" y1="2704">(64769,9509,257)</Cell>
<Cell dontCare="false" endCol="1" endRow="36" startCol="1" startRow="36" x0="1696" x1="1982" y0="2648" y1="2704">(64769,9509,514)</Cell>
<Cell dontCare="false" endCol="2" endRow="36" startCol="2" startRow="36" x0="1982" x1="2274" y0="2648" y1="2704">(64769,9509,771)</Cell>
<Cell dontCare="false" endCol="3" endRow="36" startCol="3" startRow="36" x0="2274" x1="2526" y0="2648" y1="2704">(64769,9509,1028)</Cell>
<Cell dontCare="false" endCol="3" endRow="37" startCol="0" startRow="37" x0="636" x1="2526" y0="2704" y1="2766">(64769,9766,260)</Cell>
<Cell dontCare="true" endCol="1" endRow="37" startCol="1" startRow="37" x0="1696" x1="1982" y0="2704" y1="2766">(64769,9766,514)</Cell>
<Cell dontCare="true" endCol="2" endRow="37" startCol="2" startRow="37" x0="1982" x1="2274" y0="2704" y1="2766">(64769,9766,771)</Cell>
<Cell dontCare="true" endCol="3" endRow="37" startCol="3" startRow="37" x0="2274" x1="2526" y0="2704" y1="2766">(64769,9766,1028)</Cell>
<Cell dontCare="false" endCol="3" endRow="38" startCol="0" startRow="38" x0="636" x1="2526" y0="2766" y1="2826">(64769,10023,260)</Cell>
<Cell dontCare="true" endCol="1" endRow="38" startCol="1" startRow="38" x0="1696" x1="1982" y0="2766" y1="2826">(64769,10023,514)</Cell>
<Cell dontCare="true" endCol="2" endRow="38" startCol="2" startRow="38" x0="1982" x1="2274" y0="2766" y1="2826">(64769,10023,771)</Cell>
<Cell dontCare="true" endCol="3" endRow="38" startCol="3" startRow="38" x0="2274" x1="2526" y0="2766" y1="2826">(64769,10023,1028)</Cell>
<Cell dontCare="false" endCol="0" endRow="39" startCol="0" startRow="39" x0="636" x1="1696" y0="2826" y1="2876">(64769,10280,257)</Cell>
<Cell dontCare="false" endCol="1" endRow="39" startCol="1" startRow="39" x0="1696" x1="1982" y0="2826" y1="2876">(64769,10280,514)</Cell>
<Cell dontCare="false" endCol="2" endRow="39" startCol="2" startRow="39" x0="1982" x1="2274" y0="2826" y1="2876">(64769,10280,771)</Cell>
<Cell dontCare="false" endCol="3" endRow="39" startCol="3" startRow="39" x0="2274" x1="2526" y0="2826" y1="2876">(64769,10280,1028)</Cell>
<Cell dontCare="false" endCol="0" endRow="40" startCol="0" startRow="40" x0="636" x1="1696" y0="2876" y1="2940">(64769,10537,257)</Cell>
<Cell dontCare="false" endCol="1" endRow="40" startCol="1" startRow="40" x0="1696" x1="1982" y0="2876" y1="2940">(64769,10537,514)</Cell>
<Cell dontCare="false" endCol="2" endRow="40" startCol="2" startRow="40" x0="1982" x1="2274" y0="2876" y1="2940">(64769,10537,771)</Cell>
<Cell dontCare="false" endCol="3" endRow="40" startCol="3" startRow="40" x0="2274" x1="2526" y0="2876" y1="2940">(64769,10537,1028)</Cell>
</Table>
</Tables>
</GroundTruth>
