<?xml version="1.0" encoding="UTF-8" standalone="no"?>
<GroundTruth InputFile="C:\Dokumente und Einstellungen\mehmood\Desktop\task_december\problem_files\9519_063.png">
<Tables>
<Table x0="450" x1="2353" y0="533" y1="1776">
<Row x0="450" x1="2353" y0="606" y1="606"/>
<Row x0="450" x1="2353" y0="668" y1="668"/>
<Row x0="450" x1="2353" y0="720" y1="720"/>
<Row x0="450" x1="2353" y0="834" y1="834"/>
<Row x0="450" x1="2353" y0="884" y1="884"/>
<Row x0="450" x1="2353" y0="940" y1="940"/>
<Row x0="450" x1="2353" y0="996" y1="996"/>
<Row x0="450" x1="2353" y0="1050" y1="1050"/>
<Row x0="450" x1="2353" y0="1104" y1="1104"/>
<Row x0="450" x1="2353" y0="1156" y1="1156"/>
<Row x0="450" x1="2353" y0="1212" y1="1212"/>
<Row x0="450" x1="2353" y0="1324" y1="1324"/>
<Row x0="450" x1="2353" y0="1382" y1="1382"/>
<Row x0="450" x1="2353" y0="1436" y1="1436"/>
<Row x0="450" x1="2353" y0="1488" y1="1488"/>
<Row x0="450" x1="2353" y0="1608" y1="1608"/>
<Row x0="450" x1="2353" y0="1658" y1="1658"/>
<Row x0="450" x1="2353" y0="1710" y1="1710"/>
<Column x0="1300" x1="1300" y0="533" y1="1776"/>
<Column x0="1510" x1="1510" y0="533" y1="1776"/>
<Column x0="1714" x1="1714" y0="533" y1="1776"/>
<Column x0="1908" x1="1908" y0="533" y1="1776"/>
<Column x0="2110" x1="2110" y0="533" y1="1776"/>
<Cell dontCare="false" endCol="0" endRow="0" startCol="0" startRow="0" x0="450" x1="1300" y0="533" y1="606">(64769,257,257)</Cell>
<Cell dontCare="false" endCol="1" endRow="0" startCol="1" startRow="0" x0="1300" x1="1510" y0="533" y1="606">(64769,257,514)</Cell>
<Cell dontCare="false" endCol="2" endRow="0" startCol="2" startRow="0" x0="1510" x1="1714" y0="533" y1="606">(64769,257,771)</Cell>
<Cell dontCare="false" endCol="3" endRow="0" startCol="3" startRow="0" x0="1714" x1="1908" y0="533" y1="606">(64769,257,1028)</Cell>
<Cell dontCare="false" endCol="4" endRow="0" startCol="4" startRow="0" x0="1908" x1="2110" y0="533" y1="606">(64769,257,1285)</Cell>
<Cell dontCare="false" endCol="5" endRow="0" startCol="5" startRow="0" x0="2110" x1="2353" y0="533" y1="606">(64769,257,1542)</Cell>
<Cell dontCare="false" endCol="5" endRow="1" startCol="0" startRow="1" x0="450" x1="2353" y0="606" y1="668">(64769,514,262)</Cell>
<Cell dontCare="true" endCol="1" endRow="1" startCol="1" startRow="1" x0="1300" x1="1510" y0="606" y1="668">(64769,514,514)</Cell>
<Cell dontCare="true" endCol="2" endRow="1" startCol="2" startRow="1" x0="1510" x1="1714" y0="606" y1="668">(64769,514,771)</Cell>
<Cell dontCare="true" endCol="3" endRow="1" startCol="3" startRow="1" x0="1714" x1="1908" y0="606" y1="668">(64769,514,1028)</Cell>
<Cell dontCare="true" endCol="4" endRow="1" startCol="4" startRow="1" x0="1908" x1="2110" y0="606" y1="668">(64769,514,1285)</Cell>
<Cell dontCare="true" endCol="5" endRow="1" startCol="5" startRow="1" x0="2110" x1="2353" y0="606" y1="668">(64769,514,1542)</Cell>
<Cell dontCare="false" endCol="0" endRow="2" startCol="0" startRow="2" x0="450" x1="1300" y0="668" y1="720">(64769,771,257)</Cell>
<Cell dontCare="false" endCol="1" endRow="2" startCol="1" startRow="2" x0="1300" x1="1510" y0="668" y1="720">(64769,771,514)</Cell>
<Cell dontCare="false" endCol="2" endRow="2" startCol="2" startRow="2" x0="1510" x1="1714" y0="668" y1="720">(64769,771,771)</Cell>
<Cell dontCare="false" endCol="3" endRow="2" startCol="3" startRow="2" x0="1714" x1="1908" y0="668" y1="720">(64769,771,1028)</Cell>
<Cell dontCare="false" endCol="4" endRow="2" startCol="4" startRow="2" x0="1908" x1="2110" y0="668" y1="720">(64769,771,1285)</Cell>
<Cell dontCare="false" endCol="5" endRow="2" startCol="5" startRow="2" x0="2110" x1="2353" y0="668" y1="720">(64769,771,1542)</Cell>
<Cell dontCare="false" endCol="0" endRow="3" startCol="0" startRow="3" x0="450" x1="1300" y0="720" y1="834">(64769,1028,257)</Cell>
<Cell dontCare="false" endCol="1" endRow="3" startCol="1" startRow="3" x0="1300" x1="1510" y0="720" y1="834">(64769,1028,514)</Cell>
<Cell dontCare="false" endCol="2" endRow="3" startCol="2" startRow="3" x0="1510" x1="1714" y0="720" y1="834">(64769,1028,771)</Cell>
<Cell dontCare="false" endCol="3" endRow="3" startCol="3" startRow="3" x0="1714" x1="1908" y0="720" y1="834">(64769,1028,1028)</Cell>
<Cell dontCare="false" endCol="4" endRow="3" startCol="4" startRow="3" x0="1908" x1="2110" y0="720" y1="834">(64769,1028,1285)</Cell>
<Cell dontCare="false" endCol="5" endRow="3" startCol="5" startRow="3" x0="2110" x1="2353" y0="720" y1="834">(64769,1028,1542)</Cell>
<Cell dontCare="false" endCol="0" endRow="4" startCol="0" startRow="4" x0="450" x1="1300" y0="834" y1="884">(64769,1285,257)</Cell>
<Cell dontCare="false" endCol="1" endRow="4" startCol="1" startRow="4" x0="1300" x1="1510" y0="834" y1="884">(64769,1285,514)</Cell>
<Cell dontCare="false" endCol="2" endRow="4" startCol="2" startRow="4" x0="1510" x1="1714" y0="834" y1="884">(64769,1285,771)</Cell>
<Cell dontCare="false" endCol="3" endRow="4" startCol="3" startRow="4" x0="1714" x1="1908" y0="834" y1="884">(64769,1285,1028)</Cell>
<Cell dontCare="false" endCol="4" endRow="4" startCol="4" startRow="4" x0="1908" x1="2110" y0="834" y1="884">(64769,1285,1285)</Cell>
<Cell dontCare="false" endCol="5" endRow="4" startCol="5" startRow="4" x0="2110" x1="2353" y0="834" y1="884">(64769,1285,1542)</Cell>
<Cell dontCare="false" endCol="0" endRow="5" startCol="0" startRow="5" x0="450" x1="1300" y0="884" y1="940">(64769,1542,257)</Cell>
<Cell dontCare="false" endCol="1" endRow="5" startCol="1" startRow="5" x0="1300" x1="1510" y0="884" y1="940">(64769,1542,514)</Cell>
<Cell dontCare="false" endCol="2" endRow="5" startCol="2" startRow="5" x0="1510" x1="1714" y0="884" y1="940">(64769,1542,771)</Cell>
<Cell dontCare="false" endCol="3" endRow="5" startCol="3" startRow="5" x0="1714" x1="1908" y0="884" y1="940">(64769,1542,1028)</Cell>
<Cell dontCare="false" endCol="4" endRow="5" startCol="4" startRow="5" x0="1908" x1="2110" y0="884" y1="940">(64769,1542,1285)</Cell>
<Cell dontCare="false" endCol="5" endRow="5" startCol="5" startRow="5" x0="2110" x1="2353" y0="884" y1="940">(64769,1542,1542)</Cell>
<Cell dontCare="false" endCol="0" endRow="6" startCol="0" startRow="6" x0="450" x1="1300" y0="940" y1="996">(64769,1799,257)</Cell>
<Cell dontCare="false" endCol="1" endRow="6" startCol="1" startRow="6" x0="1300" x1="1510" y0="940" y1="996">(64769,1799,514)</Cell>
<Cell dontCare="false" endCol="2" endRow="6" startCol="2" startRow="6" x0="1510" x1="1714" y0="940" y1="996">(64769,1799,771)</Cell>
<Cell dontCare="false" endCol="3" endRow="6" startCol="3" startRow="6" x0="1714" x1="1908" y0="940" y1="996">(64769,1799,1028)</Cell>
<Cell dontCare="false" endCol="4" endRow="6" startCol="4" startRow="6" x0="1908" x1="2110" y0="940" y1="996">(64769,1799,1285)</Cell>
<Cell dontCare="false" endCol="5" endRow="6" startCol="5" startRow="6" x0="2110" x1="2353" y0="940" y1="996">(64769,1799,1542)</Cell>
<Cell dontCare="false" endCol="0" endRow="7" startCol="0" startRow="7" x0="450" x1="1300" y0="996" y1="1050">(64769,2056,257)</Cell>
<Cell dontCare="false" endCol="1" endRow="7" startCol="1" startRow="7" x0="1300" x1="1510" y0="996" y1="1050">(64769,2056,514)</Cell>
<Cell dontCare="false" endCol="2" endRow="7" startCol="2" startRow="7" x0="1510" x1="1714" y0="996" y1="1050">(64769,2056,771)</Cell>
<Cell dontCare="false" endCol="3" endRow="7" startCol="3" startRow="7" x0="1714" x1="1908" y0="996" y1="1050">(64769,2056,1028)</Cell>
<Cell dontCare="false" endCol="4" endRow="7" startCol="4" startRow="7" x0="1908" x1="2110" y0="996" y1="1050">(64769,2056,1285)</Cell>
<Cell dontCare="false" endCol="5" endRow="7" startCol="5" startRow="7" x0="2110" x1="2353" y0="996" y1="1050">(64769,2056,1542)</Cell>
<Cell dontCare="false" endCol="0" endRow="8" startCol="0" startRow="8" x0="450" x1="1300" y0="1050" y1="1104">(64769,2313,257)</Cell>
<Cell dontCare="false" endCol="1" endRow="8" startCol="1" startRow="8" x0="1300" x1="1510" y0="1050" y1="1104">(64769,2313,514)</Cell>
<Cell dontCare="false" endCol="2" endRow="8" startCol="2" startRow="8" x0="1510" x1="1714" y0="1050" y1="1104">(64769,2313,771)</Cell>
<Cell dontCare="false" endCol="3" endRow="8" startCol="3" startRow="8" x0="1714" x1="1908" y0="1050" y1="1104">(64769,2313,1028)</Cell>
<Cell dontCare="false" endCol="4" endRow="8" startCol="4" startRow="8" x0="1908" x1="2110" y0="1050" y1="1104">(64769,2313,1285)</Cell>
<Cell dontCare="false" endCol="5" endRow="8" startCol="5" startRow="8" x0="2110" x1="2353" y0="1050" y1="1104">(64769,2313,1542)</Cell>
<Cell dontCare="false" endCol="0" endRow="9" startCol="0" startRow="9" x0="450" x1="1300" y0="1104" y1="1156">(64769,2570,257)</Cell>
<Cell dontCare="false" endCol="1" endRow="9" startCol="1" startRow="9" x0="1300" x1="1510" y0="1104" y1="1156">(64769,2570,514)</Cell>
<Cell dontCare="false" endCol="2" endRow="9" startCol="2" startRow="9" x0="1510" x1="1714" y0="1104" y1="1156">(64769,2570,771)</Cell>
<Cell dontCare="false" endCol="3" endRow="9" startCol="3" startRow="9" x0="1714" x1="1908" y0="1104" y1="1156">(64769,2570,1028)</Cell>
<Cell dontCare="false" endCol="4" endRow="9" startCol="4" startRow="9" x0="1908" x1="2110" y0="1104" y1="1156">(64769,2570,1285)</Cell>
<Cell dontCare="false" endCol="5" endRow="9" startCol="5" startRow="9" x0="2110" x1="2353" y0="1104" y1="1156">(64769,2570,1542)</Cell>
<Cell dontCare="false" endCol="0" endRow="10" startCol="0" startRow="10" x0="450" x1="1300" y0="1156" y1="1212">(64769,2827,257)</Cell>
<Cell dontCare="false" endCol="1" endRow="10" startCol="1" startRow="10" x0="1300" x1="1510" y0="1156" y1="1212">(64769,2827,514)</Cell>
<Cell dontCare="false" endCol="2" endRow="10" startCol="2" startRow="10" x0="1510" x1="1714" y0="1156" y1="1212">(64769,2827,771)</Cell>
<Cell dontCare="false" endCol="3" endRow="10" startCol="3" startRow="10" x0="1714" x1="1908" y0="1156" y1="1212">(64769,2827,1028)</Cell>
<Cell dontCare="false" endCol="4" endRow="10" startCol="4" startRow="10" x0="1908" x1="2110" y0="1156" y1="1212">(64769,2827,1285)</Cell>
<Cell dontCare="false" endCol="5" endRow="10" startCol="5" startRow="10" x0="2110" x1="2353" y0="1156" y1="1212">(64769,2827,1542)</Cell>
<Cell dontCare="false" endCol="0" endRow="11" startCol="0" startRow="11" x0="450" x1="1300" y0="1212" y1="1324">(64769,3084,257)</Cell>
<Cell dontCare="false" endCol="1" endRow="11" startCol="1" startRow="11" x0="1300" x1="1510" y0="1212" y1="1324">(64769,3084,514)</Cell>
<Cell dontCare="false" endCol="2" endRow="11" startCol="2" startRow="11" x0="1510" x1="1714" y0="1212" y1="1324">(64769,3084,771)</Cell>
<Cell dontCare="false" endCol="3" endRow="11" startCol="3" startRow="11" x0="1714" x1="1908" y0="1212" y1="1324">(64769,3084,1028)</Cell>
<Cell dontCare="false" endCol="4" endRow="11" startCol="4" startRow="11" x0="1908" x1="2110" y0="1212" y1="1324">(64769,3084,1285)</Cell>
<Cell dontCare="false" endCol="5" endRow="11" startCol="5" startRow="11" x0="2110" x1="2353" y0="1212" y1="1324">(64769,3084,1542)</Cell>
<Cell dontCare="false" endCol="0" endRow="12" startCol="0" startRow="12" x0="450" x1="1300" y0="1324" y1="1382">(64769,3341,257)</Cell>
<Cell dontCare="false" endCol="1" endRow="12" startCol="1" startRow="12" x0="1300" x1="1510" y0="1324" y1="1382">(64769,3341,514)</Cell>
<Cell dontCare="false" endCol="2" endRow="12" startCol="2" startRow="12" x0="1510" x1="1714" y0="1324" y1="1382">(64769,3341,771)</Cell>
<Cell dontCare="false" endCol="3" endRow="12" startCol="3" startRow="12" x0="1714" x1="1908" y0="1324" y1="1382">(64769,3341,1028)</Cell>
<Cell dontCare="false" endCol="4" endRow="12" startCol="4" startRow="12" x0="1908" x1="2110" y0="1324" y1="1382">(64769,3341,1285)</Cell>
<Cell dontCare="false" endCol="5" endRow="12" startCol="5" startRow="12" x0="2110" x1="2353" y0="1324" y1="1382">(64769,3341,1542)</Cell>
<Cell dontCare="false" endCol="5" endRow="13" startCol="0" startRow="13" x0="450" x1="2353" y0="1382" y1="1436">(64769,3598,262)</Cell>
<Cell dontCare="true" endCol="1" endRow="13" startCol="1" startRow="13" x0="1300" x1="1510" y0="1382" y1="1436">(64769,3598,514)</Cell>
<Cell dontCare="true" endCol="2" endRow="13" startCol="2" startRow="13" x0="1510" x1="1714" y0="1382" y1="1436">(64769,3598,771)</Cell>
<Cell dontCare="true" endCol="3" endRow="13" startCol="3" startRow="13" x0="1714" x1="1908" y0="1382" y1="1436">(64769,3598,1028)</Cell>
<Cell dontCare="true" endCol="4" endRow="13" startCol="4" startRow="13" x0="1908" x1="2110" y0="1382" y1="1436">(64769,3598,1285)</Cell>
<Cell dontCare="true" endCol="5" endRow="13" startCol="5" startRow="13" x0="2110" x1="2353" y0="1382" y1="1436">(64769,3598,1542)</Cell>
<Cell dontCare="false" endCol="0" endRow="14" startCol="0" startRow="14" x0="450" x1="1300" y0="1436" y1="1488">(64769,3855,257)</Cell>
<Cell dontCare="false" endCol="1" endRow="14" startCol="1" startRow="14" x0="1300" x1="1510" y0="1436" y1="1488">(64769,3855,514)</Cell>
<Cell dontCare="false" endCol="2" endRow="14" startCol="2" startRow="14" x0="1510" x1="1714" y0="1436" y1="1488">(64769,3855,771)</Cell>
<Cell dontCare="false" endCol="3" endRow="14" startCol="3" startRow="14" x0="1714" x1="1908" y0="1436" y1="1488">(64769,3855,1028)</Cell>
<Cell dontCare="false" endCol="4" endRow="14" startCol="4" startRow="14" x0="1908" x1="2110" y0="1436" y1="1488">(64769,3855,1285)</Cell>
<Cell dontCare="false" endCol="5" endRow="14" startCol="5" startRow="14" x0="2110" x1="2353" y0="1436" y1="1488">(64769,3855,1542)</Cell>
<Cell dontCare="false" endCol="0" endRow="15" startCol="0" startRow="15" x0="450" x1="1300" y0="1488" y1="1608">(64769,4112,257)</Cell>
<Cell dontCare="false" endCol="1" endRow="15" startCol="1" startRow="15" x0="1300" x1="1510" y0="1488" y1="1608">(64769,4112,514)</Cell>
<Cell dontCare="false" endCol="2" endRow="15" startCol="2" startRow="15" x0="1510" x1="1714" y0="1488" y1="1608">(64769,4112,771)</Cell>
<Cell dontCare="false" endCol="3" endRow="15" startCol="3" startRow="15" x0="1714" x1="1908" y0="1488" y1="1608">(64769,4112,1028)</Cell>
<Cell dontCare="false" endCol="4" endRow="15" startCol="4" startRow="15" x0="1908" x1="2110" y0="1488" y1="1608">(64769,4112,1285)</Cell>
<Cell dontCare="false" endCol="5" endRow="15" startCol="5" startRow="15" x0="2110" x1="2353" y0="1488" y1="1608">(64769,4112,1542)</Cell>
<Cell dontCare="false" endCol="0" endRow="16" startCol="0" startRow="16" x0="450" x1="1300" y0="1608" y1="1658">(64769,4369,257)</Cell>
<Cell dontCare="false" endCol="1" endRow="16" startCol="1" startRow="16" x0="1300" x1="1510" y0="1608" y1="1658">(64769,4369,514)</Cell>
<Cell dontCare="false" endCol="2" endRow="16" startCol="2" startRow="16" x0="1510" x1="1714" y0="1608" y1="1658">(64769,4369,771)</Cell>
<Cell dontCare="false" endCol="3" endRow="16" startCol="3" startRow="16" x0="1714" x1="1908" y0="1608" y1="1658">(64769,4369,1028)</Cell>
<Cell dontCare="false" endCol="4" endRow="16" startCol="4" startRow="16" x0="1908" x1="2110" y0="1608" y1="1658">(64769,4369,1285)</Cell>
<Cell dontCare="false" endCol="5" endRow="16" startCol="5" startRow="16" x0="2110" x1="2353" y0="1608" y1="1658">(64769,4369,1542)</Cell>
<Cell dontCare="false" endCol="0" endRow="17" startCol="0" startRow="17" x0="450" x1="1300" y0="1658" y1="1710">(64769,4626,257)</Cell>
<Cell dontCare="false" endCol="1" endRow="17" startCol="1" startRow="17" x0="1300" x1="1510" y0="1658" y1="1710">(64769,4626,514)</Cell>
<Cell dontCare="false" endCol="2" endRow="17" startCol="2" startRow="17" x0="1510" x1="1714" y0="1658" y1="1710">(64769,4626,771)</Cell>
<Cell dontCare="false" endCol="3" endRow="17" startCol="3" startRow="17" x0="1714" x1="1908" y0="1658" y1="1710">(64769,4626,1028)</Cell>
<Cell dontCare="false" endCol="4" endRow="17" startCol="4" startRow="17" x0="1908" x1="2110" y0="1658" y1="1710">(64769,4626,1285)</Cell>
<Cell dontCare="false" endCol="5" endRow="17" startCol="5" startRow="17" x0="2110" x1="2353" y0="1658" y1="1710">(64769,4626,1542)</Cell>
<Cell dontCare="false" endCol="0" endRow="18" startCol="0" startRow="18" x0="450" x1="1300" y0="1710" y1="1776">(64769,4883,257)</Cell>
<Cell dontCare="false" endCol="1" endRow="18" startCol="1" startRow="18" x0="1300" x1="1510" y0="1710" y1="1776">(64769,4883,514)</Cell>
<Cell dontCare="false" endCol="2" endRow="18" startCol="2" startRow="18" x0="1510" x1="1714" y0="1710" y1="1776">(64769,4883,771)</Cell>
<Cell dontCare="false" endCol="3" endRow="18" startCol="3" startRow="18" x0="1714" x1="1908" y0="1710" y1="1776">(64769,4883,1028)</Cell>
<Cell dontCare="false" endCol="4" endRow="18" startCol="4" startRow="18" x0="1908" x1="2110" y0="1710" y1="1776">(64769,4883,1285)</Cell>
<Cell dontCare="false" endCol="5" endRow="18" startCol="5" startRow="18" x0="2110" x1="2353" y0="1710" y1="1776">(64769,4883,1542)</Cell>
</Table>
<Table x0="470" x1="2336" y0="1942" y1="2680">
<Row x0="470" x1="2336" y0="1992" y1="1992"/>
<Row x0="470" x1="2336" y0="2038" y1="2038"/>
<Row x0="470" x1="2336" y0="2084" y1="2084"/>
<Row x0="470" x1="2336" y0="2152" y1="2152"/>
<Row x0="470" x1="2336" y0="2208" y1="2208"/>
<Row x0="470" x1="2336" y0="2266" y1="2266"/>
<Row x0="470" x1="2336" y0="2320" y1="2320"/>
<Row x0="470" x1="2336" y0="2382" y1="2382"/>
<Row x0="470" x1="2336" y0="2450" y1="2450"/>
<Row x0="470" x1="2336" y0="2502" y1="2502"/>
<Row x0="470" x1="2336" y0="2564" y1="2564"/>
<Row x0="470" x1="2336" y0="2620" y1="2620"/>
<Column x0="590" x1="590" y0="1942" y1="2680"/>
<Column x0="886" x1="886" y0="1942" y1="2680"/>
<Column x0="1112" x1="1112" y0="1942" y1="2680"/>
<Column x0="1310" x1="1310" y0="1942" y1="2680"/>
<Column x0="1524" x1="1524" y0="1942" y1="2680"/>
<Column x0="1730" x1="1730" y0="1942" y1="2680"/>
<Column x0="1918" x1="1918" y0="1942" y1="2680"/>
<Column x0="2114" x1="2114" y0="1942" y1="2680"/>
<Cell dontCare="false" endCol="1" endRow="2" startCol="0" startRow="0" x0="470" x1="886" y0="1942" y1="2084">(64770,259,258)</Cell>
<Cell dontCare="true" endCol="1" endRow="0" startCol="1" startRow="0" x0="590" x1="886" y0="1942" y1="1992">(64770,257,514)</Cell>
<Cell dontCare="false" endCol="2" endRow="0" startCol="2" startRow="0" x0="886" x1="1112" y0="1942" y1="1992">(64770,257,771)</Cell>
<Cell dontCare="false" endCol="3" endRow="0" startCol="3" startRow="0" x0="1112" x1="1310" y0="1942" y1="1992">(64770,257,1028)</Cell>
<Cell dontCare="false" endCol="4" endRow="2" startCol="4" startRow="0" x0="1310" x1="1524" y0="1942" y1="2084">(64770,259,1285)</Cell>
<Cell dontCare="false" endCol="6" endRow="0" startCol="5" startRow="0" x0="1524" x1="1918" y0="1942" y1="1992">(64770,257,1543)</Cell>
<Cell dontCare="true" endCol="6" endRow="0" startCol="6" startRow="0" x0="1730" x1="1918" y0="1942" y1="1992">(64770,257,1799)</Cell>
<Cell dontCare="false" endCol="7" endRow="0" startCol="7" startRow="0" x0="1918" x1="2114" y0="1942" y1="1992">(64770,257,2056)</Cell>
<Cell dontCare="false" endCol="8" endRow="0" startCol="8" startRow="0" x0="2114" x1="2336" y0="1942" y1="1992">(64770,257,2313)</Cell>
<Cell dontCare="true" endCol="1" endRow="1" startCol="0" startRow="1" x0="470" x1="886" y0="1992" y1="2038">(64770,514,258)</Cell>
<Cell dontCare="true" endCol="1" endRow="1" startCol="1" startRow="1" x0="590" x1="886" y0="1992" y1="2038">(64770,514,514)</Cell>
<Cell dontCare="false" endCol="2" endRow="1" startCol="2" startRow="1" x0="886" x1="1112" y0="1992" y1="2038">(64770,514,771)</Cell>
<Cell dontCare="false" endCol="3" endRow="2" startCol="3" startRow="1" x0="1112" x1="1310" y0="1992" y1="2084">(64770,515,1028)</Cell>
<Cell dontCare="true" endCol="4" endRow="1" startCol="4" startRow="1" x0="1310" x1="1524" y0="1992" y1="2038">(64770,514,1285)</Cell>
<Cell dontCare="false" endCol="5" endRow="2" startCol="5" startRow="1" x0="1524" x1="1730" y0="1992" y1="2084">(64770,515,1542)</Cell>
<Cell dontCare="false" endCol="6" endRow="1" startCol="6" startRow="1" x0="1730" x1="1918" y0="1992" y1="2038">(64770,514,1799)</Cell>
<Cell dontCare="false" endCol="8" endRow="1" startCol="7" startRow="1" x0="1918" x1="2336" y0="1992" y1="2038">(64770,514,2057)</Cell>
<Cell dontCare="true" endCol="8" endRow="1" startCol="8" startRow="1" x0="2114" x1="2336" y0="1992" y1="2038">(64770,514,2313)</Cell>
<Cell dontCare="true" endCol="1" endRow="2" startCol="0" startRow="2" x0="470" x1="886" y0="2038" y1="2084">(64770,771,258)</Cell>
<Cell dontCare="true" endCol="1" endRow="2" startCol="1" startRow="2" x0="590" x1="886" y0="2038" y1="2084">(64770,771,514)</Cell>
<Cell dontCare="false" endCol="2" endRow="2" startCol="2" startRow="2" x0="886" x1="1112" y0="2038" y1="2084">(64770,771,771)</Cell>
<Cell dontCare="true" endCol="3" endRow="2" startCol="3" startRow="2" x0="1112" x1="1310" y0="2038" y1="2084">(64770,771,1028)</Cell>
<Cell dontCare="true" endCol="4" endRow="2" startCol="4" startRow="2" x0="1310" x1="1524" y0="2038" y1="2084">(64770,771,1285)</Cell>
<Cell dontCare="true" endCol="5" endRow="2" startCol="5" startRow="2" x0="1524" x1="1730" y0="2038" y1="2084">(64770,771,1542)</Cell>
<Cell dontCare="false" endCol="6" endRow="2" startCol="6" startRow="2" x0="1730" x1="1918" y0="2038" y1="2084">(64770,771,1799)</Cell>
<Cell dontCare="false" endCol="7" endRow="2" startCol="7" startRow="2" x0="1918" x1="2114" y0="2038" y1="2084">(64770,771,2056)</Cell>
<Cell dontCare="false" endCol="8" endRow="2" startCol="8" startRow="2" x0="2114" x1="2336" y0="2038" y1="2084">(64770,771,2313)</Cell>
<Cell dontCare="false" endCol="0" endRow="6" startCol="0" startRow="3" x0="470" x1="590" y0="2084" y1="2320">(64770,1031,257)</Cell>
<Cell dontCare="false" endCol="1" endRow="3" startCol="1" startRow="3" x0="590" x1="886" y0="2084" y1="2152">(64770,1028,514)</Cell>
<Cell dontCare="false" endCol="2" endRow="3" startCol="2" startRow="3" x0="886" x1="1112" y0="2084" y1="2152">(64770,1028,771)</Cell>
<Cell dontCare="false" endCol="3" endRow="3" startCol="3" startRow="3" x0="1112" x1="1310" y0="2084" y1="2152">(64770,1028,1028)</Cell>
<Cell dontCare="false" endCol="4" endRow="3" startCol="4" startRow="3" x0="1310" x1="1524" y0="2084" y1="2152">(64770,1028,1285)</Cell>
<Cell dontCare="false" endCol="5" endRow="3" startCol="5" startRow="3" x0="1524" x1="1730" y0="2084" y1="2152">(64770,1028,1542)</Cell>
<Cell dontCare="false" endCol="6" endRow="3" startCol="6" startRow="3" x0="1730" x1="1918" y0="2084" y1="2152">(64770,1028,1799)</Cell>
<Cell dontCare="false" endCol="7" endRow="3" startCol="7" startRow="3" x0="1918" x1="2114" y0="2084" y1="2152">(64770,1028,2056)</Cell>
<Cell dontCare="false" endCol="8" endRow="3" startCol="8" startRow="3" x0="2114" x1="2336" y0="2084" y1="2152">(64770,1028,2313)</Cell>
<Cell dontCare="true" endCol="0" endRow="4" startCol="0" startRow="4" x0="470" x1="590" y0="2152" y1="2208">(64770,1285,257)</Cell>
<Cell dontCare="false" endCol="1" endRow="4" startCol="1" startRow="4" x0="590" x1="886" y0="2152" y1="2208">(64770,1285,514)</Cell>
<Cell dontCare="false" endCol="2" endRow="4" startCol="2" startRow="4" x0="886" x1="1112" y0="2152" y1="2208">(64770,1285,771)</Cell>
<Cell dontCare="false" endCol="3" endRow="4" startCol="3" startRow="4" x0="1112" x1="1310" y0="2152" y1="2208">(64770,1285,1028)</Cell>
<Cell dontCare="false" endCol="4" endRow="4" startCol="4" startRow="4" x0="1310" x1="1524" y0="2152" y1="2208">(64770,1285,1285)</Cell>
<Cell dontCare="false" endCol="5" endRow="4" startCol="5" startRow="4" x0="1524" x1="1730" y0="2152" y1="2208">(64770,1285,1542)</Cell>
<Cell dontCare="false" endCol="6" endRow="4" startCol="6" startRow="4" x0="1730" x1="1918" y0="2152" y1="2208">(64770,1285,1799)</Cell>
<Cell dontCare="false" endCol="7" endRow="4" startCol="7" startRow="4" x0="1918" x1="2114" y0="2152" y1="2208">(64770,1285,2056)</Cell>
<Cell dontCare="false" endCol="8" endRow="4" startCol="8" startRow="4" x0="2114" x1="2336" y0="2152" y1="2208">(64770,1285,2313)</Cell>
<Cell dontCare="true" endCol="0" endRow="5" startCol="0" startRow="5" x0="470" x1="590" y0="2208" y1="2266">(64770,1542,257)</Cell>
<Cell dontCare="false" endCol="1" endRow="5" startCol="1" startRow="5" x0="590" x1="886" y0="2208" y1="2266">(64770,1542,514)</Cell>
<Cell dontCare="false" endCol="2" endRow="5" startCol="2" startRow="5" x0="886" x1="1112" y0="2208" y1="2266">(64770,1542,771)</Cell>
<Cell dontCare="false" endCol="3" endRow="5" startCol="3" startRow="5" x0="1112" x1="1310" y0="2208" y1="2266">(64770,1542,1028)</Cell>
<Cell dontCare="false" endCol="4" endRow="5" startCol="4" startRow="5" x0="1310" x1="1524" y0="2208" y1="2266">(64770,1542,1285)</Cell>
<Cell dontCare="false" endCol="5" endRow="5" startCol="5" startRow="5" x0="1524" x1="1730" y0="2208" y1="2266">(64770,1542,1542)</Cell>
<Cell dontCare="false" endCol="6" endRow="5" startCol="6" startRow="5" x0="1730" x1="1918" y0="2208" y1="2266">(64770,1542,1799)</Cell>
<Cell dontCare="false" endCol="7" endRow="5" startCol="7" startRow="5" x0="1918" x1="2114" y0="2208" y1="2266">(64770,1542,2056)</Cell>
<Cell dontCare="false" endCol="8" endRow="5" startCol="8" startRow="5" x0="2114" x1="2336" y0="2208" y1="2266">(64770,1542,2313)</Cell>
<Cell dontCare="true" endCol="0" endRow="6" startCol="0" startRow="6" x0="470" x1="590" y0="2266" y1="2320">(64770,1799,257)</Cell>
<Cell dontCare="false" endCol="1" endRow="6" startCol="1" startRow="6" x0="590" x1="886" y0="2266" y1="2320">(64770,1799,514)</Cell>
<Cell dontCare="false" endCol="2" endRow="6" startCol="2" startRow="6" x0="886" x1="1112" y0="2266" y1="2320">(64770,1799,771)</Cell>
<Cell dontCare="false" endCol="3" endRow="6" startCol="3" startRow="6" x0="1112" x1="1310" y0="2266" y1="2320">(64770,1799,1028)</Cell>
<Cell dontCare="false" endCol="4" endRow="6" startCol="4" startRow="6" x0="1310" x1="1524" y0="2266" y1="2320">(64770,1799,1285)</Cell>
<Cell dontCare="false" endCol="5" endRow="6" startCol="5" startRow="6" x0="1524" x1="1730" y0="2266" y1="2320">(64770,1799,1542)</Cell>
<Cell dontCare="false" endCol="6" endRow="6" startCol="6" startRow="6" x0="1730" x1="1918" y0="2266" y1="2320">(64770,1799,1799)</Cell>
<Cell dontCare="false" endCol="7" endRow="6" startCol="7" startRow="6" x0="1918" x1="2114" y0="2266" y1="2320">(64770,1799,2056)</Cell>
<Cell dontCare="false" endCol="8" endRow="6" startCol="8" startRow="6" x0="2114" x1="2336" y0="2266" y1="2320">(64770,1799,2313)</Cell>
<Cell dontCare="false" endCol="0" endRow="7" startCol="0" startRow="7" x0="470" x1="590" y0="2320" y1="2382">(64770,2056,257)</Cell>
<Cell dontCare="false" endCol="1" endRow="7" startCol="1" startRow="7" x0="590" x1="886" y0="2320" y1="2382">(64770,2056,514)</Cell>
<Cell dontCare="false" endCol="2" endRow="7" startCol="2" startRow="7" x0="886" x1="1112" y0="2320" y1="2382">(64770,2056,771)</Cell>
<Cell dontCare="false" endCol="3" endRow="7" startCol="3" startRow="7" x0="1112" x1="1310" y0="2320" y1="2382">(64770,2056,1028)</Cell>
<Cell dontCare="false" endCol="4" endRow="7" startCol="4" startRow="7" x0="1310" x1="1524" y0="2320" y1="2382">(64770,2056,1285)</Cell>
<Cell dontCare="false" endCol="5" endRow="7" startCol="5" startRow="7" x0="1524" x1="1730" y0="2320" y1="2382">(64770,2056,1542)</Cell>
<Cell dontCare="false" endCol="6" endRow="7" startCol="6" startRow="7" x0="1730" x1="1918" y0="2320" y1="2382">(64770,2056,1799)</Cell>
<Cell dontCare="false" endCol="7" endRow="7" startCol="7" startRow="7" x0="1918" x1="2114" y0="2320" y1="2382">(64770,2056,2056)</Cell>
<Cell dontCare="false" endCol="8" endRow="7" startCol="8" startRow="7" x0="2114" x1="2336" y0="2320" y1="2382">(64770,2056,2313)</Cell>
<Cell dontCare="false" endCol="0" endRow="11" startCol="0" startRow="8" x0="470" x1="590" y0="2382" y1="2620">(64770,2316,257)</Cell>
<Cell dontCare="false" endCol="1" endRow="8" startCol="1" startRow="8" x0="590" x1="886" y0="2382" y1="2450">(64770,2313,514)</Cell>
<Cell dontCare="false" endCol="2" endRow="8" startCol="2" startRow="8" x0="886" x1="1112" y0="2382" y1="2450">(64770,2313,771)</Cell>
<Cell dontCare="false" endCol="3" endRow="8" startCol="3" startRow="8" x0="1112" x1="1310" y0="2382" y1="2450">(64770,2313,1028)</Cell>
<Cell dontCare="false" endCol="4" endRow="8" startCol="4" startRow="8" x0="1310" x1="1524" y0="2382" y1="2450">(64770,2313,1285)</Cell>
<Cell dontCare="false" endCol="5" endRow="8" startCol="5" startRow="8" x0="1524" x1="1730" y0="2382" y1="2450">(64770,2313,1542)</Cell>
<Cell dontCare="false" endCol="6" endRow="8" startCol="6" startRow="8" x0="1730" x1="1918" y0="2382" y1="2450">(64770,2313,1799)</Cell>
<Cell dontCare="false" endCol="7" endRow="8" startCol="7" startRow="8" x0="1918" x1="2114" y0="2382" y1="2450">(64770,2313,2056)</Cell>
<Cell dontCare="false" endCol="8" endRow="8" startCol="8" startRow="8" x0="2114" x1="2336" y0="2382" y1="2450">(64770,2313,2313)</Cell>
<Cell dontCare="true" endCol="0" endRow="9" startCol="0" startRow="9" x0="470" x1="590" y0="2450" y1="2502">(64770,2570,257)</Cell>
<Cell dontCare="false" endCol="1" endRow="9" startCol="1" startRow="9" x0="590" x1="886" y0="2450" y1="2502">(64770,2570,514)</Cell>
<Cell dontCare="false" endCol="2" endRow="9" startCol="2" startRow="9" x0="886" x1="1112" y0="2450" y1="2502">(64770,2570,771)</Cell>
<Cell dontCare="false" endCol="3" endRow="9" startCol="3" startRow="9" x0="1112" x1="1310" y0="2450" y1="2502">(64770,2570,1028)</Cell>
<Cell dontCare="false" endCol="4" endRow="9" startCol="4" startRow="9" x0="1310" x1="1524" y0="2450" y1="2502">(64770,2570,1285)</Cell>
<Cell dontCare="false" endCol="5" endRow="9" startCol="5" startRow="9" x0="1524" x1="1730" y0="2450" y1="2502">(64770,2570,1542)</Cell>
<Cell dontCare="false" endCol="6" endRow="9" startCol="6" startRow="9" x0="1730" x1="1918" y0="2450" y1="2502">(64770,2570,1799)</Cell>
<Cell dontCare="false" endCol="7" endRow="9" startCol="7" startRow="9" x0="1918" x1="2114" y0="2450" y1="2502">(64770,2570,2056)</Cell>
<Cell dontCare="false" endCol="8" endRow="9" startCol="8" startRow="9" x0="2114" x1="2336" y0="2450" y1="2502">(64770,2570,2313)</Cell>
<Cell dontCare="true" endCol="0" endRow="10" startCol="0" startRow="10" x0="470" x1="590" y0="2502" y1="2564">(64770,2827,257)</Cell>
<Cell dontCare="false" endCol="1" endRow="10" startCol="1" startRow="10" x0="590" x1="886" y0="2502" y1="2564">(64770,2827,514)</Cell>
<Cell dontCare="false" endCol="2" endRow="10" startCol="2" startRow="10" x0="886" x1="1112" y0="2502" y1="2564">(64770,2827,771)</Cell>
<Cell dontCare="false" endCol="3" endRow="10" startCol="3" startRow="10" x0="1112" x1="1310" y0="2502" y1="2564">(64770,2827,1028)</Cell>
<Cell dontCare="false" endCol="4" endRow="10" startCol="4" startRow="10" x0="1310" x1="1524" y0="2502" y1="2564">(64770,2827,1285)</Cell>
<Cell dontCare="false" endCol="5" endRow="10" startCol="5" startRow="10" x0="1524" x1="1730" y0="2502" y1="2564">(64770,2827,1542)</Cell>
<Cell dontCare="false" endCol="6" endRow="10" startCol="6" startRow="10" x0="1730" x1="1918" y0="2502" y1="2564">(64770,2827,1799)</Cell>
<Cell dontCare="false" endCol="7" endRow="10" startCol="7" startRow="10" x0="1918" x1="2114" y0="2502" y1="2564">(64770,2827,2056)</Cell>
<Cell dontCare="false" endCol="8" endRow="10" startCol="8" startRow="10" x0="2114" x1="2336" y0="2502" y1="2564">(64770,2827,2313)</Cell>
<Cell dontCare="true" endCol="0" endRow="11" startCol="0" startRow="11" x0="470" x1="590" y0="2564" y1="2620">(64770,3084,257)</Cell>
<Cell dontCare="false" endCol="1" endRow="11" startCol="1" startRow="11" x0="590" x1="886" y0="2564" y1="2620">(64770,3084,514)</Cell>
<Cell dontCare="false" endCol="2" endRow="11" startCol="2" startRow="11" x0="886" x1="1112" y0="2564" y1="2620">(64770,3084,771)</Cell>
<Cell dontCare="false" endCol="3" endRow="11" startCol="3" startRow="11" x0="1112" x1="1310" y0="2564" y1="2620">(64770,3084,1028)</Cell>
<Cell dontCare="false" endCol="4" endRow="11" startCol="4" startRow="11" x0="1310" x1="1524" y0="2564" y1="2620">(64770,3084,1285)</Cell>
<Cell dontCare="false" endCol="5" endRow="11" startCol="5" startRow="11" x0="1524" x1="1730" y0="2564" y1="2620">(64770,3084,1542)</Cell>
<Cell dontCare="false" endCol="6" endRow="11" startCol="6" startRow="11" x0="1730" x1="1918" y0="2564" y1="2620">(64770,3084,1799)</Cell>
<Cell dontCare="false" endCol="7" endRow="11" startCol="7" startRow="11" x0="1918" x1="2114" y0="2564" y1="2620">(64770,3084,2056)</Cell>
<Cell dontCare="false" endCol="8" endRow="11" startCol="8" startRow="11" x0="2114" x1="2336" y0="2564" y1="2620">(64770,3084,2313)</Cell>
<Cell dontCare="false" endCol="0" endRow="12" startCol="0" startRow="12" x0="470" x1="590" y0="2620" y1="2680">(64770,3341,257)</Cell>
<Cell dontCare="false" endCol="1" endRow="12" startCol="1" startRow="12" x0="590" x1="886" y0="2620" y1="2680">(64770,3341,514)</Cell>
<Cell dontCare="false" endCol="2" endRow="12" startCol="2" startRow="12" x0="886" x1="1112" y0="2620" y1="2680">(64770,3341,771)</Cell>
<Cell dontCare="false" endCol="3" endRow="12" startCol="3" startRow="12" x0="1112" x1="1310" y0="2620" y1="2680">(64770,3341,1028)</Cell>
<Cell dontCare="false" endCol="4" endRow="12" startCol="4" startRow="12" x0="1310" x1="1524" y0="2620" y1="2680">(64770,3341,1285)</Cell>
<Cell dontCare="false" endCol="5" endRow="12" startCol="5" startRow="12" x0="1524" x1="1730" y0="2620" y1="2680">(64770,3341,1542)</Cell>
<Cell dontCare="false" endCol="6" endRow="12" startCol="6" startRow="12" x0="1730" x1="1918" y0="2620" y1="2680">(64770,3341,1799)</Cell>
<Cell dontCare="false" endCol="7" endRow="12" startCol="7" startRow="12" x0="1918" x1="2114" y0="2620" y1="2680">(64770,3341,2056)</Cell>
<Cell dontCare="false" endCol="8" endRow="12" startCol="8" startRow="12" x0="2114" x1="2336" y0="2620" y1="2680">(64770,3341,2313)</Cell>
</Table>
</Tables>
</GroundTruth>
