<?xml version="1.0" encoding="UTF-8" standalone="no"?>
<GroundTruth InputFile="C:\Dokumente und Einstellungen\mehmood\Desktop\dataset\skew_corrected\unlv_tables_bin_test\9521_052.png">
<Tables>
<Table x0="736" x1="2420" y0="618" y1="1896">
<Row x0="736" x1="2420" y0="668" y1="668"/>
<Row x0="736" x1="2420" y0="710" y1="710"/>
<Row x0="736" x1="2420" y0="762" y1="762"/>
<Row x0="736" x1="2420" y0="814" y1="814"/>
<Row x0="736" x1="2420" y0="860" y1="860"/>
<Row x0="736" x1="2420" y0="908" y1="908"/>
<Row x0="736" x1="2420" y0="960" y1="960"/>
<Row x0="736" x1="2420" y0="1020" y1="1020"/>
<Row x0="736" x1="2420" y0="1082" y1="1082"/>
<Row x0="736" x1="2420" y0="1124" y1="1124"/>
<Row x0="736" x1="2420" y0="1174" y1="1174"/>
<Row x0="736" x1="2420" y0="1220" y1="1220"/>
<Row x0="736" x1="2420" y0="1270" y1="1270"/>
<Row x0="736" x1="2420" y0="1318" y1="1318"/>
<Row x0="736" x1="2420" y0="1366" y1="1366"/>
<Row x0="736" x1="2420" y0="1428" y1="1428"/>
<Row x0="736" x1="2420" y0="1488" y1="1488"/>
<Row x0="736" x1="2420" y0="1538" y1="1538"/>
<Row x0="736" x1="2420" y0="1592" y1="1592"/>
<Row x0="736" x1="2420" y0="1634" y1="1634"/>
<Row x0="736" x1="2420" y0="1682" y1="1682"/>
<Row x0="736" x1="2420" y0="1732" y1="1732"/>
<Row x0="736" x1="2420" y0="1776" y1="1776"/>
<Row x0="736" x1="2420" y0="1820" y1="1820"/>
<Column x0="1602" x1="1602" y0="618" y1="1896"/>
<Column x0="2036" x1="2036" y0="618" y1="1896"/>
<Column x0="2210" x1="2210" y0="618" y1="1896"/>
<Cell dontCare="false" endCol="0" endRow="0" startCol="0" startRow="0" x0="736" x1="1602" y0="618" y1="668">(64769,257,257)</Cell>
<Cell dontCare="false" endCol="1" endRow="0" startCol="1" startRow="0" x0="1602" x1="2036" y0="618" y1="668">(64769,257,514)</Cell>
<Cell dontCare="false" endCol="2" endRow="0" startCol="2" startRow="0" x0="2036" x1="2210" y0="618" y1="668">(64769,257,771)</Cell>
<Cell dontCare="false" endCol="3" endRow="0" startCol="3" startRow="0" x0="2210" x1="2420" y0="618" y1="668">(64769,257,1028)</Cell>
<Cell dontCare="false" endCol="3" endRow="1" startCol="0" startRow="1" x0="736" x1="2420" y0="668" y1="710">(64769,514,260)</Cell>
<Cell dontCare="true" endCol="1" endRow="1" startCol="1" startRow="1" x0="1602" x1="2036" y0="668" y1="710">(64769,514,514)</Cell>
<Cell dontCare="true" endCol="2" endRow="1" startCol="2" startRow="1" x0="2036" x1="2210" y0="668" y1="710">(64769,514,771)</Cell>
<Cell dontCare="true" endCol="3" endRow="1" startCol="3" startRow="1" x0="2210" x1="2420" y0="668" y1="710">(64769,514,1028)</Cell>
<Cell dontCare="false" endCol="0" endRow="2" startCol="0" startRow="2" x0="736" x1="1602" y0="710" y1="762">(64769,771,257)</Cell>
<Cell dontCare="false" endCol="1" endRow="2" startCol="1" startRow="2" x0="1602" x1="2036" y0="710" y1="762">(64769,771,514)</Cell>
<Cell dontCare="false" endCol="2" endRow="2" startCol="2" startRow="2" x0="2036" x1="2210" y0="710" y1="762">(64769,771,771)</Cell>
<Cell dontCare="false" endCol="3" endRow="2" startCol="3" startRow="2" x0="2210" x1="2420" y0="710" y1="762">(64769,771,1028)</Cell>
<Cell dontCare="false" endCol="0" endRow="3" startCol="0" startRow="3" x0="736" x1="1602" y0="762" y1="814">(64769,1028,257)</Cell>
<Cell dontCare="false" endCol="1" endRow="3" startCol="1" startRow="3" x0="1602" x1="2036" y0="762" y1="814">(64769,1028,514)</Cell>
<Cell dontCare="false" endCol="2" endRow="3" startCol="2" startRow="3" x0="2036" x1="2210" y0="762" y1="814">(64769,1028,771)</Cell>
<Cell dontCare="false" endCol="3" endRow="3" startCol="3" startRow="3" x0="2210" x1="2420" y0="762" y1="814">(64769,1028,1028)</Cell>
<Cell dontCare="false" endCol="0" endRow="4" startCol="0" startRow="4" x0="736" x1="1602" y0="814" y1="860">(64769,1285,257)</Cell>
<Cell dontCare="false" endCol="1" endRow="4" startCol="1" startRow="4" x0="1602" x1="2036" y0="814" y1="860">(64769,1285,514)</Cell>
<Cell dontCare="false" endCol="2" endRow="4" startCol="2" startRow="4" x0="2036" x1="2210" y0="814" y1="860">(64769,1285,771)</Cell>
<Cell dontCare="false" endCol="3" endRow="4" startCol="3" startRow="4" x0="2210" x1="2420" y0="814" y1="860">(64769,1285,1028)</Cell>
<Cell dontCare="false" endCol="0" endRow="5" startCol="0" startRow="5" x0="736" x1="1602" y0="860" y1="908">(64769,1542,257)</Cell>
<Cell dontCare="false" endCol="1" endRow="5" startCol="1" startRow="5" x0="1602" x1="2036" y0="860" y1="908">(64769,1542,514)</Cell>
<Cell dontCare="false" endCol="2" endRow="5" startCol="2" startRow="5" x0="2036" x1="2210" y0="860" y1="908">(64769,1542,771)</Cell>
<Cell dontCare="false" endCol="3" endRow="5" startCol="3" startRow="5" x0="2210" x1="2420" y0="860" y1="908">(64769,1542,1028)</Cell>
<Cell dontCare="false" endCol="0" endRow="6" startCol="0" startRow="6" x0="736" x1="1602" y0="908" y1="960">(64769,1799,257)</Cell>
<Cell dontCare="false" endCol="1" endRow="6" startCol="1" startRow="6" x0="1602" x1="2036" y0="908" y1="960">(64769,1799,514)</Cell>
<Cell dontCare="false" endCol="2" endRow="6" startCol="2" startRow="6" x0="2036" x1="2210" y0="908" y1="960">(64769,1799,771)</Cell>
<Cell dontCare="false" endCol="3" endRow="6" startCol="3" startRow="6" x0="2210" x1="2420" y0="908" y1="960">(64769,1799,1028)</Cell>
<Cell dontCare="false" endCol="0" endRow="7" startCol="0" startRow="7" x0="736" x1="1602" y0="960" y1="1020">(64769,2056,257)</Cell>
<Cell dontCare="false" endCol="1" endRow="7" startCol="1" startRow="7" x0="1602" x1="2036" y0="960" y1="1020">(64769,2056,514)</Cell>
<Cell dontCare="false" endCol="2" endRow="7" startCol="2" startRow="7" x0="2036" x1="2210" y0="960" y1="1020">(64769,2056,771)</Cell>
<Cell dontCare="false" endCol="3" endRow="7" startCol="3" startRow="7" x0="2210" x1="2420" y0="960" y1="1020">(64769,2056,1028)</Cell>
<Cell dontCare="false" endCol="3" endRow="8" startCol="0" startRow="8" x0="736" x1="2420" y0="1020" y1="1082">(64769,2313,260)</Cell>
<Cell dontCare="true" endCol="1" endRow="8" startCol="1" startRow="8" x0="1602" x1="2036" y0="1020" y1="1082">(64769,2313,514)</Cell>
<Cell dontCare="true" endCol="2" endRow="8" startCol="2" startRow="8" x0="2036" x1="2210" y0="1020" y1="1082">(64769,2313,771)</Cell>
<Cell dontCare="true" endCol="3" endRow="8" startCol="3" startRow="8" x0="2210" x1="2420" y0="1020" y1="1082">(64769,2313,1028)</Cell>
<Cell dontCare="false" endCol="0" endRow="9" startCol="0" startRow="9" x0="736" x1="1602" y0="1082" y1="1124">(64769,2570,257)</Cell>
<Cell dontCare="false" endCol="1" endRow="9" startCol="1" startRow="9" x0="1602" x1="2036" y0="1082" y1="1124">(64769,2570,514)</Cell>
<Cell dontCare="false" endCol="2" endRow="9" startCol="2" startRow="9" x0="2036" x1="2210" y0="1082" y1="1124">(64769,2570,771)</Cell>
<Cell dontCare="false" endCol="3" endRow="9" startCol="3" startRow="9" x0="2210" x1="2420" y0="1082" y1="1124">(64769,2570,1028)</Cell>
<Cell dontCare="false" endCol="0" endRow="10" startCol="0" startRow="10" x0="736" x1="1602" y0="1124" y1="1174">(64769,2827,257)</Cell>
<Cell dontCare="false" endCol="1" endRow="10" startCol="1" startRow="10" x0="1602" x1="2036" y0="1124" y1="1174">(64769,2827,514)</Cell>
<Cell dontCare="false" endCol="2" endRow="10" startCol="2" startRow="10" x0="2036" x1="2210" y0="1124" y1="1174">(64769,2827,771)</Cell>
<Cell dontCare="false" endCol="3" endRow="10" startCol="3" startRow="10" x0="2210" x1="2420" y0="1124" y1="1174">(64769,2827,1028)</Cell>
<Cell dontCare="false" endCol="0" endRow="11" startCol="0" startRow="11" x0="736" x1="1602" y0="1174" y1="1220">(64769,3084,257)</Cell>
<Cell dontCare="false" endCol="1" endRow="11" startCol="1" startRow="11" x0="1602" x1="2036" y0="1174" y1="1220">(64769,3084,514)</Cell>
<Cell dontCare="false" endCol="2" endRow="11" startCol="2" startRow="11" x0="2036" x1="2210" y0="1174" y1="1220">(64769,3084,771)</Cell>
<Cell dontCare="false" endCol="3" endRow="11" startCol="3" startRow="11" x0="2210" x1="2420" y0="1174" y1="1220">(64769,3084,1028)</Cell>
<Cell dontCare="false" endCol="0" endRow="12" startCol="0" startRow="12" x0="736" x1="1602" y0="1220" y1="1270">(64769,3341,257)</Cell>
<Cell dontCare="false" endCol="1" endRow="12" startCol="1" startRow="12" x0="1602" x1="2036" y0="1220" y1="1270">(64769,3341,514)</Cell>
<Cell dontCare="false" endCol="2" endRow="12" startCol="2" startRow="12" x0="2036" x1="2210" y0="1220" y1="1270">(64769,3341,771)</Cell>
<Cell dontCare="false" endCol="3" endRow="12" startCol="3" startRow="12" x0="2210" x1="2420" y0="1220" y1="1270">(64769,3341,1028)</Cell>
<Cell dontCare="false" endCol="0" endRow="13" startCol="0" startRow="13" x0="736" x1="1602" y0="1270" y1="1318">(64769,3598,257)</Cell>
<Cell dontCare="false" endCol="1" endRow="13" startCol="1" startRow="13" x0="1602" x1="2036" y0="1270" y1="1318">(64769,3598,514)</Cell>
<Cell dontCare="false" endCol="2" endRow="13" startCol="2" startRow="13" x0="2036" x1="2210" y0="1270" y1="1318">(64769,3598,771)</Cell>
<Cell dontCare="false" endCol="3" endRow="13" startCol="3" startRow="13" x0="2210" x1="2420" y0="1270" y1="1318">(64769,3598,1028)</Cell>
<Cell dontCare="false" endCol="0" endRow="14" startCol="0" startRow="14" x0="736" x1="1602" y0="1318" y1="1366">(64769,3855,257)</Cell>
<Cell dontCare="false" endCol="1" endRow="14" startCol="1" startRow="14" x0="1602" x1="2036" y0="1318" y1="1366">(64769,3855,514)</Cell>
<Cell dontCare="false" endCol="2" endRow="14" startCol="2" startRow="14" x0="2036" x1="2210" y0="1318" y1="1366">(64769,3855,771)</Cell>
<Cell dontCare="false" endCol="3" endRow="14" startCol="3" startRow="14" x0="2210" x1="2420" y0="1318" y1="1366">(64769,3855,1028)</Cell>
<Cell dontCare="false" endCol="0" endRow="15" startCol="0" startRow="15" x0="736" x1="1602" y0="1366" y1="1428">(64769,4112,257)</Cell>
<Cell dontCare="false" endCol="1" endRow="15" startCol="1" startRow="15" x0="1602" x1="2036" y0="1366" y1="1428">(64769,4112,514)</Cell>
<Cell dontCare="false" endCol="2" endRow="15" startCol="2" startRow="15" x0="2036" x1="2210" y0="1366" y1="1428">(64769,4112,771)</Cell>
<Cell dontCare="false" endCol="3" endRow="15" startCol="3" startRow="15" x0="2210" x1="2420" y0="1366" y1="1428">(64769,4112,1028)</Cell>
<Cell dontCare="false" endCol="3" endRow="16" startCol="0" startRow="16" x0="736" x1="2420" y0="1428" y1="1488">(64769,4369,260)</Cell>
<Cell dontCare="true" endCol="1" endRow="16" startCol="1" startRow="16" x0="1602" x1="2036" y0="1428" y1="1488">(64769,4369,514)</Cell>
<Cell dontCare="true" endCol="2" endRow="16" startCol="2" startRow="16" x0="2036" x1="2210" y0="1428" y1="1488">(64769,4369,771)</Cell>
<Cell dontCare="true" endCol="3" endRow="16" startCol="3" startRow="16" x0="2210" x1="2420" y0="1428" y1="1488">(64769,4369,1028)</Cell>
<Cell dontCare="false" endCol="0" endRow="17" startCol="0" startRow="17" x0="736" x1="1602" y0="1488" y1="1538">(64769,4626,257)</Cell>
<Cell dontCare="false" endCol="1" endRow="17" startCol="1" startRow="17" x0="1602" x1="2036" y0="1488" y1="1538">(64769,4626,514)</Cell>
<Cell dontCare="false" endCol="2" endRow="17" startCol="2" startRow="17" x0="2036" x1="2210" y0="1488" y1="1538">(64769,4626,771)</Cell>
<Cell dontCare="false" endCol="3" endRow="17" startCol="3" startRow="17" x0="2210" x1="2420" y0="1488" y1="1538">(64769,4626,1028)</Cell>
<Cell dontCare="false" endCol="0" endRow="18" startCol="0" startRow="18" x0="736" x1="1602" y0="1538" y1="1592">(64769,4883,257)</Cell>
<Cell dontCare="false" endCol="1" endRow="18" startCol="1" startRow="18" x0="1602" x1="2036" y0="1538" y1="1592">(64769,4883,514)</Cell>
<Cell dontCare="false" endCol="2" endRow="18" startCol="2" startRow="18" x0="2036" x1="2210" y0="1538" y1="1592">(64769,4883,771)</Cell>
<Cell dontCare="false" endCol="3" endRow="18" startCol="3" startRow="18" x0="2210" x1="2420" y0="1538" y1="1592">(64769,4883,1028)</Cell>
<Cell dontCare="false" endCol="0" endRow="19" startCol="0" startRow="19" x0="736" x1="1602" y0="1592" y1="1634">(64769,5140,257)</Cell>
<Cell dontCare="false" endCol="1" endRow="19" startCol="1" startRow="19" x0="1602" x1="2036" y0="1592" y1="1634">(64769,5140,514)</Cell>
<Cell dontCare="false" endCol="2" endRow="19" startCol="2" startRow="19" x0="2036" x1="2210" y0="1592" y1="1634">(64769,5140,771)</Cell>
<Cell dontCare="false" endCol="3" endRow="19" startCol="3" startRow="19" x0="2210" x1="2420" y0="1592" y1="1634">(64769,5140,1028)</Cell>
<Cell dontCare="false" endCol="0" endRow="20" startCol="0" startRow="20" x0="736" x1="1602" y0="1634" y1="1682">(64769,5397,257)</Cell>
<Cell dontCare="false" endCol="1" endRow="20" startCol="1" startRow="20" x0="1602" x1="2036" y0="1634" y1="1682">(64769,5397,514)</Cell>
<Cell dontCare="false" endCol="2" endRow="20" startCol="2" startRow="20" x0="2036" x1="2210" y0="1634" y1="1682">(64769,5397,771)</Cell>
<Cell dontCare="false" endCol="3" endRow="20" startCol="3" startRow="20" x0="2210" x1="2420" y0="1634" y1="1682">(64769,5397,1028)</Cell>
<Cell dontCare="false" endCol="0" endRow="21" startCol="0" startRow="21" x0="736" x1="1602" y0="1682" y1="1732">(64769,5654,257)</Cell>
<Cell dontCare="false" endCol="1" endRow="21" startCol="1" startRow="21" x0="1602" x1="2036" y0="1682" y1="1732">(64769,5654,514)</Cell>
<Cell dontCare="false" endCol="2" endRow="21" startCol="2" startRow="21" x0="2036" x1="2210" y0="1682" y1="1732">(64769,5654,771)</Cell>
<Cell dontCare="false" endCol="3" endRow="21" startCol="3" startRow="21" x0="2210" x1="2420" y0="1682" y1="1732">(64769,5654,1028)</Cell>
<Cell dontCare="false" endCol="0" endRow="22" startCol="0" startRow="22" x0="736" x1="1602" y0="1732" y1="1776">(64769,5911,257)</Cell>
<Cell dontCare="false" endCol="1" endRow="22" startCol="1" startRow="22" x0="1602" x1="2036" y0="1732" y1="1776">(64769,5911,514)</Cell>
<Cell dontCare="false" endCol="2" endRow="22" startCol="2" startRow="22" x0="2036" x1="2210" y0="1732" y1="1776">(64769,5911,771)</Cell>
<Cell dontCare="false" endCol="3" endRow="22" startCol="3" startRow="22" x0="2210" x1="2420" y0="1732" y1="1776">(64769,5911,1028)</Cell>
<Cell dontCare="false" endCol="0" endRow="23" startCol="0" startRow="23" x0="736" x1="1602" y0="1776" y1="1820">(64769,6168,257)</Cell>
<Cell dontCare="false" endCol="1" endRow="23" startCol="1" startRow="23" x0="1602" x1="2036" y0="1776" y1="1820">(64769,6168,514)</Cell>
<Cell dontCare="false" endCol="2" endRow="23" startCol="2" startRow="23" x0="2036" x1="2210" y0="1776" y1="1820">(64769,6168,771)</Cell>
<Cell dontCare="false" endCol="3" endRow="23" startCol="3" startRow="23" x0="2210" x1="2420" y0="1776" y1="1820">(64769,6168,1028)</Cell>
<Cell dontCare="false" endCol="0" endRow="24" startCol="0" startRow="24" x0="736" x1="1602" y0="1820" y1="1896">(64769,6425,257)</Cell>
<Cell dontCare="false" endCol="1" endRow="24" startCol="1" startRow="24" x0="1602" x1="2036" y0="1820" y1="1896">(64769,6425,514)</Cell>
<Cell dontCare="false" endCol="2" endRow="24" startCol="2" startRow="24" x0="2036" x1="2210" y0="1820" y1="1896">(64769,6425,771)</Cell>
<Cell dontCare="false" endCol="3" endRow="24" startCol="3" startRow="24" x0="2210" x1="2420" y0="1820" y1="1896">(64769,6425,1028)</Cell>
</Table>
<Table x0="740" x1="2418" y0="2062" y1="2710">
<Row x0="740" x1="2418" y0="2126" y1="2126"/>
<Row x0="740" x1="2418" y0="2166" y1="2166"/>
<Row x0="740" x1="2418" y0="2216" y1="2216"/>
<Row x0="740" x1="2418" y0="2262" y1="2262"/>
<Row x0="740" x1="2418" y0="2312" y1="2312"/>
<Row x0="740" x1="2418" y0="2362" y1="2362"/>
<Row x0="740" x1="2418" y0="2406" y1="2406"/>
<Row x0="740" x1="2418" y0="2452" y1="2452"/>
<Row x0="740" x1="2418" y0="2504" y1="2504"/>
<Row x0="740" x1="2418" y0="2554" y1="2554"/>
<Row x0="740" x1="2418" y0="2598" y1="2598"/>
<Row x0="740" x1="2418" y0="2646" y1="2646"/>
<Column x0="1320" x1="1320" y0="2062" y1="2710"/>
<Column x0="2004" x1="2004" y0="2062" y1="2710"/>
<Column x0="2220" x1="2220" y0="2062" y1="2710"/>
<Cell dontCare="false" endCol="0" endRow="0" startCol="0" startRow="0" x0="740" x1="1320" y0="2062" y1="2126">(64770,257,257)</Cell>
<Cell dontCare="false" endCol="1" endRow="0" startCol="1" startRow="0" x0="1320" x1="2004" y0="2062" y1="2126">(64770,257,514)</Cell>
<Cell dontCare="false" endCol="2" endRow="0" startCol="2" startRow="0" x0="2004" x1="2220" y0="2062" y1="2126">(64770,257,771)</Cell>
<Cell dontCare="false" endCol="3" endRow="0" startCol="3" startRow="0" x0="2220" x1="2418" y0="2062" y1="2126">(64770,257,1028)</Cell>
<Cell dontCare="false" endCol="3" endRow="1" startCol="0" startRow="1" x0="740" x1="2418" y0="2126" y1="2166">(64770,514,260)</Cell>
<Cell dontCare="true" endCol="1" endRow="1" startCol="1" startRow="1" x0="1320" x1="2004" y0="2126" y1="2166">(64770,514,514)</Cell>
<Cell dontCare="true" endCol="2" endRow="1" startCol="2" startRow="1" x0="2004" x1="2220" y0="2126" y1="2166">(64770,514,771)</Cell>
<Cell dontCare="true" endCol="3" endRow="1" startCol="3" startRow="1" x0="2220" x1="2418" y0="2126" y1="2166">(64770,514,1028)</Cell>
<Cell dontCare="false" endCol="0" endRow="2" startCol="0" startRow="2" x0="740" x1="1320" y0="2166" y1="2216">(64770,771,257)</Cell>
<Cell dontCare="false" endCol="1" endRow="2" startCol="1" startRow="2" x0="1320" x1="2004" y0="2166" y1="2216">(64770,771,514)</Cell>
<Cell dontCare="false" endCol="2" endRow="2" startCol="2" startRow="2" x0="2004" x1="2220" y0="2166" y1="2216">(64770,771,771)</Cell>
<Cell dontCare="false" endCol="3" endRow="2" startCol="3" startRow="2" x0="2220" x1="2418" y0="2166" y1="2216">(64770,771,1028)</Cell>
<Cell dontCare="false" endCol="0" endRow="3" startCol="0" startRow="3" x0="740" x1="1320" y0="2216" y1="2262">(64770,1028,257)</Cell>
<Cell dontCare="false" endCol="1" endRow="3" startCol="1" startRow="3" x0="1320" x1="2004" y0="2216" y1="2262">(64770,1028,514)</Cell>
<Cell dontCare="false" endCol="2" endRow="3" startCol="2" startRow="3" x0="2004" x1="2220" y0="2216" y1="2262">(64770,1028,771)</Cell>
<Cell dontCare="false" endCol="3" endRow="3" startCol="3" startRow="3" x0="2220" x1="2418" y0="2216" y1="2262">(64770,1028,1028)</Cell>
<Cell dontCare="false" endCol="0" endRow="4" startCol="0" startRow="4" x0="740" x1="1320" y0="2262" y1="2312">(64770,1285,257)</Cell>
<Cell dontCare="false" endCol="1" endRow="4" startCol="1" startRow="4" x0="1320" x1="2004" y0="2262" y1="2312">(64770,1285,514)</Cell>
<Cell dontCare="false" endCol="2" endRow="4" startCol="2" startRow="4" x0="2004" x1="2220" y0="2262" y1="2312">(64770,1285,771)</Cell>
<Cell dontCare="false" endCol="3" endRow="4" startCol="3" startRow="4" x0="2220" x1="2418" y0="2262" y1="2312">(64770,1285,1028)</Cell>
<Cell dontCare="false" endCol="3" endRow="5" startCol="0" startRow="5" x0="740" x1="2418" y0="2312" y1="2362">(64770,1542,260)</Cell>
<Cell dontCare="true" endCol="1" endRow="5" startCol="1" startRow="5" x0="1320" x1="2004" y0="2312" y1="2362">(64770,1542,514)</Cell>
<Cell dontCare="true" endCol="2" endRow="5" startCol="2" startRow="5" x0="2004" x1="2220" y0="2312" y1="2362">(64770,1542,771)</Cell>
<Cell dontCare="true" endCol="3" endRow="5" startCol="3" startRow="5" x0="2220" x1="2418" y0="2312" y1="2362">(64770,1542,1028)</Cell>
<Cell dontCare="false" endCol="0" endRow="6" startCol="0" startRow="6" x0="740" x1="1320" y0="2362" y1="2406">(64770,1799,257)</Cell>
<Cell dontCare="false" endCol="1" endRow="6" startCol="1" startRow="6" x0="1320" x1="2004" y0="2362" y1="2406">(64770,1799,514)</Cell>
<Cell dontCare="false" endCol="2" endRow="6" startCol="2" startRow="6" x0="2004" x1="2220" y0="2362" y1="2406">(64770,1799,771)</Cell>
<Cell dontCare="false" endCol="3" endRow="6" startCol="3" startRow="6" x0="2220" x1="2418" y0="2362" y1="2406">(64770,1799,1028)</Cell>
<Cell dontCare="false" endCol="0" endRow="7" startCol="0" startRow="7" x0="740" x1="1320" y0="2406" y1="2452">(64770,2056,257)</Cell>
<Cell dontCare="false" endCol="1" endRow="7" startCol="1" startRow="7" x0="1320" x1="2004" y0="2406" y1="2452">(64770,2056,514)</Cell>
<Cell dontCare="false" endCol="2" endRow="7" startCol="2" startRow="7" x0="2004" x1="2220" y0="2406" y1="2452">(64770,2056,771)</Cell>
<Cell dontCare="false" endCol="3" endRow="7" startCol="3" startRow="7" x0="2220" x1="2418" y0="2406" y1="2452">(64770,2056,1028)</Cell>
<Cell dontCare="false" endCol="0" endRow="8" startCol="0" startRow="8" x0="740" x1="1320" y0="2452" y1="2504">(64770,2313,257)</Cell>
<Cell dontCare="false" endCol="1" endRow="8" startCol="1" startRow="8" x0="1320" x1="2004" y0="2452" y1="2504">(64770,2313,514)</Cell>
<Cell dontCare="false" endCol="2" endRow="8" startCol="2" startRow="8" x0="2004" x1="2220" y0="2452" y1="2504">(64770,2313,771)</Cell>
<Cell dontCare="false" endCol="3" endRow="8" startCol="3" startRow="8" x0="2220" x1="2418" y0="2452" y1="2504">(64770,2313,1028)</Cell>
<Cell dontCare="false" endCol="3" endRow="9" startCol="0" startRow="9" x0="740" x1="2418" y0="2504" y1="2554">(64770,2570,260)</Cell>
<Cell dontCare="true" endCol="1" endRow="9" startCol="1" startRow="9" x0="1320" x1="2004" y0="2504" y1="2554">(64770,2570,514)</Cell>
<Cell dontCare="true" endCol="2" endRow="9" startCol="2" startRow="9" x0="2004" x1="2220" y0="2504" y1="2554">(64770,2570,771)</Cell>
<Cell dontCare="true" endCol="3" endRow="9" startCol="3" startRow="9" x0="2220" x1="2418" y0="2504" y1="2554">(64770,2570,1028)</Cell>
<Cell dontCare="false" endCol="0" endRow="10" startCol="0" startRow="10" x0="740" x1="1320" y0="2554" y1="2598">(64770,2827,257)</Cell>
<Cell dontCare="false" endCol="1" endRow="10" startCol="1" startRow="10" x0="1320" x1="2004" y0="2554" y1="2598">(64770,2827,514)</Cell>
<Cell dontCare="false" endCol="2" endRow="10" startCol="2" startRow="10" x0="2004" x1="2220" y0="2554" y1="2598">(64770,2827,771)</Cell>
<Cell dontCare="false" endCol="3" endRow="10" startCol="3" startRow="10" x0="2220" x1="2418" y0="2554" y1="2598">(64770,2827,1028)</Cell>
<Cell dontCare="false" endCol="0" endRow="11" startCol="0" startRow="11" x0="740" x1="1320" y0="2598" y1="2646">(64770,3084,257)</Cell>
<Cell dontCare="false" endCol="1" endRow="11" startCol="1" startRow="11" x0="1320" x1="2004" y0="2598" y1="2646">(64770,3084,514)</Cell>
<Cell dontCare="false" endCol="2" endRow="11" startCol="2" startRow="11" x0="2004" x1="2220" y0="2598" y1="2646">(64770,3084,771)</Cell>
<Cell dontCare="false" endCol="3" endRow="11" startCol="3" startRow="11" x0="2220" x1="2418" y0="2598" y1="2646">(64770,3084,1028)</Cell>
<Cell dontCare="false" endCol="0" endRow="12" startCol="0" startRow="12" x0="740" x1="1320" y0="2646" y1="2710">(64770,3341,257)</Cell>
<Cell dontCare="false" endCol="1" endRow="12" startCol="1" startRow="12" x0="1320" x1="2004" y0="2646" y1="2710">(64770,3341,514)</Cell>
<Cell dontCare="false" endCol="2" endRow="12" startCol="2" startRow="12" x0="2004" x1="2220" y0="2646" y1="2710">(64770,3341,771)</Cell>
<Cell dontCare="false" endCol="3" endRow="12" startCol="3" startRow="12" x0="2220" x1="2418" y0="2646" y1="2710">(64770,3341,1028)</Cell>
</Table>
</Tables>
</GroundTruth>
