<?xml version="1.0" encoding="UTF-8" standalone="no"?>
<GroundTruth InputFile="C:\Dokumente und Einstellungen\mehmood\Desktop\dataset\skew_corrected\unlv_tables_bin_test\9522_055.png">
<Tables>
<Table x0="40" x1="963" y0="283" y1="2626">
<Row x0="40" x1="963" y0="398" y1="398"/>
<Row x0="40" x1="963" y0="556" y1="556"/>
<Row x0="40" x1="963" y0="608" y1="608"/>
<Row x0="40" x1="963" y0="664" y1="664"/>
<Row x0="40" x1="963" y0="722" y1="722"/>
<Row x0="40" x1="963" y0="780" y1="780"/>
<Row x0="40" x1="963" y0="828" y1="828"/>
<Row x0="40" x1="963" y0="882" y1="882"/>
<Row x0="40" x1="963" y0="936" y1="936"/>
<Row x0="40" x1="963" y0="986" y1="986"/>
<Row x0="40" x1="963" y0="1036" y1="1036"/>
<Row x0="40" x1="963" y0="1088" y1="1088"/>
<Row x0="40" x1="963" y0="1152" y1="1152"/>
<Row x0="40" x1="963" y0="1244" y1="1244"/>
<Row x0="40" x1="963" y0="1298" y1="1298"/>
<Row x0="40" x1="963" y0="1350" y1="1350"/>
<Row x0="40" x1="963" y0="1402" y1="1402"/>
<Row x0="40" x1="963" y0="1468" y1="1468"/>
<Row x0="40" x1="963" y0="1618" y1="1618"/>
<Row x0="40" x1="963" y0="1668" y1="1668"/>
<Row x0="40" x1="963" y0="1720" y1="1720"/>
<Row x0="40" x1="963" y0="1778" y1="1778"/>
<Row x0="40" x1="963" y0="1882" y1="1882"/>
<Row x0="40" x1="963" y0="1928" y1="1928"/>
<Row x0="40" x1="963" y0="1984" y1="1984"/>
<Row x0="40" x1="963" y0="2044" y1="2044"/>
<Row x0="40" x1="963" y0="2140" y1="2140"/>
<Row x0="40" x1="963" y0="2212" y1="2212"/>
<Row x0="40" x1="963" y0="2348" y1="2348"/>
<Row x0="40" x1="963" y0="2402" y1="2402"/>
<Row x0="40" x1="963" y0="2456" y1="2456"/>
<Row x0="40" x1="963" y0="2506" y1="2506"/>
<Row x0="40" x1="963" y0="2558" y1="2558"/>
<Column x0="353" x1="353" y0="283" y1="2626"/>
<Column x0="550" x1="550" y0="283" y1="2626"/>
<Column x0="753" x1="753" y0="283" y1="2626"/>
<Cell dontCare="false" endCol="0" endRow="0" startCol="0" startRow="0" x0="40" x1="353" y0="283" y1="398">(64769,257,257)</Cell>
<Cell dontCare="false" endCol="1" endRow="0" startCol="1" startRow="0" x0="353" x1="550" y0="283" y1="398">(64769,257,514)</Cell>
<Cell dontCare="false" endCol="2" endRow="0" startCol="2" startRow="0" x0="550" x1="753" y0="283" y1="398">(64769,257,771)</Cell>
<Cell dontCare="false" endCol="3" endRow="0" startCol="3" startRow="0" x0="753" x1="963" y0="283" y1="398">(64769,257,1028)</Cell>
<Cell dontCare="false" endCol="0" endRow="1" startCol="0" startRow="1" x0="40" x1="353" y0="398" y1="556">(64769,514,257)</Cell>
<Cell dontCare="false" endCol="1" endRow="1" startCol="1" startRow="1" x0="353" x1="550" y0="398" y1="556">(64769,514,514)</Cell>
<Cell dontCare="false" endCol="2" endRow="1" startCol="2" startRow="1" x0="550" x1="753" y0="398" y1="556">(64769,514,771)</Cell>
<Cell dontCare="false" endCol="3" endRow="1" startCol="3" startRow="1" x0="753" x1="963" y0="398" y1="556">(64769,514,1028)</Cell>
<Cell dontCare="false" endCol="0" endRow="2" startCol="0" startRow="2" x0="40" x1="353" y0="556" y1="608">(64769,771,257)</Cell>
<Cell dontCare="false" endCol="1" endRow="2" startCol="1" startRow="2" x0="353" x1="550" y0="556" y1="608">(64769,771,514)</Cell>
<Cell dontCare="false" endCol="2" endRow="2" startCol="2" startRow="2" x0="550" x1="753" y0="556" y1="608">(64769,771,771)</Cell>
<Cell dontCare="false" endCol="3" endRow="2" startCol="3" startRow="2" x0="753" x1="963" y0="556" y1="608">(64769,771,1028)</Cell>
<Cell dontCare="false" endCol="0" endRow="3" startCol="0" startRow="3" x0="40" x1="353" y0="608" y1="664">(64769,1028,257)</Cell>
<Cell dontCare="false" endCol="1" endRow="3" startCol="1" startRow="3" x0="353" x1="550" y0="608" y1="664">(64769,1028,514)</Cell>
<Cell dontCare="false" endCol="2" endRow="3" startCol="2" startRow="3" x0="550" x1="753" y0="608" y1="664">(64769,1028,771)</Cell>
<Cell dontCare="false" endCol="3" endRow="3" startCol="3" startRow="3" x0="753" x1="963" y0="608" y1="664">(64769,1028,1028)</Cell>
<Cell dontCare="false" endCol="0" endRow="4" startCol="0" startRow="4" x0="40" x1="353" y0="664" y1="722">(64769,1285,257)</Cell>
<Cell dontCare="false" endCol="1" endRow="4" startCol="1" startRow="4" x0="353" x1="550" y0="664" y1="722">(64769,1285,514)</Cell>
<Cell dontCare="false" endCol="2" endRow="4" startCol="2" startRow="4" x0="550" x1="753" y0="664" y1="722">(64769,1285,771)</Cell>
<Cell dontCare="false" endCol="3" endRow="4" startCol="3" startRow="4" x0="753" x1="963" y0="664" y1="722">(64769,1285,1028)</Cell>
<Cell dontCare="false" endCol="0" endRow="5" startCol="0" startRow="5" x0="40" x1="353" y0="722" y1="780">(64769,1542,257)</Cell>
<Cell dontCare="false" endCol="1" endRow="5" startCol="1" startRow="5" x0="353" x1="550" y0="722" y1="780">(64769,1542,514)</Cell>
<Cell dontCare="false" endCol="2" endRow="5" startCol="2" startRow="5" x0="550" x1="753" y0="722" y1="780">(64769,1542,771)</Cell>
<Cell dontCare="false" endCol="3" endRow="5" startCol="3" startRow="5" x0="753" x1="963" y0="722" y1="780">(64769,1542,1028)</Cell>
<Cell dontCare="false" endCol="0" endRow="6" startCol="0" startRow="6" x0="40" x1="353" y0="780" y1="828">(64769,1799,257)</Cell>
<Cell dontCare="false" endCol="1" endRow="6" startCol="1" startRow="6" x0="353" x1="550" y0="780" y1="828">(64769,1799,514)</Cell>
<Cell dontCare="false" endCol="2" endRow="6" startCol="2" startRow="6" x0="550" x1="753" y0="780" y1="828">(64769,1799,771)</Cell>
<Cell dontCare="false" endCol="3" endRow="6" startCol="3" startRow="6" x0="753" x1="963" y0="780" y1="828">(64769,1799,1028)</Cell>
<Cell dontCare="false" endCol="0" endRow="7" startCol="0" startRow="7" x0="40" x1="353" y0="828" y1="882">(64769,2056,257)</Cell>
<Cell dontCare="false" endCol="1" endRow="7" startCol="1" startRow="7" x0="353" x1="550" y0="828" y1="882">(64769,2056,514)</Cell>
<Cell dontCare="false" endCol="2" endRow="7" startCol="2" startRow="7" x0="550" x1="753" y0="828" y1="882">(64769,2056,771)</Cell>
<Cell dontCare="false" endCol="3" endRow="7" startCol="3" startRow="7" x0="753" x1="963" y0="828" y1="882">(64769,2056,1028)</Cell>
<Cell dontCare="false" endCol="0" endRow="8" startCol="0" startRow="8" x0="40" x1="353" y0="882" y1="936">(64769,2313,257)</Cell>
<Cell dontCare="false" endCol="1" endRow="8" startCol="1" startRow="8" x0="353" x1="550" y0="882" y1="936">(64769,2313,514)</Cell>
<Cell dontCare="false" endCol="2" endRow="8" startCol="2" startRow="8" x0="550" x1="753" y0="882" y1="936">(64769,2313,771)</Cell>
<Cell dontCare="false" endCol="3" endRow="8" startCol="3" startRow="8" x0="753" x1="963" y0="882" y1="936">(64769,2313,1028)</Cell>
<Cell dontCare="false" endCol="0" endRow="9" startCol="0" startRow="9" x0="40" x1="353" y0="936" y1="986">(64769,2570,257)</Cell>
<Cell dontCare="false" endCol="1" endRow="9" startCol="1" startRow="9" x0="353" x1="550" y0="936" y1="986">(64769,2570,514)</Cell>
<Cell dontCare="false" endCol="2" endRow="9" startCol="2" startRow="9" x0="550" x1="753" y0="936" y1="986">(64769,2570,771)</Cell>
<Cell dontCare="false" endCol="3" endRow="9" startCol="3" startRow="9" x0="753" x1="963" y0="936" y1="986">(64769,2570,1028)</Cell>
<Cell dontCare="false" endCol="0" endRow="10" startCol="0" startRow="10" x0="40" x1="353" y0="986" y1="1036">(64769,2827,257)</Cell>
<Cell dontCare="false" endCol="1" endRow="10" startCol="1" startRow="10" x0="353" x1="550" y0="986" y1="1036">(64769,2827,514)</Cell>
<Cell dontCare="false" endCol="2" endRow="10" startCol="2" startRow="10" x0="550" x1="753" y0="986" y1="1036">(64769,2827,771)</Cell>
<Cell dontCare="false" endCol="3" endRow="10" startCol="3" startRow="10" x0="753" x1="963" y0="986" y1="1036">(64769,2827,1028)</Cell>
<Cell dontCare="false" endCol="0" endRow="11" startCol="0" startRow="11" x0="40" x1="353" y0="1036" y1="1088">(64769,3084,257)</Cell>
<Cell dontCare="false" endCol="1" endRow="11" startCol="1" startRow="11" x0="353" x1="550" y0="1036" y1="1088">(64769,3084,514)</Cell>
<Cell dontCare="false" endCol="2" endRow="11" startCol="2" startRow="11" x0="550" x1="753" y0="1036" y1="1088">(64769,3084,771)</Cell>
<Cell dontCare="false" endCol="3" endRow="11" startCol="3" startRow="11" x0="753" x1="963" y0="1036" y1="1088">(64769,3084,1028)</Cell>
<Cell dontCare="false" endCol="0" endRow="12" startCol="0" startRow="12" x0="40" x1="353" y0="1088" y1="1152">(64769,3341,257)</Cell>
<Cell dontCare="false" endCol="1" endRow="12" startCol="1" startRow="12" x0="353" x1="550" y0="1088" y1="1152">(64769,3341,514)</Cell>
<Cell dontCare="false" endCol="2" endRow="12" startCol="2" startRow="12" x0="550" x1="753" y0="1088" y1="1152">(64769,3341,771)</Cell>
<Cell dontCare="false" endCol="3" endRow="12" startCol="3" startRow="12" x0="753" x1="963" y0="1088" y1="1152">(64769,3341,1028)</Cell>
<Cell dontCare="false" endCol="0" endRow="13" startCol="0" startRow="13" x0="40" x1="353" y0="1152" y1="1244">(64769,3598,257)</Cell>
<Cell dontCare="false" endCol="1" endRow="13" startCol="1" startRow="13" x0="353" x1="550" y0="1152" y1="1244">(64769,3598,514)</Cell>
<Cell dontCare="false" endCol="2" endRow="13" startCol="2" startRow="13" x0="550" x1="753" y0="1152" y1="1244">(64769,3598,771)</Cell>
<Cell dontCare="false" endCol="3" endRow="13" startCol="3" startRow="13" x0="753" x1="963" y0="1152" y1="1244">(64769,3598,1028)</Cell>
<Cell dontCare="false" endCol="0" endRow="14" startCol="0" startRow="14" x0="40" x1="353" y0="1244" y1="1298">(64769,3855,257)</Cell>
<Cell dontCare="false" endCol="1" endRow="14" startCol="1" startRow="14" x0="353" x1="550" y0="1244" y1="1298">(64769,3855,514)</Cell>
<Cell dontCare="false" endCol="2" endRow="14" startCol="2" startRow="14" x0="550" x1="753" y0="1244" y1="1298">(64769,3855,771)</Cell>
<Cell dontCare="false" endCol="3" endRow="14" startCol="3" startRow="14" x0="753" x1="963" y0="1244" y1="1298">(64769,3855,1028)</Cell>
<Cell dontCare="false" endCol="0" endRow="15" startCol="0" startRow="15" x0="40" x1="353" y0="1298" y1="1350">(64769,4112,257)</Cell>
<Cell dontCare="false" endCol="1" endRow="15" startCol="1" startRow="15" x0="353" x1="550" y0="1298" y1="1350">(64769,4112,514)</Cell>
<Cell dontCare="false" endCol="2" endRow="15" startCol="2" startRow="15" x0="550" x1="753" y0="1298" y1="1350">(64769,4112,771)</Cell>
<Cell dontCare="false" endCol="3" endRow="15" startCol="3" startRow="15" x0="753" x1="963" y0="1298" y1="1350">(64769,4112,1028)</Cell>
<Cell dontCare="false" endCol="0" endRow="16" startCol="0" startRow="16" x0="40" x1="353" y0="1350" y1="1402">(64769,4369,257)</Cell>
<Cell dontCare="false" endCol="1" endRow="16" startCol="1" startRow="16" x0="353" x1="550" y0="1350" y1="1402">(64769,4369,514)</Cell>
<Cell dontCare="false" endCol="2" endRow="16" startCol="2" startRow="16" x0="550" x1="753" y0="1350" y1="1402">(64769,4369,771)</Cell>
<Cell dontCare="false" endCol="3" endRow="16" startCol="3" startRow="16" x0="753" x1="963" y0="1350" y1="1402">(64769,4369,1028)</Cell>
<Cell dontCare="false" endCol="0" endRow="17" startCol="0" startRow="17" x0="40" x1="353" y0="1402" y1="1468">(64769,4626,257)</Cell>
<Cell dontCare="false" endCol="1" endRow="17" startCol="1" startRow="17" x0="353" x1="550" y0="1402" y1="1468">(64769,4626,514)</Cell>
<Cell dontCare="false" endCol="2" endRow="17" startCol="2" startRow="17" x0="550" x1="753" y0="1402" y1="1468">(64769,4626,771)</Cell>
<Cell dontCare="false" endCol="3" endRow="17" startCol="3" startRow="17" x0="753" x1="963" y0="1402" y1="1468">(64769,4626,1028)</Cell>
<Cell dontCare="false" endCol="0" endRow="18" startCol="0" startRow="18" x0="40" x1="353" y0="1468" y1="1618">(64769,4883,257)</Cell>
<Cell dontCare="false" endCol="1" endRow="18" startCol="1" startRow="18" x0="353" x1="550" y0="1468" y1="1618">(64769,4883,514)</Cell>
<Cell dontCare="false" endCol="2" endRow="18" startCol="2" startRow="18" x0="550" x1="753" y0="1468" y1="1618">(64769,4883,771)</Cell>
<Cell dontCare="false" endCol="3" endRow="18" startCol="3" startRow="18" x0="753" x1="963" y0="1468" y1="1618">(64769,4883,1028)</Cell>
<Cell dontCare="false" endCol="0" endRow="19" startCol="0" startRow="19" x0="40" x1="353" y0="1618" y1="1668">(64769,5140,257)</Cell>
<Cell dontCare="false" endCol="1" endRow="19" startCol="1" startRow="19" x0="353" x1="550" y0="1618" y1="1668">(64769,5140,514)</Cell>
<Cell dontCare="false" endCol="2" endRow="19" startCol="2" startRow="19" x0="550" x1="753" y0="1618" y1="1668">(64769,5140,771)</Cell>
<Cell dontCare="false" endCol="3" endRow="19" startCol="3" startRow="19" x0="753" x1="963" y0="1618" y1="1668">(64769,5140,1028)</Cell>
<Cell dontCare="false" endCol="0" endRow="20" startCol="0" startRow="20" x0="40" x1="353" y0="1668" y1="1720">(64769,5397,257)</Cell>
<Cell dontCare="false" endCol="1" endRow="20" startCol="1" startRow="20" x0="353" x1="550" y0="1668" y1="1720">(64769,5397,514)</Cell>
<Cell dontCare="false" endCol="2" endRow="20" startCol="2" startRow="20" x0="550" x1="753" y0="1668" y1="1720">(64769,5397,771)</Cell>
<Cell dontCare="false" endCol="3" endRow="20" startCol="3" startRow="20" x0="753" x1="963" y0="1668" y1="1720">(64769,5397,1028)</Cell>
<Cell dontCare="false" endCol="0" endRow="21" startCol="0" startRow="21" x0="40" x1="353" y0="1720" y1="1778">(64769,5654,257)</Cell>
<Cell dontCare="false" endCol="1" endRow="21" startCol="1" startRow="21" x0="353" x1="550" y0="1720" y1="1778">(64769,5654,514)</Cell>
<Cell dontCare="false" endCol="2" endRow="21" startCol="2" startRow="21" x0="550" x1="753" y0="1720" y1="1778">(64769,5654,771)</Cell>
<Cell dontCare="false" endCol="3" endRow="21" startCol="3" startRow="21" x0="753" x1="963" y0="1720" y1="1778">(64769,5654,1028)</Cell>
<Cell dontCare="false" endCol="0" endRow="22" startCol="0" startRow="22" x0="40" x1="353" y0="1778" y1="1882">(64769,5911,257)</Cell>
<Cell dontCare="false" endCol="1" endRow="22" startCol="1" startRow="22" x0="353" x1="550" y0="1778" y1="1882">(64769,5911,514)</Cell>
<Cell dontCare="false" endCol="2" endRow="22" startCol="2" startRow="22" x0="550" x1="753" y0="1778" y1="1882">(64769,5911,771)</Cell>
<Cell dontCare="false" endCol="3" endRow="22" startCol="3" startRow="22" x0="753" x1="963" y0="1778" y1="1882">(64769,5911,1028)</Cell>
<Cell dontCare="false" endCol="0" endRow="23" startCol="0" startRow="23" x0="40" x1="353" y0="1882" y1="1928">(64769,6168,257)</Cell>
<Cell dontCare="false" endCol="1" endRow="23" startCol="1" startRow="23" x0="353" x1="550" y0="1882" y1="1928">(64769,6168,514)</Cell>
<Cell dontCare="false" endCol="2" endRow="23" startCol="2" startRow="23" x0="550" x1="753" y0="1882" y1="1928">(64769,6168,771)</Cell>
<Cell dontCare="false" endCol="3" endRow="23" startCol="3" startRow="23" x0="753" x1="963" y0="1882" y1="1928">(64769,6168,1028)</Cell>
<Cell dontCare="false" endCol="0" endRow="24" startCol="0" startRow="24" x0="40" x1="353" y0="1928" y1="1984">(64769,6425,257)</Cell>
<Cell dontCare="false" endCol="1" endRow="24" startCol="1" startRow="24" x0="353" x1="550" y0="1928" y1="1984">(64769,6425,514)</Cell>
<Cell dontCare="false" endCol="2" endRow="24" startCol="2" startRow="24" x0="550" x1="753" y0="1928" y1="1984">(64769,6425,771)</Cell>
<Cell dontCare="false" endCol="3" endRow="24" startCol="3" startRow="24" x0="753" x1="963" y0="1928" y1="1984">(64769,6425,1028)</Cell>
<Cell dontCare="false" endCol="0" endRow="25" startCol="0" startRow="25" x0="40" x1="353" y0="1984" y1="2044">(64769,6682,257)</Cell>
<Cell dontCare="false" endCol="1" endRow="25" startCol="1" startRow="25" x0="353" x1="550" y0="1984" y1="2044">(64769,6682,514)</Cell>
<Cell dontCare="false" endCol="2" endRow="25" startCol="2" startRow="25" x0="550" x1="753" y0="1984" y1="2044">(64769,6682,771)</Cell>
<Cell dontCare="false" endCol="3" endRow="25" startCol="3" startRow="25" x0="753" x1="963" y0="1984" y1="2044">(64769,6682,1028)</Cell>
<Cell dontCare="false" endCol="0" endRow="26" startCol="0" startRow="26" x0="40" x1="353" y0="2044" y1="2140">(64769,6939,257)</Cell>
<Cell dontCare="false" endCol="1" endRow="26" startCol="1" startRow="26" x0="353" x1="550" y0="2044" y1="2140">(64769,6939,514)</Cell>
<Cell dontCare="false" endCol="2" endRow="26" startCol="2" startRow="26" x0="550" x1="753" y0="2044" y1="2140">(64769,6939,771)</Cell>
<Cell dontCare="false" endCol="3" endRow="26" startCol="3" startRow="26" x0="753" x1="963" y0="2044" y1="2140">(64769,6939,1028)</Cell>
<Cell dontCare="false" endCol="0" endRow="27" startCol="0" startRow="27" x0="40" x1="353" y0="2140" y1="2212">(64769,7196,257)</Cell>
<Cell dontCare="false" endCol="1" endRow="27" startCol="1" startRow="27" x0="353" x1="550" y0="2140" y1="2212">(64769,7196,514)</Cell>
<Cell dontCare="false" endCol="2" endRow="27" startCol="2" startRow="27" x0="550" x1="753" y0="2140" y1="2212">(64769,7196,771)</Cell>
<Cell dontCare="false" endCol="3" endRow="27" startCol="3" startRow="27" x0="753" x1="963" y0="2140" y1="2212">(64769,7196,1028)</Cell>
<Cell dontCare="false" endCol="0" endRow="28" startCol="0" startRow="28" x0="40" x1="353" y0="2212" y1="2348">(64769,7453,257)</Cell>
<Cell dontCare="false" endCol="1" endRow="28" startCol="1" startRow="28" x0="353" x1="550" y0="2212" y1="2348">(64769,7453,514)</Cell>
<Cell dontCare="false" endCol="2" endRow="28" startCol="2" startRow="28" x0="550" x1="753" y0="2212" y1="2348">(64769,7453,771)</Cell>
<Cell dontCare="false" endCol="3" endRow="28" startCol="3" startRow="28" x0="753" x1="963" y0="2212" y1="2348">(64769,7453,1028)</Cell>
<Cell dontCare="false" endCol="0" endRow="29" startCol="0" startRow="29" x0="40" x1="353" y0="2348" y1="2402">(64769,7710,257)</Cell>
<Cell dontCare="false" endCol="1" endRow="29" startCol="1" startRow="29" x0="353" x1="550" y0="2348" y1="2402">(64769,7710,514)</Cell>
<Cell dontCare="false" endCol="2" endRow="29" startCol="2" startRow="29" x0="550" x1="753" y0="2348" y1="2402">(64769,7710,771)</Cell>
<Cell dontCare="false" endCol="3" endRow="29" startCol="3" startRow="29" x0="753" x1="963" y0="2348" y1="2402">(64769,7710,1028)</Cell>
<Cell dontCare="false" endCol="0" endRow="30" startCol="0" startRow="30" x0="40" x1="353" y0="2402" y1="2456">(64769,7967,257)</Cell>
<Cell dontCare="false" endCol="1" endRow="30" startCol="1" startRow="30" x0="353" x1="550" y0="2402" y1="2456">(64769,7967,514)</Cell>
<Cell dontCare="false" endCol="2" endRow="30" startCol="2" startRow="30" x0="550" x1="753" y0="2402" y1="2456">(64769,7967,771)</Cell>
<Cell dontCare="false" endCol="3" endRow="30" startCol="3" startRow="30" x0="753" x1="963" y0="2402" y1="2456">(64769,7967,1028)</Cell>
<Cell dontCare="false" endCol="0" endRow="31" startCol="0" startRow="31" x0="40" x1="353" y0="2456" y1="2506">(64769,8224,257)</Cell>
<Cell dontCare="false" endCol="1" endRow="31" startCol="1" startRow="31" x0="353" x1="550" y0="2456" y1="2506">(64769,8224,514)</Cell>
<Cell dontCare="false" endCol="2" endRow="31" startCol="2" startRow="31" x0="550" x1="753" y0="2456" y1="2506">(64769,8224,771)</Cell>
<Cell dontCare="false" endCol="3" endRow="31" startCol="3" startRow="31" x0="753" x1="963" y0="2456" y1="2506">(64769,8224,1028)</Cell>
<Cell dontCare="false" endCol="0" endRow="32" startCol="0" startRow="32" x0="40" x1="353" y0="2506" y1="2558">(64769,8481,257)</Cell>
<Cell dontCare="false" endCol="1" endRow="32" startCol="1" startRow="32" x0="353" x1="550" y0="2506" y1="2558">(64769,8481,514)</Cell>
<Cell dontCare="false" endCol="2" endRow="32" startCol="2" startRow="32" x0="550" x1="753" y0="2506" y1="2558">(64769,8481,771)</Cell>
<Cell dontCare="false" endCol="3" endRow="32" startCol="3" startRow="32" x0="753" x1="963" y0="2506" y1="2558">(64769,8481,1028)</Cell>
<Cell dontCare="false" endCol="0" endRow="33" startCol="0" startRow="33" x0="40" x1="353" y0="2558" y1="2626">(64769,8738,257)</Cell>
<Cell dontCare="false" endCol="1" endRow="33" startCol="1" startRow="33" x0="353" x1="550" y0="2558" y1="2626">(64769,8738,514)</Cell>
<Cell dontCare="false" endCol="2" endRow="33" startCol="2" startRow="33" x0="550" x1="753" y0="2558" y1="2626">(64769,8738,771)</Cell>
<Cell dontCare="false" endCol="3" endRow="33" startCol="3" startRow="33" x0="753" x1="963" y0="2558" y1="2626">(64769,8738,1028)</Cell>
</Table>
<Table x0="1144" x1="2220" y0="522" y1="928">
<Row x0="1144" x1="2220" y0="572" y1="572"/>
<Row x0="1144" x1="2220" y0="638" y1="638"/>
<Row x0="1144" x1="2220" y0="715" y1="715"/>
<Row x0="1144" x1="2220" y0="785" y1="785"/>
<Row x0="1144" x1="2220" y0="854" y1="854"/>
<Column x0="1392" x1="1392" y0="522" y1="928"/>
<Column x0="1645" x1="1645" y0="522" y1="928"/>
<Column x0="1824" x1="1824" y0="522" y1="928"/>
<Column x0="2010" x1="2010" y0="522" y1="928"/>
<Cell dontCare="false" endCol="0" endRow="1" startCol="0" startRow="0" x0="1144" x1="1392" y0="522" y1="638">(64770,258,257)</Cell>
<Cell dontCare="false" endCol="2" endRow="0" startCol="1" startRow="0" x0="1392" x1="1824" y0="522" y1="572">(64770,257,515)</Cell>
<Cell dontCare="true" endCol="2" endRow="0" startCol="2" startRow="0" x0="1645" x1="1824" y0="522" y1="572">(64770,257,771)</Cell>
<Cell dontCare="false" endCol="4" endRow="0" startCol="3" startRow="0" x0="1824" x1="2220" y0="522" y1="572">(64770,257,1029)</Cell>
<Cell dontCare="true" endCol="4" endRow="0" startCol="4" startRow="0" x0="2010" x1="2220" y0="522" y1="572">(64770,257,1285)</Cell>
<Cell dontCare="true" endCol="0" endRow="1" startCol="0" startRow="1" x0="1144" x1="1392" y0="572" y1="638">(64770,514,257)</Cell>
<Cell dontCare="false" endCol="1" endRow="1" startCol="1" startRow="1" x0="1392" x1="1645" y0="572" y1="638">(64770,514,514)</Cell>
<Cell dontCare="false" endCol="2" endRow="1" startCol="2" startRow="1" x0="1645" x1="1824" y0="572" y1="638">(64770,514,771)</Cell>
<Cell dontCare="false" endCol="3" endRow="1" startCol="3" startRow="1" x0="1824" x1="2010" y0="572" y1="638">(64770,514,1028)</Cell>
<Cell dontCare="false" endCol="4" endRow="1" startCol="4" startRow="1" x0="2010" x1="2220" y0="572" y1="638">(64770,514,1285)</Cell>
<Cell dontCare="false" endCol="0" endRow="2" startCol="0" startRow="2" x0="1144" x1="1392" y0="638" y1="715">(64770,771,257)</Cell>
<Cell dontCare="false" endCol="1" endRow="2" startCol="1" startRow="2" x0="1392" x1="1645" y0="638" y1="715">(64770,771,514)</Cell>
<Cell dontCare="false" endCol="2" endRow="2" startCol="2" startRow="2" x0="1645" x1="1824" y0="638" y1="715">(64770,771,771)</Cell>
<Cell dontCare="false" endCol="3" endRow="2" startCol="3" startRow="2" x0="1824" x1="2010" y0="638" y1="715">(64770,771,1028)</Cell>
<Cell dontCare="false" endCol="4" endRow="2" startCol="4" startRow="2" x0="2010" x1="2220" y0="638" y1="715">(64770,771,1285)</Cell>
<Cell dontCare="false" endCol="0" endRow="3" startCol="0" startRow="3" x0="1144" x1="1392" y0="715" y1="785">(64770,1028,257)</Cell>
<Cell dontCare="false" endCol="1" endRow="3" startCol="1" startRow="3" x0="1392" x1="1645" y0="715" y1="785">(64770,1028,514)</Cell>
<Cell dontCare="false" endCol="2" endRow="3" startCol="2" startRow="3" x0="1645" x1="1824" y0="715" y1="785">(64770,1028,771)</Cell>
<Cell dontCare="false" endCol="3" endRow="3" startCol="3" startRow="3" x0="1824" x1="2010" y0="715" y1="785">(64770,1028,1028)</Cell>
<Cell dontCare="false" endCol="4" endRow="3" startCol="4" startRow="3" x0="2010" x1="2220" y0="715" y1="785">(64770,1028,1285)</Cell>
<Cell dontCare="false" endCol="0" endRow="4" startCol="0" startRow="4" x0="1144" x1="1392" y0="785" y1="854">(64770,1285,257)</Cell>
<Cell dontCare="false" endCol="1" endRow="4" startCol="1" startRow="4" x0="1392" x1="1645" y0="785" y1="854">(64770,1285,514)</Cell>
<Cell dontCare="false" endCol="2" endRow="4" startCol="2" startRow="4" x0="1645" x1="1824" y0="785" y1="854">(64770,1285,771)</Cell>
<Cell dontCare="false" endCol="3" endRow="4" startCol="3" startRow="4" x0="1824" x1="2010" y0="785" y1="854">(64770,1285,1028)</Cell>
<Cell dontCare="false" endCol="4" endRow="4" startCol="4" startRow="4" x0="2010" x1="2220" y0="785" y1="854">(64770,1285,1285)</Cell>
<Cell dontCare="false" endCol="0" endRow="5" startCol="0" startRow="5" x0="1144" x1="1392" y0="854" y1="928">(64770,1542,257)</Cell>
<Cell dontCare="false" endCol="1" endRow="5" startCol="1" startRow="5" x0="1392" x1="1645" y0="854" y1="928">(64770,1542,514)</Cell>
<Cell dontCare="false" endCol="2" endRow="5" startCol="2" startRow="5" x0="1645" x1="1824" y0="854" y1="928">(64770,1542,771)</Cell>
<Cell dontCare="false" endCol="3" endRow="5" startCol="3" startRow="5" x0="1824" x1="2010" y0="854" y1="928">(64770,1542,1028)</Cell>
<Cell dontCare="false" endCol="4" endRow="5" startCol="4" startRow="5" x0="2010" x1="2220" y0="854" y1="928">(64770,1542,1285)</Cell>
</Table>
</Tables>
</GroundTruth>
