<?xml version="1.0" encoding="UTF-8" standalone="no"?>
<GroundTruth InputFile="C:\Dokumente und Einstellungen\mehmood\Desktop\dataset\skew_corrected\unlv_tables_bin_test\9525_037.png">
<Tables>
<Table x0="1250" x1="2410" y0="2675" y1="2931">
<Row x0="1250" x1="2410" y0="2730" y1="2730"/>
<Row x0="1250" x1="2410" y0="2787" y1="2787"/>
<Row x0="1250" x1="2410" y0="2835" y1="2835"/>
<Column x0="1984" x1="1984" y0="2675" y1="2931"/>
<Column x0="2221" x1="2221" y0="2675" y1="2931"/>
<Cell dontCare="false" endCol="0" endRow="0" startCol="0" startRow="0" x0="1250" x1="1984" y0="2675" y1="2730">(64769,257,257)</Cell>
<Cell dontCare="false" endCol="1" endRow="0" startCol="1" startRow="0" x0="1984" x1="2221" y0="2675" y1="2730">(64769,257,514)</Cell>
<Cell dontCare="false" endCol="2" endRow="0" startCol="2" startRow="0" x0="2221" x1="2410" y0="2675" y1="2730">(64769,257,771)</Cell>
<Cell dontCare="false" endCol="0" endRow="1" startCol="0" startRow="1" x0="1250" x1="1984" y0="2730" y1="2787">(64769,514,257)</Cell>
<Cell dontCare="false" endCol="1" endRow="1" startCol="1" startRow="1" x0="1984" x1="2221" y0="2730" y1="2787">(64769,514,514)</Cell>
<Cell dontCare="false" endCol="2" endRow="1" startCol="2" startRow="1" x0="2221" x1="2410" y0="2730" y1="2787">(64769,514,771)</Cell>
<Cell dontCare="false" endCol="0" endRow="2" startCol="0" startRow="2" x0="1250" x1="1984" y0="2787" y1="2835">(64769,771,257)</Cell>
<Cell dontCare="false" endCol="1" endRow="2" startCol="1" startRow="2" x0="1984" x1="2221" y0="2787" y1="2835">(64769,771,514)</Cell>
<Cell dontCare="false" endCol="2" endRow="2" startCol="2" startRow="2" x0="2221" x1="2410" y0="2787" y1="2835">(64769,771,771)</Cell>
<Cell dontCare="false" endCol="0" endRow="3" startCol="0" startRow="3" x0="1250" x1="1984" y0="2835" y1="2931">(64769,1028,257)</Cell>
<Cell dontCare="false" endCol="1" endRow="3" startCol="1" startRow="3" x0="1984" x1="2221" y0="2835" y1="2931">(64769,1028,514)</Cell>
<Cell dontCare="false" endCol="2" endRow="3" startCol="2" startRow="3" x0="2221" x1="2410" y0="2835" y1="2931">(64769,1028,771)</Cell>
</Table>
</Tables>
</GroundTruth>
