<?xml version="1.0" encoding="UTF-8" standalone="no"?>
<GroundTruth InputFile="C:\Dokumente und Einstellungen\mehmood\Desktop\dataset\skew_corrected\unlv_tables_bin_test\9526_028.png">
<Tables>
<Table x0="124" x1="1276" y0="312" y1="1964">
<Row x0="124" x1="1276" y0="365" y1="365"/>
<Row x0="124" x1="1276" y0="405" y1="405"/>
<Row x0="124" x1="1276" y0="480" y1="480"/>
<Row x0="124" x1="1276" y0="524" y1="524"/>
<Row x0="124" x1="1276" y0="568" y1="568"/>
<Row x0="124" x1="1276" y0="610" y1="610"/>
<Row x0="124" x1="1276" y0="652" y1="652"/>
<Row x0="124" x1="1276" y0="697" y1="697"/>
<Row x0="124" x1="1276" y0="741" y1="741"/>
<Row x0="124" x1="1276" y0="851" y1="851"/>
<Row x0="124" x1="1276" y0="890" y1="890"/>
<Row x0="124" x1="1276" y0="934" y1="934"/>
<Row x0="124" x1="1276" y0="981" y1="981"/>
<Row x0="124" x1="1276" y0="1090" y1="1090"/>
<Row x0="124" x1="1276" y0="1127" y1="1127"/>
<Row x0="124" x1="1276" y0="1171" y1="1171"/>
<Row x0="124" x1="1276" y0="1217" y1="1217"/>
<Row x0="124" x1="1276" y0="1295" y1="1295"/>
<Row x0="124" x1="1276" y0="1340" y1="1340"/>
<Row x0="124" x1="1276" y0="1385" y1="1385"/>
<Row x0="124" x1="1276" y0="1422" y1="1422"/>
<Row x0="124" x1="1276" y0="1467" y1="1467"/>
<Row x0="124" x1="1276" y0="1514" y1="1514"/>
<Row x0="124" x1="1276" y0="1561" y1="1561"/>
<Row x0="124" x1="1276" y0="1621" y1="1621"/>
<Row x0="124" x1="1276" y0="1714" y1="1714"/>
<Row x0="124" x1="1276" y0="1760" y1="1760"/>
<Row x0="124" x1="1276" y0="1807" y1="1807"/>
<Row x0="124" x1="1276" y0="1854" y1="1854"/>
<Row x0="124" x1="1276" y0="1901" y1="1901"/>
<Column x0="790" x1="790" y0="312" y1="1964"/>
<Column x0="966" x1="966" y0="312" y1="1964"/>
<Column x0="1108" x1="1108" y0="312" y1="1964"/>
<Cell dontCare="false" endCol="0" endRow="0" startCol="0" startRow="0" x0="124" x1="790" y0="312" y1="365">(64769,257,257)</Cell>
<Cell dontCare="false" endCol="1" endRow="0" startCol="1" startRow="0" x0="790" x1="966" y0="312" y1="365">(64769,257,514)</Cell>
<Cell dontCare="false" endCol="2" endRow="0" startCol="2" startRow="0" x0="966" x1="1108" y0="312" y1="365">(64769,257,771)</Cell>
<Cell dontCare="false" endCol="3" endRow="0" startCol="3" startRow="0" x0="1108" x1="1276" y0="312" y1="365">(64769,257,1028)</Cell>
<Cell dontCare="false" endCol="3" endRow="1" startCol="0" startRow="1" x0="124" x1="1276" y0="365" y1="405">(64769,514,260)</Cell>
<Cell dontCare="true" endCol="1" endRow="1" startCol="1" startRow="1" x0="790" x1="966" y0="365" y1="405">(64769,514,514)</Cell>
<Cell dontCare="true" endCol="2" endRow="1" startCol="2" startRow="1" x0="966" x1="1108" y0="365" y1="405">(64769,514,771)</Cell>
<Cell dontCare="true" endCol="3" endRow="1" startCol="3" startRow="1" x0="1108" x1="1276" y0="365" y1="405">(64769,514,1028)</Cell>
<Cell dontCare="false" endCol="0" endRow="2" startCol="0" startRow="2" x0="124" x1="790" y0="405" y1="480">(64769,771,257)</Cell>
<Cell dontCare="false" endCol="1" endRow="2" startCol="1" startRow="2" x0="790" x1="966" y0="405" y1="480">(64769,771,514)</Cell>
<Cell dontCare="false" endCol="2" endRow="2" startCol="2" startRow="2" x0="966" x1="1108" y0="405" y1="480">(64769,771,771)</Cell>
<Cell dontCare="false" endCol="3" endRow="2" startCol="3" startRow="2" x0="1108" x1="1276" y0="405" y1="480">(64769,771,1028)</Cell>
<Cell dontCare="false" endCol="0" endRow="3" startCol="0" startRow="3" x0="124" x1="790" y0="480" y1="524">(64769,1028,257)</Cell>
<Cell dontCare="false" endCol="1" endRow="3" startCol="1" startRow="3" x0="790" x1="966" y0="480" y1="524">(64769,1028,514)</Cell>
<Cell dontCare="false" endCol="2" endRow="3" startCol="2" startRow="3" x0="966" x1="1108" y0="480" y1="524">(64769,1028,771)</Cell>
<Cell dontCare="false" endCol="3" endRow="3" startCol="3" startRow="3" x0="1108" x1="1276" y0="480" y1="524">(64769,1028,1028)</Cell>
<Cell dontCare="false" endCol="0" endRow="4" startCol="0" startRow="4" x0="124" x1="790" y0="524" y1="568">(64769,1285,257)</Cell>
<Cell dontCare="false" endCol="1" endRow="4" startCol="1" startRow="4" x0="790" x1="966" y0="524" y1="568">(64769,1285,514)</Cell>
<Cell dontCare="false" endCol="2" endRow="4" startCol="2" startRow="4" x0="966" x1="1108" y0="524" y1="568">(64769,1285,771)</Cell>
<Cell dontCare="false" endCol="3" endRow="4" startCol="3" startRow="4" x0="1108" x1="1276" y0="524" y1="568">(64769,1285,1028)</Cell>
<Cell dontCare="false" endCol="3" endRow="5" startCol="0" startRow="5" x0="124" x1="1276" y0="568" y1="610">(64769,1542,260)</Cell>
<Cell dontCare="true" endCol="1" endRow="5" startCol="1" startRow="5" x0="790" x1="966" y0="568" y1="610">(64769,1542,514)</Cell>
<Cell dontCare="true" endCol="2" endRow="5" startCol="2" startRow="5" x0="966" x1="1108" y0="568" y1="610">(64769,1542,771)</Cell>
<Cell dontCare="true" endCol="3" endRow="5" startCol="3" startRow="5" x0="1108" x1="1276" y0="568" y1="610">(64769,1542,1028)</Cell>
<Cell dontCare="false" endCol="0" endRow="6" startCol="0" startRow="6" x0="124" x1="790" y0="610" y1="652">(64769,1799,257)</Cell>
<Cell dontCare="false" endCol="1" endRow="6" startCol="1" startRow="6" x0="790" x1="966" y0="610" y1="652">(64769,1799,514)</Cell>
<Cell dontCare="false" endCol="2" endRow="6" startCol="2" startRow="6" x0="966" x1="1108" y0="610" y1="652">(64769,1799,771)</Cell>
<Cell dontCare="false" endCol="3" endRow="6" startCol="3" startRow="6" x0="1108" x1="1276" y0="610" y1="652">(64769,1799,1028)</Cell>
<Cell dontCare="false" endCol="0" endRow="7" startCol="0" startRow="7" x0="124" x1="790" y0="652" y1="697">(64769,2056,257)</Cell>
<Cell dontCare="false" endCol="1" endRow="7" startCol="1" startRow="7" x0="790" x1="966" y0="652" y1="697">(64769,2056,514)</Cell>
<Cell dontCare="false" endCol="2" endRow="7" startCol="2" startRow="7" x0="966" x1="1108" y0="652" y1="697">(64769,2056,771)</Cell>
<Cell dontCare="false" endCol="3" endRow="7" startCol="3" startRow="7" x0="1108" x1="1276" y0="652" y1="697">(64769,2056,1028)</Cell>
<Cell dontCare="false" endCol="0" endRow="8" startCol="0" startRow="8" x0="124" x1="790" y0="697" y1="741">(64769,2313,257)</Cell>
<Cell dontCare="false" endCol="1" endRow="8" startCol="1" startRow="8" x0="790" x1="966" y0="697" y1="741">(64769,2313,514)</Cell>
<Cell dontCare="false" endCol="2" endRow="8" startCol="2" startRow="8" x0="966" x1="1108" y0="697" y1="741">(64769,2313,771)</Cell>
<Cell dontCare="false" endCol="3" endRow="8" startCol="3" startRow="8" x0="1108" x1="1276" y0="697" y1="741">(64769,2313,1028)</Cell>
<Cell dontCare="false" endCol="3" endRow="9" startCol="0" startRow="9" x0="124" x1="1276" y0="741" y1="851">(64769,2570,260)</Cell>
<Cell dontCare="true" endCol="1" endRow="9" startCol="1" startRow="9" x0="790" x1="966" y0="741" y1="851">(64769,2570,514)</Cell>
<Cell dontCare="true" endCol="2" endRow="9" startCol="2" startRow="9" x0="966" x1="1108" y0="741" y1="851">(64769,2570,771)</Cell>
<Cell dontCare="true" endCol="3" endRow="9" startCol="3" startRow="9" x0="1108" x1="1276" y0="741" y1="851">(64769,2570,1028)</Cell>
<Cell dontCare="false" endCol="0" endRow="10" startCol="0" startRow="10" x0="124" x1="790" y0="851" y1="890">(64769,2827,257)</Cell>
<Cell dontCare="false" endCol="1" endRow="10" startCol="1" startRow="10" x0="790" x1="966" y0="851" y1="890">(64769,2827,514)</Cell>
<Cell dontCare="false" endCol="2" endRow="10" startCol="2" startRow="10" x0="966" x1="1108" y0="851" y1="890">(64769,2827,771)</Cell>
<Cell dontCare="false" endCol="3" endRow="10" startCol="3" startRow="10" x0="1108" x1="1276" y0="851" y1="890">(64769,2827,1028)</Cell>
<Cell dontCare="false" endCol="0" endRow="11" startCol="0" startRow="11" x0="124" x1="790" y0="890" y1="934">(64769,3084,257)</Cell>
<Cell dontCare="false" endCol="1" endRow="11" startCol="1" startRow="11" x0="790" x1="966" y0="890" y1="934">(64769,3084,514)</Cell>
<Cell dontCare="false" endCol="2" endRow="11" startCol="2" startRow="11" x0="966" x1="1108" y0="890" y1="934">(64769,3084,771)</Cell>
<Cell dontCare="false" endCol="3" endRow="11" startCol="3" startRow="11" x0="1108" x1="1276" y0="890" y1="934">(64769,3084,1028)</Cell>
<Cell dontCare="false" endCol="0" endRow="12" startCol="0" startRow="12" x0="124" x1="790" y0="934" y1="981">(64769,3341,257)</Cell>
<Cell dontCare="false" endCol="1" endRow="12" startCol="1" startRow="12" x0="790" x1="966" y0="934" y1="981">(64769,3341,514)</Cell>
<Cell dontCare="false" endCol="2" endRow="12" startCol="2" startRow="12" x0="966" x1="1108" y0="934" y1="981">(64769,3341,771)</Cell>
<Cell dontCare="false" endCol="3" endRow="12" startCol="3" startRow="12" x0="1108" x1="1276" y0="934" y1="981">(64769,3341,1028)</Cell>
<Cell dontCare="false" endCol="3" endRow="13" startCol="0" startRow="13" x0="124" x1="1276" y0="981" y1="1090">(64769,3598,260)</Cell>
<Cell dontCare="true" endCol="1" endRow="13" startCol="1" startRow="13" x0="790" x1="966" y0="981" y1="1090">(64769,3598,514)</Cell>
<Cell dontCare="true" endCol="2" endRow="13" startCol="2" startRow="13" x0="966" x1="1108" y0="981" y1="1090">(64769,3598,771)</Cell>
<Cell dontCare="true" endCol="3" endRow="13" startCol="3" startRow="13" x0="1108" x1="1276" y0="981" y1="1090">(64769,3598,1028)</Cell>
<Cell dontCare="false" endCol="0" endRow="14" startCol="0" startRow="14" x0="124" x1="790" y0="1090" y1="1127">(64769,3855,257)</Cell>
<Cell dontCare="false" endCol="1" endRow="14" startCol="1" startRow="14" x0="790" x1="966" y0="1090" y1="1127">(64769,3855,514)</Cell>
<Cell dontCare="false" endCol="2" endRow="14" startCol="2" startRow="14" x0="966" x1="1108" y0="1090" y1="1127">(64769,3855,771)</Cell>
<Cell dontCare="false" endCol="3" endRow="14" startCol="3" startRow="14" x0="1108" x1="1276" y0="1090" y1="1127">(64769,3855,1028)</Cell>
<Cell dontCare="false" endCol="0" endRow="15" startCol="0" startRow="15" x0="124" x1="790" y0="1127" y1="1171">(64769,4112,257)</Cell>
<Cell dontCare="false" endCol="1" endRow="15" startCol="1" startRow="15" x0="790" x1="966" y0="1127" y1="1171">(64769,4112,514)</Cell>
<Cell dontCare="false" endCol="2" endRow="15" startCol="2" startRow="15" x0="966" x1="1108" y0="1127" y1="1171">(64769,4112,771)</Cell>
<Cell dontCare="false" endCol="3" endRow="15" startCol="3" startRow="15" x0="1108" x1="1276" y0="1127" y1="1171">(64769,4112,1028)</Cell>
<Cell dontCare="false" endCol="0" endRow="16" startCol="0" startRow="16" x0="124" x1="790" y0="1171" y1="1217">(64769,4369,257)</Cell>
<Cell dontCare="false" endCol="1" endRow="16" startCol="1" startRow="16" x0="790" x1="966" y0="1171" y1="1217">(64769,4369,514)</Cell>
<Cell dontCare="false" endCol="2" endRow="16" startCol="2" startRow="16" x0="966" x1="1108" y0="1171" y1="1217">(64769,4369,771)</Cell>
<Cell dontCare="false" endCol="3" endRow="16" startCol="3" startRow="16" x0="1108" x1="1276" y0="1171" y1="1217">(64769,4369,1028)</Cell>
<Cell dontCare="false" endCol="0" endRow="17" startCol="0" startRow="17" x0="124" x1="790" y0="1217" y1="1295">(64769,4626,257)</Cell>
<Cell dontCare="false" endCol="3" endRow="17" startCol="1" startRow="17" x0="790" x1="1276" y0="1217" y1="1295">(64769,4626,516)</Cell>
<Cell dontCare="true" endCol="2" endRow="17" startCol="2" startRow="17" x0="966" x1="1108" y0="1217" y1="1295">(64769,4626,771)</Cell>
<Cell dontCare="true" endCol="3" endRow="17" startCol="3" startRow="17" x0="1108" x1="1276" y0="1217" y1="1295">(64769,4626,1028)</Cell>
<Cell dontCare="false" endCol="0" endRow="18" startCol="0" startRow="18" x0="124" x1="790" y0="1295" y1="1340">(64769,4883,257)</Cell>
<Cell dontCare="false" endCol="1" endRow="18" startCol="1" startRow="18" x0="790" x1="966" y0="1295" y1="1340">(64769,4883,514)</Cell>
<Cell dontCare="false" endCol="2" endRow="18" startCol="2" startRow="18" x0="966" x1="1108" y0="1295" y1="1340">(64769,4883,771)</Cell>
<Cell dontCare="false" endCol="3" endRow="18" startCol="3" startRow="18" x0="1108" x1="1276" y0="1295" y1="1340">(64769,4883,1028)</Cell>
<Cell dontCare="false" endCol="3" endRow="19" startCol="0" startRow="19" x0="124" x1="1276" y0="1340" y1="1385">(64769,5140,260)</Cell>
<Cell dontCare="true" endCol="1" endRow="19" startCol="1" startRow="19" x0="790" x1="966" y0="1340" y1="1385">(64769,5140,514)</Cell>
<Cell dontCare="true" endCol="2" endRow="19" startCol="2" startRow="19" x0="966" x1="1108" y0="1340" y1="1385">(64769,5140,771)</Cell>
<Cell dontCare="true" endCol="3" endRow="19" startCol="3" startRow="19" x0="1108" x1="1276" y0="1340" y1="1385">(64769,5140,1028)</Cell>
<Cell dontCare="false" endCol="0" endRow="20" startCol="0" startRow="20" x0="124" x1="790" y0="1385" y1="1422">(64769,5397,257)</Cell>
<Cell dontCare="false" endCol="1" endRow="20" startCol="1" startRow="20" x0="790" x1="966" y0="1385" y1="1422">(64769,5397,514)</Cell>
<Cell dontCare="false" endCol="2" endRow="20" startCol="2" startRow="20" x0="966" x1="1108" y0="1385" y1="1422">(64769,5397,771)</Cell>
<Cell dontCare="false" endCol="3" endRow="20" startCol="3" startRow="20" x0="1108" x1="1276" y0="1385" y1="1422">(64769,5397,1028)</Cell>
<Cell dontCare="false" endCol="0" endRow="21" startCol="0" startRow="21" x0="124" x1="790" y0="1422" y1="1467">(64769,5654,257)</Cell>
<Cell dontCare="false" endCol="1" endRow="21" startCol="1" startRow="21" x0="790" x1="966" y0="1422" y1="1467">(64769,5654,514)</Cell>
<Cell dontCare="false" endCol="2" endRow="21" startCol="2" startRow="21" x0="966" x1="1108" y0="1422" y1="1467">(64769,5654,771)</Cell>
<Cell dontCare="false" endCol="3" endRow="21" startCol="3" startRow="21" x0="1108" x1="1276" y0="1422" y1="1467">(64769,5654,1028)</Cell>
<Cell dontCare="false" endCol="0" endRow="22" startCol="0" startRow="22" x0="124" x1="790" y0="1467" y1="1514">(64769,5911,257)</Cell>
<Cell dontCare="false" endCol="1" endRow="22" startCol="1" startRow="22" x0="790" x1="966" y0="1467" y1="1514">(64769,5911,514)</Cell>
<Cell dontCare="false" endCol="2" endRow="22" startCol="2" startRow="22" x0="966" x1="1108" y0="1467" y1="1514">(64769,5911,771)</Cell>
<Cell dontCare="false" endCol="3" endRow="22" startCol="3" startRow="22" x0="1108" x1="1276" y0="1467" y1="1514">(64769,5911,1028)</Cell>
<Cell dontCare="false" endCol="0" endRow="23" startCol="0" startRow="23" x0="124" x1="790" y0="1514" y1="1561">(64769,6168,257)</Cell>
<Cell dontCare="false" endCol="1" endRow="23" startCol="1" startRow="23" x0="790" x1="966" y0="1514" y1="1561">(64769,6168,514)</Cell>
<Cell dontCare="false" endCol="2" endRow="23" startCol="2" startRow="23" x0="966" x1="1108" y0="1514" y1="1561">(64769,6168,771)</Cell>
<Cell dontCare="false" endCol="3" endRow="23" startCol="3" startRow="23" x0="1108" x1="1276" y0="1514" y1="1561">(64769,6168,1028)</Cell>
<Cell dontCare="false" endCol="0" endRow="24" startCol="0" startRow="24" x0="124" x1="790" y0="1561" y1="1621">(64769,6425,257)</Cell>
<Cell dontCare="false" endCol="1" endRow="24" startCol="1" startRow="24" x0="790" x1="966" y0="1561" y1="1621">(64769,6425,514)</Cell>
<Cell dontCare="false" endCol="2" endRow="24" startCol="2" startRow="24" x0="966" x1="1108" y0="1561" y1="1621">(64769,6425,771)</Cell>
<Cell dontCare="false" endCol="3" endRow="24" startCol="3" startRow="24" x0="1108" x1="1276" y0="1561" y1="1621">(64769,6425,1028)</Cell>
<Cell dontCare="false" endCol="3" endRow="25" startCol="0" startRow="25" x0="124" x1="1276" y0="1621" y1="1714">(64769,6682,260)</Cell>
<Cell dontCare="true" endCol="1" endRow="25" startCol="1" startRow="25" x0="790" x1="966" y0="1621" y1="1714">(64769,6682,514)</Cell>
<Cell dontCare="true" endCol="2" endRow="25" startCol="2" startRow="25" x0="966" x1="1108" y0="1621" y1="1714">(64769,6682,771)</Cell>
<Cell dontCare="true" endCol="3" endRow="25" startCol="3" startRow="25" x0="1108" x1="1276" y0="1621" y1="1714">(64769,6682,1028)</Cell>
<Cell dontCare="false" endCol="0" endRow="26" startCol="0" startRow="26" x0="124" x1="790" y0="1714" y1="1760">(64769,6939,257)</Cell>
<Cell dontCare="false" endCol="3" endRow="26" startCol="1" startRow="26" x0="790" x1="1276" y0="1714" y1="1760">(64769,6939,516)</Cell>
<Cell dontCare="true" endCol="2" endRow="26" startCol="2" startRow="26" x0="966" x1="1108" y0="1714" y1="1760">(64769,6939,771)</Cell>
<Cell dontCare="true" endCol="3" endRow="26" startCol="3" startRow="26" x0="1108" x1="1276" y0="1714" y1="1760">(64769,6939,1028)</Cell>
<Cell dontCare="false" endCol="0" endRow="27" startCol="0" startRow="27" x0="124" x1="790" y0="1760" y1="1807">(64769,7196,257)</Cell>
<Cell dontCare="false" endCol="1" endRow="27" startCol="1" startRow="27" x0="790" x1="966" y0="1760" y1="1807">(64769,7196,514)</Cell>
<Cell dontCare="false" endCol="2" endRow="27" startCol="2" startRow="27" x0="966" x1="1108" y0="1760" y1="1807">(64769,7196,771)</Cell>
<Cell dontCare="false" endCol="3" endRow="27" startCol="3" startRow="27" x0="1108" x1="1276" y0="1760" y1="1807">(64769,7196,1028)</Cell>
<Cell dontCare="false" endCol="0" endRow="28" startCol="0" startRow="28" x0="124" x1="790" y0="1807" y1="1854">(64769,7453,257)</Cell>
<Cell dontCare="false" endCol="1" endRow="28" startCol="1" startRow="28" x0="790" x1="966" y0="1807" y1="1854">(64769,7453,514)</Cell>
<Cell dontCare="false" endCol="2" endRow="28" startCol="2" startRow="28" x0="966" x1="1108" y0="1807" y1="1854">(64769,7453,771)</Cell>
<Cell dontCare="false" endCol="3" endRow="28" startCol="3" startRow="28" x0="1108" x1="1276" y0="1807" y1="1854">(64769,7453,1028)</Cell>
<Cell dontCare="false" endCol="0" endRow="29" startCol="0" startRow="29" x0="124" x1="790" y0="1854" y1="1901">(64769,7710,257)</Cell>
<Cell dontCare="false" endCol="1" endRow="29" startCol="1" startRow="29" x0="790" x1="966" y0="1854" y1="1901">(64769,7710,514)</Cell>
<Cell dontCare="false" endCol="2" endRow="29" startCol="2" startRow="29" x0="966" x1="1108" y0="1854" y1="1901">(64769,7710,771)</Cell>
<Cell dontCare="false" endCol="3" endRow="29" startCol="3" startRow="29" x0="1108" x1="1276" y0="1854" y1="1901">(64769,7710,1028)</Cell>
<Cell dontCare="false" endCol="0" endRow="30" startCol="0" startRow="30" x0="124" x1="790" y0="1901" y1="1964">(64769,7967,257)</Cell>
<Cell dontCare="false" endCol="1" endRow="30" startCol="1" startRow="30" x0="790" x1="966" y0="1901" y1="1964">(64769,7967,514)</Cell>
<Cell dontCare="false" endCol="2" endRow="30" startCol="2" startRow="30" x0="966" x1="1108" y0="1901" y1="1964">(64769,7967,771)</Cell>
<Cell dontCare="false" endCol="3" endRow="30" startCol="3" startRow="30" x0="1108" x1="1276" y0="1901" y1="1964">(64769,7967,1028)</Cell>
</Table>
<Table x0="1294" x1="2418" y0="458" y1="702">
<Row x0="1294" x1="2418" y0="497" y1="497"/>
<Row x0="1294" x1="2418" y0="542" y1="542"/>
<Row x0="1294" x1="2418" y0="590" y1="590"/>
<Row x0="1294" x1="2418" y0="640" y1="640"/>
<Column x0="1885" x1="1885" y0="458" y1="702"/>
<Column x0="2124" x1="2124" y0="458" y1="702"/>
<Column x0="2291" x1="2291" y0="458" y1="702"/>
<Cell dontCare="false" endCol="0" endRow="0" startCol="0" startRow="0" x0="1294" x1="1885" y0="458" y1="497">(64770,257,257)</Cell>
<Cell dontCare="false" endCol="3" endRow="0" startCol="1" startRow="0" x0="1885" x1="2418" y0="458" y1="497">(64770,257,516)</Cell>
<Cell dontCare="true" endCol="2" endRow="0" startCol="2" startRow="0" x0="2124" x1="2291" y0="458" y1="497">(64770,257,771)</Cell>
<Cell dontCare="true" endCol="3" endRow="0" startCol="3" startRow="0" x0="2291" x1="2418" y0="458" y1="497">(64770,257,1028)</Cell>
<Cell dontCare="false" endCol="0" endRow="1" startCol="0" startRow="1" x0="1294" x1="1885" y0="497" y1="542">(64770,514,257)</Cell>
<Cell dontCare="false" endCol="1" endRow="1" startCol="1" startRow="1" x0="1885" x1="2124" y0="497" y1="542">(64770,514,514)</Cell>
<Cell dontCare="false" endCol="2" endRow="1" startCol="2" startRow="1" x0="2124" x1="2291" y0="497" y1="542">(64770,514,771)</Cell>
<Cell dontCare="false" endCol="3" endRow="1" startCol="3" startRow="1" x0="2291" x1="2418" y0="497" y1="542">(64770,514,1028)</Cell>
<Cell dontCare="false" endCol="0" endRow="2" startCol="0" startRow="2" x0="1294" x1="1885" y0="542" y1="590">(64770,771,257)</Cell>
<Cell dontCare="false" endCol="1" endRow="2" startCol="1" startRow="2" x0="1885" x1="2124" y0="542" y1="590">(64770,771,514)</Cell>
<Cell dontCare="false" endCol="2" endRow="2" startCol="2" startRow="2" x0="2124" x1="2291" y0="542" y1="590">(64770,771,771)</Cell>
<Cell dontCare="false" endCol="3" endRow="2" startCol="3" startRow="2" x0="2291" x1="2418" y0="542" y1="590">(64770,771,1028)</Cell>
<Cell dontCare="false" endCol="0" endRow="3" startCol="0" startRow="3" x0="1294" x1="1885" y0="590" y1="640">(64770,1028,257)</Cell>
<Cell dontCare="false" endCol="1" endRow="3" startCol="1" startRow="3" x0="1885" x1="2124" y0="590" y1="640">(64770,1028,514)</Cell>
<Cell dontCare="false" endCol="2" endRow="3" startCol="2" startRow="3" x0="2124" x1="2291" y0="590" y1="640">(64770,1028,771)</Cell>
<Cell dontCare="false" endCol="3" endRow="3" startCol="3" startRow="3" x0="2291" x1="2418" y0="590" y1="640">(64770,1028,1028)</Cell>
<Cell dontCare="false" endCol="0" endRow="4" startCol="0" startRow="4" x0="1294" x1="1885" y0="640" y1="702">(64770,1285,257)</Cell>
<Cell dontCare="false" endCol="1" endRow="4" startCol="1" startRow="4" x0="1885" x1="2124" y0="640" y1="702">(64770,1285,514)</Cell>
<Cell dontCare="false" endCol="2" endRow="4" startCol="2" startRow="4" x0="2124" x1="2291" y0="640" y1="702">(64770,1285,771)</Cell>
<Cell dontCare="false" endCol="3" endRow="4" startCol="3" startRow="4" x0="2291" x1="2418" y0="640" y1="702">(64770,1285,1028)</Cell>
</Table>
<Table x0="1288" x1="2424" y0="2374" y1="2724">
<Row x0="1288" x1="2424" y0="2431" y1="2431"/>
<Row x0="1288" x1="2424" y0="2481" y1="2481"/>
<Row x0="1288" x1="2424" y0="2522" y1="2522"/>
<Row x0="1288" x1="2424" y0="2570" y1="2570"/>
<Row x0="1288" x1="2424" y0="2658" y1="2658"/>
<Column x0="1931" x1="1931" y0="2374" y1="2724"/>
<Column x0="2124" x1="2124" y0="2374" y1="2724"/>
<Column x0="2288" x1="2288" y0="2374" y1="2724"/>
<Cell dontCare="false" endCol="0" endRow="0" startCol="0" startRow="0" x0="1288" x1="1931" y0="2374" y1="2431">(64771,257,257)</Cell>
<Cell dontCare="false" endCol="3" endRow="0" startCol="1" startRow="0" x0="1931" x1="2424" y0="2374" y1="2431">(64771,257,516)</Cell>
<Cell dontCare="true" endCol="2" endRow="0" startCol="2" startRow="0" x0="2124" x1="2288" y0="2374" y1="2431">(64771,257,771)</Cell>
<Cell dontCare="true" endCol="3" endRow="0" startCol="3" startRow="0" x0="2288" x1="2424" y0="2374" y1="2431">(64771,257,1028)</Cell>
<Cell dontCare="false" endCol="0" endRow="1" startCol="0" startRow="1" x0="1288" x1="1931" y0="2431" y1="2481">(64771,514,257)</Cell>
<Cell dontCare="false" endCol="1" endRow="1" startCol="1" startRow="1" x0="1931" x1="2124" y0="2431" y1="2481">(64771,514,514)</Cell>
<Cell dontCare="false" endCol="2" endRow="1" startCol="2" startRow="1" x0="2124" x1="2288" y0="2431" y1="2481">(64771,514,771)</Cell>
<Cell dontCare="false" endCol="3" endRow="1" startCol="3" startRow="1" x0="2288" x1="2424" y0="2431" y1="2481">(64771,514,1028)</Cell>
<Cell dontCare="false" endCol="0" endRow="2" startCol="0" startRow="2" x0="1288" x1="1931" y0="2481" y1="2522">(64771,771,257)</Cell>
<Cell dontCare="false" endCol="1" endRow="2" startCol="1" startRow="2" x0="1931" x1="2124" y0="2481" y1="2522">(64771,771,514)</Cell>
<Cell dontCare="false" endCol="2" endRow="2" startCol="2" startRow="2" x0="2124" x1="2288" y0="2481" y1="2522">(64771,771,771)</Cell>
<Cell dontCare="false" endCol="3" endRow="2" startCol="3" startRow="2" x0="2288" x1="2424" y0="2481" y1="2522">(64771,771,1028)</Cell>
<Cell dontCare="false" endCol="0" endRow="3" startCol="0" startRow="3" x0="1288" x1="1931" y0="2522" y1="2570">(64771,1028,257)</Cell>
<Cell dontCare="false" endCol="1" endRow="3" startCol="1" startRow="3" x0="1931" x1="2124" y0="2522" y1="2570">(64771,1028,514)</Cell>
<Cell dontCare="false" endCol="2" endRow="3" startCol="2" startRow="3" x0="2124" x1="2288" y0="2522" y1="2570">(64771,1028,771)</Cell>
<Cell dontCare="false" endCol="3" endRow="3" startCol="3" startRow="3" x0="2288" x1="2424" y0="2522" y1="2570">(64771,1028,1028)</Cell>
<Cell dontCare="false" endCol="0" endRow="4" startCol="0" startRow="4" x0="1288" x1="1931" y0="2570" y1="2658">(64771,1285,257)</Cell>
<Cell dontCare="false" endCol="1" endRow="4" startCol="1" startRow="4" x0="1931" x1="2124" y0="2570" y1="2658">(64771,1285,514)</Cell>
<Cell dontCare="false" endCol="2" endRow="4" startCol="2" startRow="4" x0="2124" x1="2288" y0="2570" y1="2658">(64771,1285,771)</Cell>
<Cell dontCare="false" endCol="3" endRow="4" startCol="3" startRow="4" x0="2288" x1="2424" y0="2570" y1="2658">(64771,1285,1028)</Cell>
<Cell dontCare="false" endCol="0" endRow="5" startCol="0" startRow="5" x0="1288" x1="1931" y0="2658" y1="2724">(64771,1542,257)</Cell>
<Cell dontCare="false" endCol="1" endRow="5" startCol="1" startRow="5" x0="1931" x1="2124" y0="2658" y1="2724">(64771,1542,514)</Cell>
<Cell dontCare="false" endCol="2" endRow="5" startCol="2" startRow="5" x0="2124" x1="2288" y0="2658" y1="2724">(64771,1542,771)</Cell>
<Cell dontCare="false" endCol="3" endRow="5" startCol="3" startRow="5" x0="2288" x1="2424" y0="2658" y1="2724">(64771,1542,1028)</Cell>
</Table>
</Tables>
</GroundTruth>
