<?xml version="1.0" encoding="UTF-8" standalone="no"?>
<GroundTruth InputFile="C:\Dokumente und Einstellungen\mehmood\Desktop\dataset\skew_corrected\unlv_tables_bin_test\9527_018.png">
<Tables>
<Table x0="486" x1="2363" y0="420" y1="2440">
<Row x0="486" x1="2363" y0="502" y1="502"/>
<Row x0="486" x1="2363" y0="554" y1="554"/>
<Row x0="486" x1="2363" y0="606" y1="606"/>
<Row x0="486" x1="2363" y0="662" y1="662"/>
<Row x0="486" x1="2363" y0="702" y1="702"/>
<Row x0="486" x1="2363" y0="758" y1="758"/>
<Row x0="486" x1="2363" y0="804" y1="804"/>
<Row x0="486" x1="2363" y0="856" y1="856"/>
<Row x0="486" x1="2363" y0="914" y1="914"/>
<Row x0="486" x1="2363" y0="974" y1="974"/>
<Row x0="486" x1="2363" y0="1030" y1="1030"/>
<Row x0="486" x1="2363" y0="1078" y1="1078"/>
<Row x0="486" x1="2363" y0="1132" y1="1132"/>
<Row x0="486" x1="2363" y0="1200" y1="1200"/>
<Row x0="486" x1="2363" y0="1290" y1="1290"/>
<Row x0="486" x1="2363" y0="1334" y1="1334"/>
<Row x0="486" x1="2363" y0="1392" y1="1392"/>
<Row x0="486" x1="2363" y0="1442" y1="1442"/>
<Row x0="486" x1="2363" y0="1482" y1="1482"/>
<Row x0="486" x1="2363" y0="1542" y1="1542"/>
<Row x0="486" x1="2363" y0="1594" y1="1594"/>
<Row x0="486" x1="2363" y0="1654" y1="1654"/>
<Row x0="486" x1="2363" y0="1706" y1="1706"/>
<Row x0="486" x1="2363" y0="1752" y1="1752"/>
<Row x0="486" x1="2363" y0="1814" y1="1814"/>
<Row x0="486" x1="2363" y0="1886" y1="1886"/>
<Row x0="486" x1="2363" y0="1938" y1="1938"/>
<Row x0="486" x1="2363" y0="1990" y1="1990"/>
<Row x0="486" x1="2363" y0="2088" y1="2088"/>
<Row x0="486" x1="2363" y0="2142" y1="2142"/>
<Row x0="486" x1="2363" y0="2190" y1="2190"/>
<Row x0="486" x1="2363" y0="2244" y1="2244"/>
<Row x0="486" x1="2363" y0="2296" y1="2296"/>
<Row x0="486" x1="2363" y0="2362" y1="2362"/>
<Column x0="1756" x1="1756" y0="420" y1="2440"/>
<Column x0="2116" x1="2116" y0="420" y1="2440"/>
<Cell dontCare="false" endCol="0" endRow="0" startCol="0" startRow="0" x0="486" x1="1756" y0="420" y1="502">(64769,257,257)</Cell>
<Cell dontCare="false" endCol="1" endRow="0" startCol="1" startRow="0" x0="1756" x1="2116" y0="420" y1="502">(64769,257,514)</Cell>
<Cell dontCare="false" endCol="2" endRow="0" startCol="2" startRow="0" x0="2116" x1="2363" y0="420" y1="502">(64769,257,771)</Cell>
<Cell dontCare="false" endCol="2" endRow="1" startCol="0" startRow="1" x0="486" x1="2363" y0="502" y1="554">(64769,514,259)</Cell>
<Cell dontCare="true" endCol="1" endRow="1" startCol="1" startRow="1" x0="1756" x1="2116" y0="502" y1="554">(64769,514,514)</Cell>
<Cell dontCare="true" endCol="2" endRow="1" startCol="2" startRow="1" x0="2116" x1="2363" y0="502" y1="554">(64769,514,771)</Cell>
<Cell dontCare="false" endCol="2" endRow="2" startCol="0" startRow="2" x0="486" x1="2363" y0="554" y1="606">(64769,771,259)</Cell>
<Cell dontCare="true" endCol="1" endRow="2" startCol="1" startRow="2" x0="1756" x1="2116" y0="554" y1="606">(64769,771,514)</Cell>
<Cell dontCare="true" endCol="2" endRow="2" startCol="2" startRow="2" x0="2116" x1="2363" y0="554" y1="606">(64769,771,771)</Cell>
<Cell dontCare="false" endCol="0" endRow="3" startCol="0" startRow="3" x0="486" x1="1756" y0="606" y1="662">(64769,1028,257)</Cell>
<Cell dontCare="false" endCol="1" endRow="3" startCol="1" startRow="3" x0="1756" x1="2116" y0="606" y1="662">(64769,1028,514)</Cell>
<Cell dontCare="false" endCol="2" endRow="3" startCol="2" startRow="3" x0="2116" x1="2363" y0="606" y1="662">(64769,1028,771)</Cell>
<Cell dontCare="false" endCol="0" endRow="4" startCol="0" startRow="4" x0="486" x1="1756" y0="662" y1="702">(64769,1285,257)</Cell>
<Cell dontCare="false" endCol="1" endRow="4" startCol="1" startRow="4" x0="1756" x1="2116" y0="662" y1="702">(64769,1285,514)</Cell>
<Cell dontCare="false" endCol="2" endRow="4" startCol="2" startRow="4" x0="2116" x1="2363" y0="662" y1="702">(64769,1285,771)</Cell>
<Cell dontCare="false" endCol="0" endRow="5" startCol="0" startRow="5" x0="486" x1="1756" y0="702" y1="758">(64769,1542,257)</Cell>
<Cell dontCare="false" endCol="1" endRow="5" startCol="1" startRow="5" x0="1756" x1="2116" y0="702" y1="758">(64769,1542,514)</Cell>
<Cell dontCare="false" endCol="2" endRow="5" startCol="2" startRow="5" x0="2116" x1="2363" y0="702" y1="758">(64769,1542,771)</Cell>
<Cell dontCare="false" endCol="0" endRow="6" startCol="0" startRow="6" x0="486" x1="1756" y0="758" y1="804">(64769,1799,257)</Cell>
<Cell dontCare="false" endCol="1" endRow="6" startCol="1" startRow="6" x0="1756" x1="2116" y0="758" y1="804">(64769,1799,514)</Cell>
<Cell dontCare="false" endCol="2" endRow="6" startCol="2" startRow="6" x0="2116" x1="2363" y0="758" y1="804">(64769,1799,771)</Cell>
<Cell dontCare="false" endCol="0" endRow="7" startCol="0" startRow="7" x0="486" x1="1756" y0="804" y1="856">(64769,2056,257)</Cell>
<Cell dontCare="false" endCol="1" endRow="7" startCol="1" startRow="7" x0="1756" x1="2116" y0="804" y1="856">(64769,2056,514)</Cell>
<Cell dontCare="false" endCol="2" endRow="7" startCol="2" startRow="7" x0="2116" x1="2363" y0="804" y1="856">(64769,2056,771)</Cell>
<Cell dontCare="false" endCol="0" endRow="8" startCol="0" startRow="8" x0="486" x1="1756" y0="856" y1="914">(64769,2313,257)</Cell>
<Cell dontCare="false" endCol="1" endRow="8" startCol="1" startRow="8" x0="1756" x1="2116" y0="856" y1="914">(64769,2313,514)</Cell>
<Cell dontCare="false" endCol="2" endRow="8" startCol="2" startRow="8" x0="2116" x1="2363" y0="856" y1="914">(64769,2313,771)</Cell>
<Cell dontCare="false" endCol="0" endRow="9" startCol="0" startRow="9" x0="486" x1="1756" y0="914" y1="974">(64769,2570,257)</Cell>
<Cell dontCare="false" endCol="1" endRow="9" startCol="1" startRow="9" x0="1756" x1="2116" y0="914" y1="974">(64769,2570,514)</Cell>
<Cell dontCare="false" endCol="2" endRow="9" startCol="2" startRow="9" x0="2116" x1="2363" y0="914" y1="974">(64769,2570,771)</Cell>
<Cell dontCare="false" endCol="0" endRow="10" startCol="0" startRow="10" x0="486" x1="1756" y0="974" y1="1030">(64769,2827,257)</Cell>
<Cell dontCare="false" endCol="1" endRow="10" startCol="1" startRow="10" x0="1756" x1="2116" y0="974" y1="1030">(64769,2827,514)</Cell>
<Cell dontCare="false" endCol="2" endRow="10" startCol="2" startRow="10" x0="2116" x1="2363" y0="974" y1="1030">(64769,2827,771)</Cell>
<Cell dontCare="false" endCol="0" endRow="11" startCol="0" startRow="11" x0="486" x1="1756" y0="1030" y1="1078">(64769,3084,257)</Cell>
<Cell dontCare="false" endCol="1" endRow="11" startCol="1" startRow="11" x0="1756" x1="2116" y0="1030" y1="1078">(64769,3084,514)</Cell>
<Cell dontCare="false" endCol="2" endRow="11" startCol="2" startRow="11" x0="2116" x1="2363" y0="1030" y1="1078">(64769,3084,771)</Cell>
<Cell dontCare="false" endCol="0" endRow="12" startCol="0" startRow="12" x0="486" x1="1756" y0="1078" y1="1132">(64769,3341,257)</Cell>
<Cell dontCare="false" endCol="1" endRow="12" startCol="1" startRow="12" x0="1756" x1="2116" y0="1078" y1="1132">(64769,3341,514)</Cell>
<Cell dontCare="false" endCol="2" endRow="12" startCol="2" startRow="12" x0="2116" x1="2363" y0="1078" y1="1132">(64769,3341,771)</Cell>
<Cell dontCare="false" endCol="0" endRow="13" startCol="0" startRow="13" x0="486" x1="1756" y0="1132" y1="1200">(64769,3598,257)</Cell>
<Cell dontCare="false" endCol="1" endRow="13" startCol="1" startRow="13" x0="1756" x1="2116" y0="1132" y1="1200">(64769,3598,514)</Cell>
<Cell dontCare="false" endCol="2" endRow="13" startCol="2" startRow="13" x0="2116" x1="2363" y0="1132" y1="1200">(64769,3598,771)</Cell>
<Cell dontCare="false" endCol="2" endRow="14" startCol="0" startRow="14" x0="486" x1="2363" y0="1200" y1="1290">(64769,3855,259)</Cell>
<Cell dontCare="true" endCol="1" endRow="14" startCol="1" startRow="14" x0="1756" x1="2116" y0="1200" y1="1290">(64769,3855,514)</Cell>
<Cell dontCare="true" endCol="2" endRow="14" startCol="2" startRow="14" x0="2116" x1="2363" y0="1200" y1="1290">(64769,3855,771)</Cell>
<Cell dontCare="false" endCol="2" endRow="15" startCol="0" startRow="15" x0="486" x1="2363" y0="1290" y1="1334">(64769,4112,259)</Cell>
<Cell dontCare="true" endCol="1" endRow="15" startCol="1" startRow="15" x0="1756" x1="2116" y0="1290" y1="1334">(64769,4112,514)</Cell>
<Cell dontCare="true" endCol="2" endRow="15" startCol="2" startRow="15" x0="2116" x1="2363" y0="1290" y1="1334">(64769,4112,771)</Cell>
<Cell dontCare="false" endCol="0" endRow="16" startCol="0" startRow="16" x0="486" x1="1756" y0="1334" y1="1392">(64769,4369,257)</Cell>
<Cell dontCare="false" endCol="1" endRow="16" startCol="1" startRow="16" x0="1756" x1="2116" y0="1334" y1="1392">(64769,4369,514)</Cell>
<Cell dontCare="false" endCol="2" endRow="16" startCol="2" startRow="16" x0="2116" x1="2363" y0="1334" y1="1392">(64769,4369,771)</Cell>
<Cell dontCare="false" endCol="0" endRow="17" startCol="0" startRow="17" x0="486" x1="1756" y0="1392" y1="1442">(64769,4626,257)</Cell>
<Cell dontCare="false" endCol="1" endRow="17" startCol="1" startRow="17" x0="1756" x1="2116" y0="1392" y1="1442">(64769,4626,514)</Cell>
<Cell dontCare="false" endCol="2" endRow="17" startCol="2" startRow="17" x0="2116" x1="2363" y0="1392" y1="1442">(64769,4626,771)</Cell>
<Cell dontCare="false" endCol="0" endRow="18" startCol="0" startRow="18" x0="486" x1="1756" y0="1442" y1="1482">(64769,4883,257)</Cell>
<Cell dontCare="false" endCol="1" endRow="18" startCol="1" startRow="18" x0="1756" x1="2116" y0="1442" y1="1482">(64769,4883,514)</Cell>
<Cell dontCare="false" endCol="2" endRow="18" startCol="2" startRow="18" x0="2116" x1="2363" y0="1442" y1="1482">(64769,4883,771)</Cell>
<Cell dontCare="false" endCol="0" endRow="19" startCol="0" startRow="19" x0="486" x1="1756" y0="1482" y1="1542">(64769,5140,257)</Cell>
<Cell dontCare="false" endCol="1" endRow="19" startCol="1" startRow="19" x0="1756" x1="2116" y0="1482" y1="1542">(64769,5140,514)</Cell>
<Cell dontCare="false" endCol="2" endRow="19" startCol="2" startRow="19" x0="2116" x1="2363" y0="1482" y1="1542">(64769,5140,771)</Cell>
<Cell dontCare="false" endCol="0" endRow="20" startCol="0" startRow="20" x0="486" x1="1756" y0="1542" y1="1594">(64769,5397,257)</Cell>
<Cell dontCare="false" endCol="1" endRow="20" startCol="1" startRow="20" x0="1756" x1="2116" y0="1542" y1="1594">(64769,5397,514)</Cell>
<Cell dontCare="false" endCol="2" endRow="20" startCol="2" startRow="20" x0="2116" x1="2363" y0="1542" y1="1594">(64769,5397,771)</Cell>
<Cell dontCare="false" endCol="0" endRow="21" startCol="0" startRow="21" x0="486" x1="1756" y0="1594" y1="1654">(64769,5654,257)</Cell>
<Cell dontCare="false" endCol="1" endRow="21" startCol="1" startRow="21" x0="1756" x1="2116" y0="1594" y1="1654">(64769,5654,514)</Cell>
<Cell dontCare="false" endCol="2" endRow="21" startCol="2" startRow="21" x0="2116" x1="2363" y0="1594" y1="1654">(64769,5654,771)</Cell>
<Cell dontCare="false" endCol="0" endRow="22" startCol="0" startRow="22" x0="486" x1="1756" y0="1654" y1="1706">(64769,5911,257)</Cell>
<Cell dontCare="false" endCol="1" endRow="22" startCol="1" startRow="22" x0="1756" x1="2116" y0="1654" y1="1706">(64769,5911,514)</Cell>
<Cell dontCare="false" endCol="2" endRow="22" startCol="2" startRow="22" x0="2116" x1="2363" y0="1654" y1="1706">(64769,5911,771)</Cell>
<Cell dontCare="false" endCol="0" endRow="23" startCol="0" startRow="23" x0="486" x1="1756" y0="1706" y1="1752">(64769,6168,257)</Cell>
<Cell dontCare="false" endCol="1" endRow="23" startCol="1" startRow="23" x0="1756" x1="2116" y0="1706" y1="1752">(64769,6168,514)</Cell>
<Cell dontCare="false" endCol="2" endRow="23" startCol="2" startRow="23" x0="2116" x1="2363" y0="1706" y1="1752">(64769,6168,771)</Cell>
<Cell dontCare="false" endCol="0" endRow="24" startCol="0" startRow="24" x0="486" x1="1756" y0="1752" y1="1814">(64769,6425,257)</Cell>
<Cell dontCare="false" endCol="1" endRow="24" startCol="1" startRow="24" x0="1756" x1="2116" y0="1752" y1="1814">(64769,6425,514)</Cell>
<Cell dontCare="false" endCol="2" endRow="24" startCol="2" startRow="24" x0="2116" x1="2363" y0="1752" y1="1814">(64769,6425,771)</Cell>
<Cell dontCare="false" endCol="0" endRow="25" startCol="0" startRow="25" x0="486" x1="1756" y0="1814" y1="1886">(64769,6682,257)</Cell>
<Cell dontCare="false" endCol="1" endRow="25" startCol="1" startRow="25" x0="1756" x1="2116" y0="1814" y1="1886">(64769,6682,514)</Cell>
<Cell dontCare="false" endCol="2" endRow="25" startCol="2" startRow="25" x0="2116" x1="2363" y0="1814" y1="1886">(64769,6682,771)</Cell>
<Cell dontCare="false" endCol="2" endRow="26" startCol="0" startRow="26" x0="486" x1="2363" y0="1886" y1="1938">(64769,6939,259)</Cell>
<Cell dontCare="true" endCol="1" endRow="26" startCol="1" startRow="26" x0="1756" x1="2116" y0="1886" y1="1938">(64769,6939,514)</Cell>
<Cell dontCare="true" endCol="2" endRow="26" startCol="2" startRow="26" x0="2116" x1="2363" y0="1886" y1="1938">(64769,6939,771)</Cell>
<Cell dontCare="false" endCol="0" endRow="27" startCol="0" startRow="27" x0="486" x1="1756" y0="1938" y1="1990">(64769,7196,257)</Cell>
<Cell dontCare="false" endCol="1" endRow="27" startCol="1" startRow="27" x0="1756" x1="2116" y0="1938" y1="1990">(64769,7196,514)</Cell>
<Cell dontCare="false" endCol="2" endRow="27" startCol="2" startRow="27" x0="2116" x1="2363" y0="1938" y1="1990">(64769,7196,771)</Cell>
<Cell dontCare="false" endCol="0" endRow="28" startCol="0" startRow="28" x0="486" x1="1756" y0="1990" y1="2088">(64769,7453,257)</Cell>
<Cell dontCare="false" endCol="1" endRow="28" startCol="1" startRow="28" x0="1756" x1="2116" y0="1990" y1="2088">(64769,7453,514)</Cell>
<Cell dontCare="false" endCol="2" endRow="28" startCol="2" startRow="28" x0="2116" x1="2363" y0="1990" y1="2088">(64769,7453,771)</Cell>
<Cell dontCare="false" endCol="0" endRow="29" startCol="0" startRow="29" x0="486" x1="1756" y0="2088" y1="2142">(64769,7710,257)</Cell>
<Cell dontCare="false" endCol="1" endRow="29" startCol="1" startRow="29" x0="1756" x1="2116" y0="2088" y1="2142">(64769,7710,514)</Cell>
<Cell dontCare="false" endCol="2" endRow="29" startCol="2" startRow="29" x0="2116" x1="2363" y0="2088" y1="2142">(64769,7710,771)</Cell>
<Cell dontCare="false" endCol="0" endRow="30" startCol="0" startRow="30" x0="486" x1="1756" y0="2142" y1="2190">(64769,7967,257)</Cell>
<Cell dontCare="false" endCol="1" endRow="30" startCol="1" startRow="30" x0="1756" x1="2116" y0="2142" y1="2190">(64769,7967,514)</Cell>
<Cell dontCare="false" endCol="2" endRow="30" startCol="2" startRow="30" x0="2116" x1="2363" y0="2142" y1="2190">(64769,7967,771)</Cell>
<Cell dontCare="false" endCol="0" endRow="31" startCol="0" startRow="31" x0="486" x1="1756" y0="2190" y1="2244">(64769,8224,257)</Cell>
<Cell dontCare="false" endCol="1" endRow="31" startCol="1" startRow="31" x0="1756" x1="2116" y0="2190" y1="2244">(64769,8224,514)</Cell>
<Cell dontCare="false" endCol="2" endRow="31" startCol="2" startRow="31" x0="2116" x1="2363" y0="2190" y1="2244">(64769,8224,771)</Cell>
<Cell dontCare="false" endCol="0" endRow="32" startCol="0" startRow="32" x0="486" x1="1756" y0="2244" y1="2296">(64769,8481,257)</Cell>
<Cell dontCare="false" endCol="1" endRow="32" startCol="1" startRow="32" x0="1756" x1="2116" y0="2244" y1="2296">(64769,8481,514)</Cell>
<Cell dontCare="false" endCol="2" endRow="32" startCol="2" startRow="32" x0="2116" x1="2363" y0="2244" y1="2296">(64769,8481,771)</Cell>
<Cell dontCare="false" endCol="0" endRow="33" startCol="0" startRow="33" x0="486" x1="1756" y0="2296" y1="2362">(64769,8738,257)</Cell>
<Cell dontCare="false" endCol="1" endRow="33" startCol="1" startRow="33" x0="1756" x1="2116" y0="2296" y1="2362">(64769,8738,514)</Cell>
<Cell dontCare="false" endCol="2" endRow="33" startCol="2" startRow="33" x0="2116" x1="2363" y0="2296" y1="2362">(64769,8738,771)</Cell>
<Cell dontCare="false" endCol="0" endRow="34" startCol="0" startRow="34" x0="486" x1="1756" y0="2362" y1="2440">(64769,8995,257)</Cell>
<Cell dontCare="false" endCol="1" endRow="34" startCol="1" startRow="34" x0="1756" x1="2116" y0="2362" y1="2440">(64769,8995,514)</Cell>
<Cell dontCare="false" endCol="2" endRow="34" startCol="2" startRow="34" x0="2116" x1="2363" y0="2362" y1="2440">(64769,8995,771)</Cell>
</Table>
</Tables>
</GroundTruth>
