<?xml version="1.0" encoding="UTF-8" standalone="no"?>
<GroundTruth InputFile="C:\Dokumente und Einstellungen\mehmood\Desktop\dataset\skew_corrected\unlv_tables_bin_test\9529_050.png">
<Tables>
<Table x0="72" x1="2042" y0="342" y1="1158">
<Row x0="72" x1="2042" y0="402" y1="402"/>
<Row x0="72" x1="2042" y0="462" y1="462"/>
<Row x0="72" x1="2042" y0="532" y1="532"/>
<Row x0="72" x1="2042" y0="590" y1="590"/>
<Row x0="72" x1="2042" y0="642" y1="642"/>
<Row x0="72" x1="2042" y0="690" y1="690"/>
<Row x0="72" x1="2042" y0="752" y1="752"/>
<Row x0="72" x1="2042" y0="814" y1="814"/>
<Row x0="72" x1="2042" y0="886" y1="886"/>
<Row x0="72" x1="2042" y0="942" y1="942"/>
<Row x0="72" x1="2042" y0="998" y1="998"/>
<Row x0="72" x1="2042" y0="1054" y1="1054"/>
<Column x0="1422" x1="1422" y0="342" y1="1158"/>
<Column x0="1724" x1="1724" y0="342" y1="1158"/>
<Column x0="1878" x1="1878" y0="342" y1="1158"/>
<Cell dontCare="false" endCol="0" endRow="0" startCol="0" startRow="0" x0="72" x1="1422" y0="342" y1="402">(64769,257,257)</Cell>
<Cell dontCare="false" endCol="1" endRow="0" startCol="1" startRow="0" x0="1422" x1="1724" y0="342" y1="402">(64769,257,514)</Cell>
<Cell dontCare="false" endCol="2" endRow="0" startCol="2" startRow="0" x0="1724" x1="1878" y0="342" y1="402">(64769,257,771)</Cell>
<Cell dontCare="false" endCol="3" endRow="0" startCol="3" startRow="0" x0="1878" x1="2042" y0="342" y1="402">(64769,257,1028)</Cell>
<Cell dontCare="false" endCol="0" endRow="1" startCol="0" startRow="1" x0="72" x1="1422" y0="402" y1="462">(64769,514,257)</Cell>
<Cell dontCare="false" endCol="1" endRow="1" startCol="1" startRow="1" x0="1422" x1="1724" y0="402" y1="462">(64769,514,514)</Cell>
<Cell dontCare="false" endCol="2" endRow="1" startCol="2" startRow="1" x0="1724" x1="1878" y0="402" y1="462">(64769,514,771)</Cell>
<Cell dontCare="false" endCol="3" endRow="1" startCol="3" startRow="1" x0="1878" x1="2042" y0="402" y1="462">(64769,514,1028)</Cell>
<Cell dontCare="false" endCol="0" endRow="2" startCol="0" startRow="2" x0="72" x1="1422" y0="462" y1="532">(64769,771,257)</Cell>
<Cell dontCare="false" endCol="1" endRow="2" startCol="1" startRow="2" x0="1422" x1="1724" y0="462" y1="532">(64769,771,514)</Cell>
<Cell dontCare="false" endCol="2" endRow="2" startCol="2" startRow="2" x0="1724" x1="1878" y0="462" y1="532">(64769,771,771)</Cell>
<Cell dontCare="false" endCol="3" endRow="2" startCol="3" startRow="2" x0="1878" x1="2042" y0="462" y1="532">(64769,771,1028)</Cell>
<Cell dontCare="false" endCol="0" endRow="3" startCol="0" startRow="3" x0="72" x1="1422" y0="532" y1="590">(64769,1028,257)</Cell>
<Cell dontCare="false" endCol="1" endRow="3" startCol="1" startRow="3" x0="1422" x1="1724" y0="532" y1="590">(64769,1028,514)</Cell>
<Cell dontCare="false" endCol="2" endRow="3" startCol="2" startRow="3" x0="1724" x1="1878" y0="532" y1="590">(64769,1028,771)</Cell>
<Cell dontCare="false" endCol="3" endRow="3" startCol="3" startRow="3" x0="1878" x1="2042" y0="532" y1="590">(64769,1028,1028)</Cell>
<Cell dontCare="false" endCol="0" endRow="4" startCol="0" startRow="4" x0="72" x1="1422" y0="590" y1="642">(64769,1285,257)</Cell>
<Cell dontCare="false" endCol="1" endRow="4" startCol="1" startRow="4" x0="1422" x1="1724" y0="590" y1="642">(64769,1285,514)</Cell>
<Cell dontCare="false" endCol="2" endRow="4" startCol="2" startRow="4" x0="1724" x1="1878" y0="590" y1="642">(64769,1285,771)</Cell>
<Cell dontCare="false" endCol="3" endRow="4" startCol="3" startRow="4" x0="1878" x1="2042" y0="590" y1="642">(64769,1285,1028)</Cell>
<Cell dontCare="false" endCol="0" endRow="5" startCol="0" startRow="5" x0="72" x1="1422" y0="642" y1="690">(64769,1542,257)</Cell>
<Cell dontCare="false" endCol="1" endRow="5" startCol="1" startRow="5" x0="1422" x1="1724" y0="642" y1="690">(64769,1542,514)</Cell>
<Cell dontCare="false" endCol="2" endRow="5" startCol="2" startRow="5" x0="1724" x1="1878" y0="642" y1="690">(64769,1542,771)</Cell>
<Cell dontCare="false" endCol="3" endRow="5" startCol="3" startRow="5" x0="1878" x1="2042" y0="642" y1="690">(64769,1542,1028)</Cell>
<Cell dontCare="false" endCol="0" endRow="6" startCol="0" startRow="6" x0="72" x1="1422" y0="690" y1="752">(64769,1799,257)</Cell>
<Cell dontCare="false" endCol="1" endRow="6" startCol="1" startRow="6" x0="1422" x1="1724" y0="690" y1="752">(64769,1799,514)</Cell>
<Cell dontCare="false" endCol="2" endRow="6" startCol="2" startRow="6" x0="1724" x1="1878" y0="690" y1="752">(64769,1799,771)</Cell>
<Cell dontCare="false" endCol="3" endRow="6" startCol="3" startRow="6" x0="1878" x1="2042" y0="690" y1="752">(64769,1799,1028)</Cell>
<Cell dontCare="false" endCol="0" endRow="7" startCol="0" startRow="7" x0="72" x1="1422" y0="752" y1="814">(64769,2056,257)</Cell>
<Cell dontCare="false" endCol="1" endRow="7" startCol="1" startRow="7" x0="1422" x1="1724" y0="752" y1="814">(64769,2056,514)</Cell>
<Cell dontCare="false" endCol="2" endRow="7" startCol="2" startRow="7" x0="1724" x1="1878" y0="752" y1="814">(64769,2056,771)</Cell>
<Cell dontCare="false" endCol="3" endRow="7" startCol="3" startRow="7" x0="1878" x1="2042" y0="752" y1="814">(64769,2056,1028)</Cell>
<Cell dontCare="false" endCol="0" endRow="8" startCol="0" startRow="8" x0="72" x1="1422" y0="814" y1="886">(64769,2313,257)</Cell>
<Cell dontCare="false" endCol="1" endRow="8" startCol="1" startRow="8" x0="1422" x1="1724" y0="814" y1="886">(64769,2313,514)</Cell>
<Cell dontCare="false" endCol="2" endRow="8" startCol="2" startRow="8" x0="1724" x1="1878" y0="814" y1="886">(64769,2313,771)</Cell>
<Cell dontCare="false" endCol="3" endRow="8" startCol="3" startRow="8" x0="1878" x1="2042" y0="814" y1="886">(64769,2313,1028)</Cell>
<Cell dontCare="false" endCol="0" endRow="9" startCol="0" startRow="9" x0="72" x1="1422" y0="886" y1="942">(64769,2570,257)</Cell>
<Cell dontCare="false" endCol="1" endRow="9" startCol="1" startRow="9" x0="1422" x1="1724" y0="886" y1="942">(64769,2570,514)</Cell>
<Cell dontCare="false" endCol="2" endRow="9" startCol="2" startRow="9" x0="1724" x1="1878" y0="886" y1="942">(64769,2570,771)</Cell>
<Cell dontCare="false" endCol="3" endRow="9" startCol="3" startRow="9" x0="1878" x1="2042" y0="886" y1="942">(64769,2570,1028)</Cell>
<Cell dontCare="false" endCol="0" endRow="10" startCol="0" startRow="10" x0="72" x1="1422" y0="942" y1="998">(64769,2827,257)</Cell>
<Cell dontCare="false" endCol="1" endRow="10" startCol="1" startRow="10" x0="1422" x1="1724" y0="942" y1="998">(64769,2827,514)</Cell>
<Cell dontCare="false" endCol="2" endRow="10" startCol="2" startRow="10" x0="1724" x1="1878" y0="942" y1="998">(64769,2827,771)</Cell>
<Cell dontCare="false" endCol="3" endRow="10" startCol="3" startRow="10" x0="1878" x1="2042" y0="942" y1="998">(64769,2827,1028)</Cell>
<Cell dontCare="false" endCol="0" endRow="11" startCol="0" startRow="11" x0="72" x1="1422" y0="998" y1="1054">(64769,3084,257)</Cell>
<Cell dontCare="false" endCol="1" endRow="11" startCol="1" startRow="11" x0="1422" x1="1724" y0="998" y1="1054">(64769,3084,514)</Cell>
<Cell dontCare="false" endCol="2" endRow="11" startCol="2" startRow="11" x0="1724" x1="1878" y0="998" y1="1054">(64769,3084,771)</Cell>
<Cell dontCare="false" endCol="3" endRow="11" startCol="3" startRow="11" x0="1878" x1="2042" y0="998" y1="1054">(64769,3084,1028)</Cell>
<Cell dontCare="false" endCol="0" endRow="12" startCol="0" startRow="12" x0="72" x1="1422" y0="1054" y1="1158">(64769,3341,257)</Cell>
<Cell dontCare="false" endCol="1" endRow="12" startCol="1" startRow="12" x0="1422" x1="1724" y0="1054" y1="1158">(64769,3341,514)</Cell>
<Cell dontCare="false" endCol="2" endRow="12" startCol="2" startRow="12" x0="1724" x1="1878" y0="1054" y1="1158">(64769,3341,771)</Cell>
<Cell dontCare="false" endCol="3" endRow="12" startCol="3" startRow="12" x0="1878" x1="2042" y0="1054" y1="1158">(64769,3341,1028)</Cell>
</Table>
<Table x0="108" x1="2052" y0="1372" y1="1620">
<Row x0="108" x1="2052" y0="1422" y1="1422"/>
<Row x0="108" x1="2052" y0="1480" y1="1480"/>
<Row x0="108" x1="2052" y0="1534" y1="1534"/>
<Column x0="1498" x1="1498" y0="1372" y1="1620"/>
<Column x0="1740" x1="1740" y0="1372" y1="1620"/>
<Column x0="1896" x1="1896" y0="1372" y1="1620"/>
<Cell dontCare="false" endCol="0" endRow="0" startCol="0" startRow="0" x0="108" x1="1498" y0="1372" y1="1422">(64770,257,257)</Cell>
<Cell dontCare="false" endCol="1" endRow="0" startCol="1" startRow="0" x0="1498" x1="1740" y0="1372" y1="1422">(64770,257,514)</Cell>
<Cell dontCare="false" endCol="2" endRow="0" startCol="2" startRow="0" x0="1740" x1="1896" y0="1372" y1="1422">(64770,257,771)</Cell>
<Cell dontCare="false" endCol="3" endRow="0" startCol="3" startRow="0" x0="1896" x1="2052" y0="1372" y1="1422">(64770,257,1028)</Cell>
<Cell dontCare="false" endCol="0" endRow="1" startCol="0" startRow="1" x0="108" x1="1498" y0="1422" y1="1480">(64770,514,257)</Cell>
<Cell dontCare="false" endCol="1" endRow="1" startCol="1" startRow="1" x0="1498" x1="1740" y0="1422" y1="1480">(64770,514,514)</Cell>
<Cell dontCare="false" endCol="2" endRow="1" startCol="2" startRow="1" x0="1740" x1="1896" y0="1422" y1="1480">(64770,514,771)</Cell>
<Cell dontCare="false" endCol="3" endRow="1" startCol="3" startRow="1" x0="1896" x1="2052" y0="1422" y1="1480">(64770,514,1028)</Cell>
<Cell dontCare="false" endCol="0" endRow="2" startCol="0" startRow="2" x0="108" x1="1498" y0="1480" y1="1534">(64770,771,257)</Cell>
<Cell dontCare="false" endCol="1" endRow="2" startCol="1" startRow="2" x0="1498" x1="1740" y0="1480" y1="1534">(64770,771,514)</Cell>
<Cell dontCare="false" endCol="2" endRow="2" startCol="2" startRow="2" x0="1740" x1="1896" y0="1480" y1="1534">(64770,771,771)</Cell>
<Cell dontCare="false" endCol="3" endRow="2" startCol="3" startRow="2" x0="1896" x1="2052" y0="1480" y1="1534">(64770,771,1028)</Cell>
<Cell dontCare="false" endCol="0" endRow="3" startCol="0" startRow="3" x0="108" x1="1498" y0="1534" y1="1620">(64770,1028,257)</Cell>
<Cell dontCare="false" endCol="1" endRow="3" startCol="1" startRow="3" x0="1498" x1="1740" y0="1534" y1="1620">(64770,1028,514)</Cell>
<Cell dontCare="false" endCol="2" endRow="3" startCol="2" startRow="3" x0="1740" x1="1896" y0="1534" y1="1620">(64770,1028,771)</Cell>
<Cell dontCare="false" endCol="3" endRow="3" startCol="3" startRow="3" x0="1896" x1="2052" y0="1534" y1="1620">(64770,1028,1028)</Cell>
</Table>
<Table x0="104" x1="2040" y0="2234" y1="2512">
<Row x0="104" x1="2040" y0="2282" y1="2282"/>
<Row x0="104" x1="2040" y0="2342" y1="2342"/>
<Row x0="104" x1="2040" y0="2402" y1="2402"/>
<Column x0="1646" x1="1646" y0="2234" y1="2512"/>
<Cell dontCare="false" endCol="0" endRow="0" startCol="0" startRow="0" x0="104" x1="1646" y0="2234" y1="2282">(64771,257,257)</Cell>
<Cell dontCare="false" endCol="1" endRow="0" startCol="1" startRow="0" x0="1646" x1="2040" y0="2234" y1="2282">(64771,257,514)</Cell>
<Cell dontCare="false" endCol="0" endRow="1" startCol="0" startRow="1" x0="104" x1="1646" y0="2282" y1="2342">(64771,514,257)</Cell>
<Cell dontCare="false" endCol="1" endRow="1" startCol="1" startRow="1" x0="1646" x1="2040" y0="2282" y1="2342">(64771,514,514)</Cell>
<Cell dontCare="false" endCol="0" endRow="2" startCol="0" startRow="2" x0="104" x1="1646" y0="2342" y1="2402">(64771,771,257)</Cell>
<Cell dontCare="false" endCol="1" endRow="2" startCol="1" startRow="2" x0="1646" x1="2040" y0="2342" y1="2402">(64771,771,514)</Cell>
<Cell dontCare="false" endCol="0" endRow="3" startCol="0" startRow="3" x0="104" x1="1646" y0="2402" y1="2512">(64771,1028,257)</Cell>
<Cell dontCare="false" endCol="1" endRow="3" startCol="1" startRow="3" x0="1646" x1="2040" y0="2402" y1="2512">(64771,1028,514)</Cell>
</Table>
</Tables>
</GroundTruth>
