<?xml version="1.0" encoding="UTF-8" standalone="no"?>
<GroundTruth InputFile="C:\Dokumente und Einstellungen\mehmood\Desktop\dataset\skew_corrected\unlv_tables_bin_test\9531_073.png">
<Tables>
<Table x0="50" x1="2336" y0="260" y1="2876">
<Row x0="50" x1="2336" y0="384" y1="384"/>
<Row x0="50" x1="2336" y0="510" y1="510"/>
<Row x0="50" x1="2336" y0="560" y1="560"/>
<Row x0="50" x1="2336" y0="616" y1="616"/>
<Row x0="50" x1="2336" y0="666" y1="666"/>
<Row x0="50" x1="2336" y0="704" y1="704"/>
<Row x0="50" x1="2336" y0="756" y1="756"/>
<Row x0="50" x1="2336" y0="812" y1="812"/>
<Row x0="50" x1="2336" y0="860" y1="860"/>
<Row x0="50" x1="2336" y0="900" y1="900"/>
<Row x0="50" x1="2336" y0="946" y1="946"/>
<Row x0="50" x1="2336" y0="1002" y1="1002"/>
<Row x0="50" x1="2336" y0="1042" y1="1042"/>
<Row x0="50" x1="2336" y0="1124" y1="1124"/>
<Row x0="50" x1="2336" y0="1176" y1="1176"/>
<Row x0="50" x1="2336" y0="1218" y1="1218"/>
<Row x0="50" x1="2336" y0="1282" y1="1282"/>
<Row x0="50" x1="2336" y0="1424" y1="1424"/>
<Row x0="50" x1="2336" y0="1464" y1="1464"/>
<Row x0="50" x1="2336" y0="1512" y1="1512"/>
<Row x0="50" x1="2336" y0="1582" y1="1582"/>
<Row x0="50" x1="2336" y0="1640" y1="1640"/>
<Row x0="50" x1="2336" y0="1690" y1="1690"/>
<Row x0="50" x1="2336" y0="1762" y1="1762"/>
<Row x0="50" x1="2336" y0="1804" y1="1804"/>
<Row x0="50" x1="2336" y0="1842" y1="1842"/>
<Row x0="50" x1="2336" y0="1886" y1="1886"/>
<Row x0="50" x1="2336" y0="1924" y1="1924"/>
<Row x0="50" x1="2336" y0="1970" y1="1970"/>
<Row x0="50" x1="2336" y0="2036" y1="2036"/>
<Row x0="50" x1="2336" y0="2114" y1="2114"/>
<Row x0="50" x1="2336" y0="2154" y1="2154"/>
<Row x0="50" x1="2336" y0="2194" y1="2194"/>
<Row x0="50" x1="2336" y0="2240" y1="2240"/>
<Row x0="50" x1="2336" y0="2286" y1="2286"/>
<Row x0="50" x1="2336" y0="2424" y1="2424"/>
<Row x0="50" x1="2336" y0="2470" y1="2470"/>
<Row x0="50" x1="2336" y0="2508" y1="2508"/>
<Row x0="50" x1="2336" y0="2546" y1="2546"/>
<Row x0="50" x1="2336" y0="2596" y1="2596"/>
<Row x0="50" x1="2336" y0="2656" y1="2656"/>
<Column x0="473" x1="473" y0="260" y1="2876"/>
<Column x0="780" x1="780" y0="260" y1="2876"/>
<Column x0="1070" x1="1070" y0="260" y1="2876"/>
<Column x0="1363" x1="1363" y0="260" y1="2876"/>
<Column x0="1676" x1="1676" y0="260" y1="2876"/>
<Column x0="1956" x1="1956" y0="260" y1="2876"/>
<Cell dontCare="false" endCol="0" endRow="0" startCol="0" startRow="0" x0="50" x1="473" y0="260" y1="384">(64769,257,257)</Cell>
<Cell dontCare="false" endCol="1" endRow="0" startCol="1" startRow="0" x0="473" x1="780" y0="260" y1="384">(64769,257,514)</Cell>
<Cell dontCare="false" endCol="2" endRow="0" startCol="2" startRow="0" x0="780" x1="1070" y0="260" y1="384">(64769,257,771)</Cell>
<Cell dontCare="false" endCol="3" endRow="0" startCol="3" startRow="0" x0="1070" x1="1363" y0="260" y1="384">(64769,257,1028)</Cell>
<Cell dontCare="false" endCol="4" endRow="0" startCol="4" startRow="0" x0="1363" x1="1676" y0="260" y1="384">(64769,257,1285)</Cell>
<Cell dontCare="false" endCol="5" endRow="0" startCol="5" startRow="0" x0="1676" x1="1956" y0="260" y1="384">(64769,257,1542)</Cell>
<Cell dontCare="false" endCol="6" endRow="0" startCol="6" startRow="0" x0="1956" x1="2336" y0="260" y1="384">(64769,257,1799)</Cell>
<Cell dontCare="false" endCol="0" endRow="1" startCol="0" startRow="1" x0="50" x1="473" y0="384" y1="510">(64769,514,257)</Cell>
<Cell dontCare="false" endCol="1" endRow="1" startCol="1" startRow="1" x0="473" x1="780" y0="384" y1="510">(64769,514,514)</Cell>
<Cell dontCare="false" endCol="2" endRow="1" startCol="2" startRow="1" x0="780" x1="1070" y0="384" y1="510">(64769,514,771)</Cell>
<Cell dontCare="false" endCol="3" endRow="1" startCol="3" startRow="1" x0="1070" x1="1363" y0="384" y1="510">(64769,514,1028)</Cell>
<Cell dontCare="false" endCol="4" endRow="1" startCol="4" startRow="1" x0="1363" x1="1676" y0="384" y1="510">(64769,514,1285)</Cell>
<Cell dontCare="false" endCol="5" endRow="1" startCol="5" startRow="1" x0="1676" x1="1956" y0="384" y1="510">(64769,514,1542)</Cell>
<Cell dontCare="false" endCol="6" endRow="1" startCol="6" startRow="1" x0="1956" x1="2336" y0="384" y1="510">(64769,514,1799)</Cell>
<Cell dontCare="false" endCol="0" endRow="2" startCol="0" startRow="2" x0="50" x1="473" y0="510" y1="560">(64769,771,257)</Cell>
<Cell dontCare="false" endCol="1" endRow="2" startCol="1" startRow="2" x0="473" x1="780" y0="510" y1="560">(64769,771,514)</Cell>
<Cell dontCare="false" endCol="2" endRow="2" startCol="2" startRow="2" x0="780" x1="1070" y0="510" y1="560">(64769,771,771)</Cell>
<Cell dontCare="false" endCol="3" endRow="2" startCol="3" startRow="2" x0="1070" x1="1363" y0="510" y1="560">(64769,771,1028)</Cell>
<Cell dontCare="false" endCol="4" endRow="2" startCol="4" startRow="2" x0="1363" x1="1676" y0="510" y1="560">(64769,771,1285)</Cell>
<Cell dontCare="false" endCol="5" endRow="2" startCol="5" startRow="2" x0="1676" x1="1956" y0="510" y1="560">(64769,771,1542)</Cell>
<Cell dontCare="false" endCol="6" endRow="2" startCol="6" startRow="2" x0="1956" x1="2336" y0="510" y1="560">(64769,771,1799)</Cell>
<Cell dontCare="false" endCol="0" endRow="3" startCol="0" startRow="3" x0="50" x1="473" y0="560" y1="616">(64769,1028,257)</Cell>
<Cell dontCare="false" endCol="1" endRow="3" startCol="1" startRow="3" x0="473" x1="780" y0="560" y1="616">(64769,1028,514)</Cell>
<Cell dontCare="false" endCol="2" endRow="3" startCol="2" startRow="3" x0="780" x1="1070" y0="560" y1="616">(64769,1028,771)</Cell>
<Cell dontCare="false" endCol="3" endRow="3" startCol="3" startRow="3" x0="1070" x1="1363" y0="560" y1="616">(64769,1028,1028)</Cell>
<Cell dontCare="false" endCol="4" endRow="3" startCol="4" startRow="3" x0="1363" x1="1676" y0="560" y1="616">(64769,1028,1285)</Cell>
<Cell dontCare="false" endCol="5" endRow="3" startCol="5" startRow="3" x0="1676" x1="1956" y0="560" y1="616">(64769,1028,1542)</Cell>
<Cell dontCare="false" endCol="6" endRow="3" startCol="6" startRow="3" x0="1956" x1="2336" y0="560" y1="616">(64769,1028,1799)</Cell>
<Cell dontCare="false" endCol="0" endRow="4" startCol="0" startRow="4" x0="50" x1="473" y0="616" y1="666">(64769,1285,257)</Cell>
<Cell dontCare="false" endCol="1" endRow="4" startCol="1" startRow="4" x0="473" x1="780" y0="616" y1="666">(64769,1285,514)</Cell>
<Cell dontCare="false" endCol="2" endRow="4" startCol="2" startRow="4" x0="780" x1="1070" y0="616" y1="666">(64769,1285,771)</Cell>
<Cell dontCare="false" endCol="3" endRow="4" startCol="3" startRow="4" x0="1070" x1="1363" y0="616" y1="666">(64769,1285,1028)</Cell>
<Cell dontCare="false" endCol="4" endRow="4" startCol="4" startRow="4" x0="1363" x1="1676" y0="616" y1="666">(64769,1285,1285)</Cell>
<Cell dontCare="false" endCol="5" endRow="4" startCol="5" startRow="4" x0="1676" x1="1956" y0="616" y1="666">(64769,1285,1542)</Cell>
<Cell dontCare="false" endCol="6" endRow="4" startCol="6" startRow="4" x0="1956" x1="2336" y0="616" y1="666">(64769,1285,1799)</Cell>
<Cell dontCare="false" endCol="0" endRow="5" startCol="0" startRow="5" x0="50" x1="473" y0="666" y1="704">(64769,1542,257)</Cell>
<Cell dontCare="false" endCol="1" endRow="5" startCol="1" startRow="5" x0="473" x1="780" y0="666" y1="704">(64769,1542,514)</Cell>
<Cell dontCare="false" endCol="2" endRow="5" startCol="2" startRow="5" x0="780" x1="1070" y0="666" y1="704">(64769,1542,771)</Cell>
<Cell dontCare="false" endCol="3" endRow="5" startCol="3" startRow="5" x0="1070" x1="1363" y0="666" y1="704">(64769,1542,1028)</Cell>
<Cell dontCare="false" endCol="4" endRow="5" startCol="4" startRow="5" x0="1363" x1="1676" y0="666" y1="704">(64769,1542,1285)</Cell>
<Cell dontCare="false" endCol="5" endRow="5" startCol="5" startRow="5" x0="1676" x1="1956" y0="666" y1="704">(64769,1542,1542)</Cell>
<Cell dontCare="false" endCol="6" endRow="5" startCol="6" startRow="5" x0="1956" x1="2336" y0="666" y1="704">(64769,1542,1799)</Cell>
<Cell dontCare="false" endCol="0" endRow="6" startCol="0" startRow="6" x0="50" x1="473" y0="704" y1="756">(64769,1799,257)</Cell>
<Cell dontCare="false" endCol="1" endRow="6" startCol="1" startRow="6" x0="473" x1="780" y0="704" y1="756">(64769,1799,514)</Cell>
<Cell dontCare="false" endCol="2" endRow="6" startCol="2" startRow="6" x0="780" x1="1070" y0="704" y1="756">(64769,1799,771)</Cell>
<Cell dontCare="false" endCol="3" endRow="6" startCol="3" startRow="6" x0="1070" x1="1363" y0="704" y1="756">(64769,1799,1028)</Cell>
<Cell dontCare="false" endCol="4" endRow="6" startCol="4" startRow="6" x0="1363" x1="1676" y0="704" y1="756">(64769,1799,1285)</Cell>
<Cell dontCare="false" endCol="5" endRow="6" startCol="5" startRow="6" x0="1676" x1="1956" y0="704" y1="756">(64769,1799,1542)</Cell>
<Cell dontCare="false" endCol="6" endRow="6" startCol="6" startRow="6" x0="1956" x1="2336" y0="704" y1="756">(64769,1799,1799)</Cell>
<Cell dontCare="false" endCol="0" endRow="7" startCol="0" startRow="7" x0="50" x1="473" y0="756" y1="812">(64769,2056,257)</Cell>
<Cell dontCare="false" endCol="1" endRow="7" startCol="1" startRow="7" x0="473" x1="780" y0="756" y1="812">(64769,2056,514)</Cell>
<Cell dontCare="false" endCol="2" endRow="7" startCol="2" startRow="7" x0="780" x1="1070" y0="756" y1="812">(64769,2056,771)</Cell>
<Cell dontCare="false" endCol="3" endRow="7" startCol="3" startRow="7" x0="1070" x1="1363" y0="756" y1="812">(64769,2056,1028)</Cell>
<Cell dontCare="false" endCol="4" endRow="7" startCol="4" startRow="7" x0="1363" x1="1676" y0="756" y1="812">(64769,2056,1285)</Cell>
<Cell dontCare="false" endCol="5" endRow="7" startCol="5" startRow="7" x0="1676" x1="1956" y0="756" y1="812">(64769,2056,1542)</Cell>
<Cell dontCare="false" endCol="6" endRow="7" startCol="6" startRow="7" x0="1956" x1="2336" y0="756" y1="812">(64769,2056,1799)</Cell>
<Cell dontCare="false" endCol="0" endRow="8" startCol="0" startRow="8" x0="50" x1="473" y0="812" y1="860">(64769,2313,257)</Cell>
<Cell dontCare="false" endCol="1" endRow="8" startCol="1" startRow="8" x0="473" x1="780" y0="812" y1="860">(64769,2313,514)</Cell>
<Cell dontCare="false" endCol="2" endRow="8" startCol="2" startRow="8" x0="780" x1="1070" y0="812" y1="860">(64769,2313,771)</Cell>
<Cell dontCare="false" endCol="3" endRow="8" startCol="3" startRow="8" x0="1070" x1="1363" y0="812" y1="860">(64769,2313,1028)</Cell>
<Cell dontCare="false" endCol="4" endRow="8" startCol="4" startRow="8" x0="1363" x1="1676" y0="812" y1="860">(64769,2313,1285)</Cell>
<Cell dontCare="false" endCol="5" endRow="8" startCol="5" startRow="8" x0="1676" x1="1956" y0="812" y1="860">(64769,2313,1542)</Cell>
<Cell dontCare="false" endCol="6" endRow="8" startCol="6" startRow="8" x0="1956" x1="2336" y0="812" y1="860">(64769,2313,1799)</Cell>
<Cell dontCare="false" endCol="0" endRow="9" startCol="0" startRow="9" x0="50" x1="473" y0="860" y1="900">(64769,2570,257)</Cell>
<Cell dontCare="false" endCol="1" endRow="9" startCol="1" startRow="9" x0="473" x1="780" y0="860" y1="900">(64769,2570,514)</Cell>
<Cell dontCare="false" endCol="2" endRow="9" startCol="2" startRow="9" x0="780" x1="1070" y0="860" y1="900">(64769,2570,771)</Cell>
<Cell dontCare="false" endCol="3" endRow="9" startCol="3" startRow="9" x0="1070" x1="1363" y0="860" y1="900">(64769,2570,1028)</Cell>
<Cell dontCare="false" endCol="4" endRow="9" startCol="4" startRow="9" x0="1363" x1="1676" y0="860" y1="900">(64769,2570,1285)</Cell>
<Cell dontCare="false" endCol="5" endRow="9" startCol="5" startRow="9" x0="1676" x1="1956" y0="860" y1="900">(64769,2570,1542)</Cell>
<Cell dontCare="false" endCol="6" endRow="9" startCol="6" startRow="9" x0="1956" x1="2336" y0="860" y1="900">(64769,2570,1799)</Cell>
<Cell dontCare="false" endCol="0" endRow="10" startCol="0" startRow="10" x0="50" x1="473" y0="900" y1="946">(64769,2827,257)</Cell>
<Cell dontCare="false" endCol="1" endRow="10" startCol="1" startRow="10" x0="473" x1="780" y0="900" y1="946">(64769,2827,514)</Cell>
<Cell dontCare="false" endCol="2" endRow="10" startCol="2" startRow="10" x0="780" x1="1070" y0="900" y1="946">(64769,2827,771)</Cell>
<Cell dontCare="false" endCol="3" endRow="10" startCol="3" startRow="10" x0="1070" x1="1363" y0="900" y1="946">(64769,2827,1028)</Cell>
<Cell dontCare="false" endCol="4" endRow="10" startCol="4" startRow="10" x0="1363" x1="1676" y0="900" y1="946">(64769,2827,1285)</Cell>
<Cell dontCare="false" endCol="5" endRow="10" startCol="5" startRow="10" x0="1676" x1="1956" y0="900" y1="946">(64769,2827,1542)</Cell>
<Cell dontCare="false" endCol="6" endRow="10" startCol="6" startRow="10" x0="1956" x1="2336" y0="900" y1="946">(64769,2827,1799)</Cell>
<Cell dontCare="false" endCol="0" endRow="11" startCol="0" startRow="11" x0="50" x1="473" y0="946" y1="1002">(64769,3084,257)</Cell>
<Cell dontCare="false" endCol="1" endRow="11" startCol="1" startRow="11" x0="473" x1="780" y0="946" y1="1002">(64769,3084,514)</Cell>
<Cell dontCare="false" endCol="2" endRow="11" startCol="2" startRow="11" x0="780" x1="1070" y0="946" y1="1002">(64769,3084,771)</Cell>
<Cell dontCare="false" endCol="3" endRow="11" startCol="3" startRow="11" x0="1070" x1="1363" y0="946" y1="1002">(64769,3084,1028)</Cell>
<Cell dontCare="false" endCol="4" endRow="11" startCol="4" startRow="11" x0="1363" x1="1676" y0="946" y1="1002">(64769,3084,1285)</Cell>
<Cell dontCare="false" endCol="5" endRow="11" startCol="5" startRow="11" x0="1676" x1="1956" y0="946" y1="1002">(64769,3084,1542)</Cell>
<Cell dontCare="false" endCol="6" endRow="11" startCol="6" startRow="11" x0="1956" x1="2336" y0="946" y1="1002">(64769,3084,1799)</Cell>
<Cell dontCare="false" endCol="0" endRow="12" startCol="0" startRow="12" x0="50" x1="473" y0="1002" y1="1042">(64769,3341,257)</Cell>
<Cell dontCare="false" endCol="1" endRow="12" startCol="1" startRow="12" x0="473" x1="780" y0="1002" y1="1042">(64769,3341,514)</Cell>
<Cell dontCare="false" endCol="2" endRow="12" startCol="2" startRow="12" x0="780" x1="1070" y0="1002" y1="1042">(64769,3341,771)</Cell>
<Cell dontCare="false" endCol="3" endRow="12" startCol="3" startRow="12" x0="1070" x1="1363" y0="1002" y1="1042">(64769,3341,1028)</Cell>
<Cell dontCare="false" endCol="4" endRow="12" startCol="4" startRow="12" x0="1363" x1="1676" y0="1002" y1="1042">(64769,3341,1285)</Cell>
<Cell dontCare="false" endCol="5" endRow="12" startCol="5" startRow="12" x0="1676" x1="1956" y0="1002" y1="1042">(64769,3341,1542)</Cell>
<Cell dontCare="false" endCol="6" endRow="12" startCol="6" startRow="12" x0="1956" x1="2336" y0="1002" y1="1042">(64769,3341,1799)</Cell>
<Cell dontCare="false" endCol="0" endRow="13" startCol="0" startRow="13" x0="50" x1="473" y0="1042" y1="1124">(64769,3598,257)</Cell>
<Cell dontCare="false" endCol="1" endRow="13" startCol="1" startRow="13" x0="473" x1="780" y0="1042" y1="1124">(64769,3598,514)</Cell>
<Cell dontCare="false" endCol="2" endRow="13" startCol="2" startRow="13" x0="780" x1="1070" y0="1042" y1="1124">(64769,3598,771)</Cell>
<Cell dontCare="false" endCol="3" endRow="13" startCol="3" startRow="13" x0="1070" x1="1363" y0="1042" y1="1124">(64769,3598,1028)</Cell>
<Cell dontCare="false" endCol="4" endRow="13" startCol="4" startRow="13" x0="1363" x1="1676" y0="1042" y1="1124">(64769,3598,1285)</Cell>
<Cell dontCare="false" endCol="5" endRow="13" startCol="5" startRow="13" x0="1676" x1="1956" y0="1042" y1="1124">(64769,3598,1542)</Cell>
<Cell dontCare="false" endCol="6" endRow="13" startCol="6" startRow="13" x0="1956" x1="2336" y0="1042" y1="1124">(64769,3598,1799)</Cell>
<Cell dontCare="false" endCol="0" endRow="14" startCol="0" startRow="14" x0="50" x1="473" y0="1124" y1="1176">(64769,3855,257)</Cell>
<Cell dontCare="false" endCol="1" endRow="14" startCol="1" startRow="14" x0="473" x1="780" y0="1124" y1="1176">(64769,3855,514)</Cell>
<Cell dontCare="false" endCol="2" endRow="14" startCol="2" startRow="14" x0="780" x1="1070" y0="1124" y1="1176">(64769,3855,771)</Cell>
<Cell dontCare="false" endCol="3" endRow="14" startCol="3" startRow="14" x0="1070" x1="1363" y0="1124" y1="1176">(64769,3855,1028)</Cell>
<Cell dontCare="false" endCol="4" endRow="14" startCol="4" startRow="14" x0="1363" x1="1676" y0="1124" y1="1176">(64769,3855,1285)</Cell>
<Cell dontCare="false" endCol="5" endRow="14" startCol="5" startRow="14" x0="1676" x1="1956" y0="1124" y1="1176">(64769,3855,1542)</Cell>
<Cell dontCare="false" endCol="6" endRow="14" startCol="6" startRow="14" x0="1956" x1="2336" y0="1124" y1="1176">(64769,3855,1799)</Cell>
<Cell dontCare="false" endCol="0" endRow="15" startCol="0" startRow="15" x0="50" x1="473" y0="1176" y1="1218">(64769,4112,257)</Cell>
<Cell dontCare="false" endCol="1" endRow="15" startCol="1" startRow="15" x0="473" x1="780" y0="1176" y1="1218">(64769,4112,514)</Cell>
<Cell dontCare="false" endCol="2" endRow="15" startCol="2" startRow="15" x0="780" x1="1070" y0="1176" y1="1218">(64769,4112,771)</Cell>
<Cell dontCare="false" endCol="3" endRow="15" startCol="3" startRow="15" x0="1070" x1="1363" y0="1176" y1="1218">(64769,4112,1028)</Cell>
<Cell dontCare="false" endCol="4" endRow="15" startCol="4" startRow="15" x0="1363" x1="1676" y0="1176" y1="1218">(64769,4112,1285)</Cell>
<Cell dontCare="false" endCol="5" endRow="15" startCol="5" startRow="15" x0="1676" x1="1956" y0="1176" y1="1218">(64769,4112,1542)</Cell>
<Cell dontCare="false" endCol="6" endRow="15" startCol="6" startRow="15" x0="1956" x1="2336" y0="1176" y1="1218">(64769,4112,1799)</Cell>
<Cell dontCare="false" endCol="0" endRow="16" startCol="0" startRow="16" x0="50" x1="473" y0="1218" y1="1282">(64769,4369,257)</Cell>
<Cell dontCare="false" endCol="1" endRow="16" startCol="1" startRow="16" x0="473" x1="780" y0="1218" y1="1282">(64769,4369,514)</Cell>
<Cell dontCare="false" endCol="2" endRow="16" startCol="2" startRow="16" x0="780" x1="1070" y0="1218" y1="1282">(64769,4369,771)</Cell>
<Cell dontCare="false" endCol="3" endRow="16" startCol="3" startRow="16" x0="1070" x1="1363" y0="1218" y1="1282">(64769,4369,1028)</Cell>
<Cell dontCare="false" endCol="4" endRow="16" startCol="4" startRow="16" x0="1363" x1="1676" y0="1218" y1="1282">(64769,4369,1285)</Cell>
<Cell dontCare="false" endCol="5" endRow="16" startCol="5" startRow="16" x0="1676" x1="1956" y0="1218" y1="1282">(64769,4369,1542)</Cell>
<Cell dontCare="false" endCol="6" endRow="16" startCol="6" startRow="16" x0="1956" x1="2336" y0="1218" y1="1282">(64769,4369,1799)</Cell>
<Cell dontCare="false" endCol="0" endRow="17" startCol="0" startRow="17" x0="50" x1="473" y0="1282" y1="1424">(64769,4626,257)</Cell>
<Cell dontCare="false" endCol="1" endRow="17" startCol="1" startRow="17" x0="473" x1="780" y0="1282" y1="1424">(64769,4626,514)</Cell>
<Cell dontCare="false" endCol="2" endRow="17" startCol="2" startRow="17" x0="780" x1="1070" y0="1282" y1="1424">(64769,4626,771)</Cell>
<Cell dontCare="false" endCol="3" endRow="17" startCol="3" startRow="17" x0="1070" x1="1363" y0="1282" y1="1424">(64769,4626,1028)</Cell>
<Cell dontCare="false" endCol="4" endRow="17" startCol="4" startRow="17" x0="1363" x1="1676" y0="1282" y1="1424">(64769,4626,1285)</Cell>
<Cell dontCare="false" endCol="5" endRow="17" startCol="5" startRow="17" x0="1676" x1="1956" y0="1282" y1="1424">(64769,4626,1542)</Cell>
<Cell dontCare="false" endCol="6" endRow="17" startCol="6" startRow="17" x0="1956" x1="2336" y0="1282" y1="1424">(64769,4626,1799)</Cell>
<Cell dontCare="false" endCol="0" endRow="18" startCol="0" startRow="18" x0="50" x1="473" y0="1424" y1="1464">(64769,4883,257)</Cell>
<Cell dontCare="false" endCol="1" endRow="18" startCol="1" startRow="18" x0="473" x1="780" y0="1424" y1="1464">(64769,4883,514)</Cell>
<Cell dontCare="false" endCol="2" endRow="18" startCol="2" startRow="18" x0="780" x1="1070" y0="1424" y1="1464">(64769,4883,771)</Cell>
<Cell dontCare="false" endCol="3" endRow="18" startCol="3" startRow="18" x0="1070" x1="1363" y0="1424" y1="1464">(64769,4883,1028)</Cell>
<Cell dontCare="false" endCol="4" endRow="18" startCol="4" startRow="18" x0="1363" x1="1676" y0="1424" y1="1464">(64769,4883,1285)</Cell>
<Cell dontCare="false" endCol="5" endRow="18" startCol="5" startRow="18" x0="1676" x1="1956" y0="1424" y1="1464">(64769,4883,1542)</Cell>
<Cell dontCare="false" endCol="6" endRow="18" startCol="6" startRow="18" x0="1956" x1="2336" y0="1424" y1="1464">(64769,4883,1799)</Cell>
<Cell dontCare="false" endCol="0" endRow="19" startCol="0" startRow="19" x0="50" x1="473" y0="1464" y1="1512">(64769,5140,257)</Cell>
<Cell dontCare="false" endCol="1" endRow="19" startCol="1" startRow="19" x0="473" x1="780" y0="1464" y1="1512">(64769,5140,514)</Cell>
<Cell dontCare="false" endCol="2" endRow="19" startCol="2" startRow="19" x0="780" x1="1070" y0="1464" y1="1512">(64769,5140,771)</Cell>
<Cell dontCare="false" endCol="3" endRow="19" startCol="3" startRow="19" x0="1070" x1="1363" y0="1464" y1="1512">(64769,5140,1028)</Cell>
<Cell dontCare="false" endCol="4" endRow="19" startCol="4" startRow="19" x0="1363" x1="1676" y0="1464" y1="1512">(64769,5140,1285)</Cell>
<Cell dontCare="false" endCol="5" endRow="19" startCol="5" startRow="19" x0="1676" x1="1956" y0="1464" y1="1512">(64769,5140,1542)</Cell>
<Cell dontCare="false" endCol="6" endRow="19" startCol="6" startRow="19" x0="1956" x1="2336" y0="1464" y1="1512">(64769,5140,1799)</Cell>
<Cell dontCare="false" endCol="0" endRow="20" startCol="0" startRow="20" x0="50" x1="473" y0="1512" y1="1582">(64769,5397,257)</Cell>
<Cell dontCare="false" endCol="1" endRow="20" startCol="1" startRow="20" x0="473" x1="780" y0="1512" y1="1582">(64769,5397,514)</Cell>
<Cell dontCare="false" endCol="2" endRow="20" startCol="2" startRow="20" x0="780" x1="1070" y0="1512" y1="1582">(64769,5397,771)</Cell>
<Cell dontCare="false" endCol="3" endRow="20" startCol="3" startRow="20" x0="1070" x1="1363" y0="1512" y1="1582">(64769,5397,1028)</Cell>
<Cell dontCare="false" endCol="4" endRow="20" startCol="4" startRow="20" x0="1363" x1="1676" y0="1512" y1="1582">(64769,5397,1285)</Cell>
<Cell dontCare="false" endCol="5" endRow="20" startCol="5" startRow="20" x0="1676" x1="1956" y0="1512" y1="1582">(64769,5397,1542)</Cell>
<Cell dontCare="false" endCol="6" endRow="20" startCol="6" startRow="20" x0="1956" x1="2336" y0="1512" y1="1582">(64769,5397,1799)</Cell>
<Cell dontCare="false" endCol="0" endRow="21" startCol="0" startRow="21" x0="50" x1="473" y0="1582" y1="1640">(64769,5654,257)</Cell>
<Cell dontCare="false" endCol="1" endRow="21" startCol="1" startRow="21" x0="473" x1="780" y0="1582" y1="1640">(64769,5654,514)</Cell>
<Cell dontCare="false" endCol="2" endRow="21" startCol="2" startRow="21" x0="780" x1="1070" y0="1582" y1="1640">(64769,5654,771)</Cell>
<Cell dontCare="false" endCol="3" endRow="21" startCol="3" startRow="21" x0="1070" x1="1363" y0="1582" y1="1640">(64769,5654,1028)</Cell>
<Cell dontCare="false" endCol="4" endRow="21" startCol="4" startRow="21" x0="1363" x1="1676" y0="1582" y1="1640">(64769,5654,1285)</Cell>
<Cell dontCare="false" endCol="5" endRow="21" startCol="5" startRow="21" x0="1676" x1="1956" y0="1582" y1="1640">(64769,5654,1542)</Cell>
<Cell dontCare="false" endCol="6" endRow="21" startCol="6" startRow="21" x0="1956" x1="2336" y0="1582" y1="1640">(64769,5654,1799)</Cell>
<Cell dontCare="false" endCol="0" endRow="22" startCol="0" startRow="22" x0="50" x1="473" y0="1640" y1="1690">(64769,5911,257)</Cell>
<Cell dontCare="false" endCol="1" endRow="22" startCol="1" startRow="22" x0="473" x1="780" y0="1640" y1="1690">(64769,5911,514)</Cell>
<Cell dontCare="false" endCol="2" endRow="22" startCol="2" startRow="22" x0="780" x1="1070" y0="1640" y1="1690">(64769,5911,771)</Cell>
<Cell dontCare="false" endCol="3" endRow="22" startCol="3" startRow="22" x0="1070" x1="1363" y0="1640" y1="1690">(64769,5911,1028)</Cell>
<Cell dontCare="false" endCol="4" endRow="22" startCol="4" startRow="22" x0="1363" x1="1676" y0="1640" y1="1690">(64769,5911,1285)</Cell>
<Cell dontCare="false" endCol="5" endRow="22" startCol="5" startRow="22" x0="1676" x1="1956" y0="1640" y1="1690">(64769,5911,1542)</Cell>
<Cell dontCare="false" endCol="6" endRow="22" startCol="6" startRow="22" x0="1956" x1="2336" y0="1640" y1="1690">(64769,5911,1799)</Cell>
<Cell dontCare="false" endCol="0" endRow="23" startCol="0" startRow="23" x0="50" x1="473" y0="1690" y1="1762">(64769,6168,257)</Cell>
<Cell dontCare="false" endCol="1" endRow="23" startCol="1" startRow="23" x0="473" x1="780" y0="1690" y1="1762">(64769,6168,514)</Cell>
<Cell dontCare="false" endCol="2" endRow="23" startCol="2" startRow="23" x0="780" x1="1070" y0="1690" y1="1762">(64769,6168,771)</Cell>
<Cell dontCare="false" endCol="3" endRow="23" startCol="3" startRow="23" x0="1070" x1="1363" y0="1690" y1="1762">(64769,6168,1028)</Cell>
<Cell dontCare="false" endCol="4" endRow="23" startCol="4" startRow="23" x0="1363" x1="1676" y0="1690" y1="1762">(64769,6168,1285)</Cell>
<Cell dontCare="false" endCol="5" endRow="23" startCol="5" startRow="23" x0="1676" x1="1956" y0="1690" y1="1762">(64769,6168,1542)</Cell>
<Cell dontCare="false" endCol="6" endRow="23" startCol="6" startRow="23" x0="1956" x1="2336" y0="1690" y1="1762">(64769,6168,1799)</Cell>
<Cell dontCare="false" endCol="0" endRow="24" startCol="0" startRow="24" x0="50" x1="473" y0="1762" y1="1804">(64769,6425,257)</Cell>
<Cell dontCare="false" endCol="1" endRow="24" startCol="1" startRow="24" x0="473" x1="780" y0="1762" y1="1804">(64769,6425,514)</Cell>
<Cell dontCare="false" endCol="2" endRow="24" startCol="2" startRow="24" x0="780" x1="1070" y0="1762" y1="1804">(64769,6425,771)</Cell>
<Cell dontCare="false" endCol="3" endRow="24" startCol="3" startRow="24" x0="1070" x1="1363" y0="1762" y1="1804">(64769,6425,1028)</Cell>
<Cell dontCare="false" endCol="4" endRow="24" startCol="4" startRow="24" x0="1363" x1="1676" y0="1762" y1="1804">(64769,6425,1285)</Cell>
<Cell dontCare="false" endCol="5" endRow="24" startCol="5" startRow="24" x0="1676" x1="1956" y0="1762" y1="1804">(64769,6425,1542)</Cell>
<Cell dontCare="false" endCol="6" endRow="24" startCol="6" startRow="24" x0="1956" x1="2336" y0="1762" y1="1804">(64769,6425,1799)</Cell>
<Cell dontCare="false" endCol="0" endRow="25" startCol="0" startRow="25" x0="50" x1="473" y0="1804" y1="1842">(64769,6682,257)</Cell>
<Cell dontCare="false" endCol="1" endRow="25" startCol="1" startRow="25" x0="473" x1="780" y0="1804" y1="1842">(64769,6682,514)</Cell>
<Cell dontCare="false" endCol="2" endRow="25" startCol="2" startRow="25" x0="780" x1="1070" y0="1804" y1="1842">(64769,6682,771)</Cell>
<Cell dontCare="false" endCol="3" endRow="25" startCol="3" startRow="25" x0="1070" x1="1363" y0="1804" y1="1842">(64769,6682,1028)</Cell>
<Cell dontCare="false" endCol="4" endRow="25" startCol="4" startRow="25" x0="1363" x1="1676" y0="1804" y1="1842">(64769,6682,1285)</Cell>
<Cell dontCare="false" endCol="5" endRow="25" startCol="5" startRow="25" x0="1676" x1="1956" y0="1804" y1="1842">(64769,6682,1542)</Cell>
<Cell dontCare="false" endCol="6" endRow="25" startCol="6" startRow="25" x0="1956" x1="2336" y0="1804" y1="1842">(64769,6682,1799)</Cell>
<Cell dontCare="false" endCol="0" endRow="26" startCol="0" startRow="26" x0="50" x1="473" y0="1842" y1="1886">(64769,6939,257)</Cell>
<Cell dontCare="false" endCol="1" endRow="26" startCol="1" startRow="26" x0="473" x1="780" y0="1842" y1="1886">(64769,6939,514)</Cell>
<Cell dontCare="false" endCol="2" endRow="26" startCol="2" startRow="26" x0="780" x1="1070" y0="1842" y1="1886">(64769,6939,771)</Cell>
<Cell dontCare="false" endCol="3" endRow="26" startCol="3" startRow="26" x0="1070" x1="1363" y0="1842" y1="1886">(64769,6939,1028)</Cell>
<Cell dontCare="false" endCol="4" endRow="26" startCol="4" startRow="26" x0="1363" x1="1676" y0="1842" y1="1886">(64769,6939,1285)</Cell>
<Cell dontCare="false" endCol="5" endRow="26" startCol="5" startRow="26" x0="1676" x1="1956" y0="1842" y1="1886">(64769,6939,1542)</Cell>
<Cell dontCare="false" endCol="6" endRow="26" startCol="6" startRow="26" x0="1956" x1="2336" y0="1842" y1="1886">(64769,6939,1799)</Cell>
<Cell dontCare="false" endCol="0" endRow="27" startCol="0" startRow="27" x0="50" x1="473" y0="1886" y1="1924">(64769,7196,257)</Cell>
<Cell dontCare="false" endCol="1" endRow="27" startCol="1" startRow="27" x0="473" x1="780" y0="1886" y1="1924">(64769,7196,514)</Cell>
<Cell dontCare="false" endCol="2" endRow="27" startCol="2" startRow="27" x0="780" x1="1070" y0="1886" y1="1924">(64769,7196,771)</Cell>
<Cell dontCare="false" endCol="3" endRow="27" startCol="3" startRow="27" x0="1070" x1="1363" y0="1886" y1="1924">(64769,7196,1028)</Cell>
<Cell dontCare="false" endCol="4" endRow="27" startCol="4" startRow="27" x0="1363" x1="1676" y0="1886" y1="1924">(64769,7196,1285)</Cell>
<Cell dontCare="false" endCol="5" endRow="27" startCol="5" startRow="27" x0="1676" x1="1956" y0="1886" y1="1924">(64769,7196,1542)</Cell>
<Cell dontCare="false" endCol="6" endRow="27" startCol="6" startRow="27" x0="1956" x1="2336" y0="1886" y1="1924">(64769,7196,1799)</Cell>
<Cell dontCare="false" endCol="0" endRow="28" startCol="0" startRow="28" x0="50" x1="473" y0="1924" y1="1970">(64769,7453,257)</Cell>
<Cell dontCare="false" endCol="1" endRow="28" startCol="1" startRow="28" x0="473" x1="780" y0="1924" y1="1970">(64769,7453,514)</Cell>
<Cell dontCare="false" endCol="2" endRow="28" startCol="2" startRow="28" x0="780" x1="1070" y0="1924" y1="1970">(64769,7453,771)</Cell>
<Cell dontCare="false" endCol="3" endRow="28" startCol="3" startRow="28" x0="1070" x1="1363" y0="1924" y1="1970">(64769,7453,1028)</Cell>
<Cell dontCare="false" endCol="4" endRow="28" startCol="4" startRow="28" x0="1363" x1="1676" y0="1924" y1="1970">(64769,7453,1285)</Cell>
<Cell dontCare="false" endCol="5" endRow="28" startCol="5" startRow="28" x0="1676" x1="1956" y0="1924" y1="1970">(64769,7453,1542)</Cell>
<Cell dontCare="false" endCol="6" endRow="28" startCol="6" startRow="28" x0="1956" x1="2336" y0="1924" y1="1970">(64769,7453,1799)</Cell>
<Cell dontCare="false" endCol="0" endRow="29" startCol="0" startRow="29" x0="50" x1="473" y0="1970" y1="2036">(64769,7710,257)</Cell>
<Cell dontCare="false" endCol="1" endRow="29" startCol="1" startRow="29" x0="473" x1="780" y0="1970" y1="2036">(64769,7710,514)</Cell>
<Cell dontCare="false" endCol="2" endRow="29" startCol="2" startRow="29" x0="780" x1="1070" y0="1970" y1="2036">(64769,7710,771)</Cell>
<Cell dontCare="false" endCol="3" endRow="29" startCol="3" startRow="29" x0="1070" x1="1363" y0="1970" y1="2036">(64769,7710,1028)</Cell>
<Cell dontCare="false" endCol="4" endRow="29" startCol="4" startRow="29" x0="1363" x1="1676" y0="1970" y1="2036">(64769,7710,1285)</Cell>
<Cell dontCare="false" endCol="5" endRow="29" startCol="5" startRow="29" x0="1676" x1="1956" y0="1970" y1="2036">(64769,7710,1542)</Cell>
<Cell dontCare="false" endCol="6" endRow="29" startCol="6" startRow="29" x0="1956" x1="2336" y0="1970" y1="2036">(64769,7710,1799)</Cell>
<Cell dontCare="false" endCol="0" endRow="30" startCol="0" startRow="30" x0="50" x1="473" y0="2036" y1="2114">(64769,7967,257)</Cell>
<Cell dontCare="false" endCol="1" endRow="30" startCol="1" startRow="30" x0="473" x1="780" y0="2036" y1="2114">(64769,7967,514)</Cell>
<Cell dontCare="false" endCol="2" endRow="30" startCol="2" startRow="30" x0="780" x1="1070" y0="2036" y1="2114">(64769,7967,771)</Cell>
<Cell dontCare="false" endCol="3" endRow="30" startCol="3" startRow="30" x0="1070" x1="1363" y0="2036" y1="2114">(64769,7967,1028)</Cell>
<Cell dontCare="false" endCol="4" endRow="30" startCol="4" startRow="30" x0="1363" x1="1676" y0="2036" y1="2114">(64769,7967,1285)</Cell>
<Cell dontCare="false" endCol="5" endRow="30" startCol="5" startRow="30" x0="1676" x1="1956" y0="2036" y1="2114">(64769,7967,1542)</Cell>
<Cell dontCare="false" endCol="6" endRow="30" startCol="6" startRow="30" x0="1956" x1="2336" y0="2036" y1="2114">(64769,7967,1799)</Cell>
<Cell dontCare="false" endCol="0" endRow="31" startCol="0" startRow="31" x0="50" x1="473" y0="2114" y1="2154">(64769,8224,257)</Cell>
<Cell dontCare="false" endCol="1" endRow="31" startCol="1" startRow="31" x0="473" x1="780" y0="2114" y1="2154">(64769,8224,514)</Cell>
<Cell dontCare="false" endCol="2" endRow="31" startCol="2" startRow="31" x0="780" x1="1070" y0="2114" y1="2154">(64769,8224,771)</Cell>
<Cell dontCare="false" endCol="3" endRow="31" startCol="3" startRow="31" x0="1070" x1="1363" y0="2114" y1="2154">(64769,8224,1028)</Cell>
<Cell dontCare="false" endCol="4" endRow="31" startCol="4" startRow="31" x0="1363" x1="1676" y0="2114" y1="2154">(64769,8224,1285)</Cell>
<Cell dontCare="false" endCol="5" endRow="31" startCol="5" startRow="31" x0="1676" x1="1956" y0="2114" y1="2154">(64769,8224,1542)</Cell>
<Cell dontCare="false" endCol="6" endRow="31" startCol="6" startRow="31" x0="1956" x1="2336" y0="2114" y1="2154">(64769,8224,1799)</Cell>
<Cell dontCare="false" endCol="0" endRow="32" startCol="0" startRow="32" x0="50" x1="473" y0="2154" y1="2194">(64769,8481,257)</Cell>
<Cell dontCare="false" endCol="1" endRow="32" startCol="1" startRow="32" x0="473" x1="780" y0="2154" y1="2194">(64769,8481,514)</Cell>
<Cell dontCare="false" endCol="2" endRow="32" startCol="2" startRow="32" x0="780" x1="1070" y0="2154" y1="2194">(64769,8481,771)</Cell>
<Cell dontCare="false" endCol="3" endRow="32" startCol="3" startRow="32" x0="1070" x1="1363" y0="2154" y1="2194">(64769,8481,1028)</Cell>
<Cell dontCare="false" endCol="4" endRow="32" startCol="4" startRow="32" x0="1363" x1="1676" y0="2154" y1="2194">(64769,8481,1285)</Cell>
<Cell dontCare="false" endCol="5" endRow="32" startCol="5" startRow="32" x0="1676" x1="1956" y0="2154" y1="2194">(64769,8481,1542)</Cell>
<Cell dontCare="false" endCol="6" endRow="32" startCol="6" startRow="32" x0="1956" x1="2336" y0="2154" y1="2194">(64769,8481,1799)</Cell>
<Cell dontCare="false" endCol="0" endRow="33" startCol="0" startRow="33" x0="50" x1="473" y0="2194" y1="2240">(64769,8738,257)</Cell>
<Cell dontCare="false" endCol="1" endRow="33" startCol="1" startRow="33" x0="473" x1="780" y0="2194" y1="2240">(64769,8738,514)</Cell>
<Cell dontCare="false" endCol="2" endRow="33" startCol="2" startRow="33" x0="780" x1="1070" y0="2194" y1="2240">(64769,8738,771)</Cell>
<Cell dontCare="false" endCol="3" endRow="33" startCol="3" startRow="33" x0="1070" x1="1363" y0="2194" y1="2240">(64769,8738,1028)</Cell>
<Cell dontCare="false" endCol="4" endRow="33" startCol="4" startRow="33" x0="1363" x1="1676" y0="2194" y1="2240">(64769,8738,1285)</Cell>
<Cell dontCare="false" endCol="5" endRow="33" startCol="5" startRow="33" x0="1676" x1="1956" y0="2194" y1="2240">(64769,8738,1542)</Cell>
<Cell dontCare="false" endCol="6" endRow="33" startCol="6" startRow="33" x0="1956" x1="2336" y0="2194" y1="2240">(64769,8738,1799)</Cell>
<Cell dontCare="false" endCol="0" endRow="34" startCol="0" startRow="34" x0="50" x1="473" y0="2240" y1="2286">(64769,8995,257)</Cell>
<Cell dontCare="false" endCol="1" endRow="34" startCol="1" startRow="34" x0="473" x1="780" y0="2240" y1="2286">(64769,8995,514)</Cell>
<Cell dontCare="false" endCol="2" endRow="34" startCol="2" startRow="34" x0="780" x1="1070" y0="2240" y1="2286">(64769,8995,771)</Cell>
<Cell dontCare="false" endCol="3" endRow="34" startCol="3" startRow="34" x0="1070" x1="1363" y0="2240" y1="2286">(64769,8995,1028)</Cell>
<Cell dontCare="false" endCol="4" endRow="34" startCol="4" startRow="34" x0="1363" x1="1676" y0="2240" y1="2286">(64769,8995,1285)</Cell>
<Cell dontCare="false" endCol="5" endRow="34" startCol="5" startRow="34" x0="1676" x1="1956" y0="2240" y1="2286">(64769,8995,1542)</Cell>
<Cell dontCare="false" endCol="6" endRow="34" startCol="6" startRow="34" x0="1956" x1="2336" y0="2240" y1="2286">(64769,8995,1799)</Cell>
<Cell dontCare="false" endCol="0" endRow="35" startCol="0" startRow="35" x0="50" x1="473" y0="2286" y1="2424">(64769,9252,257)</Cell>
<Cell dontCare="false" endCol="1" endRow="35" startCol="1" startRow="35" x0="473" x1="780" y0="2286" y1="2424">(64769,9252,514)</Cell>
<Cell dontCare="false" endCol="2" endRow="35" startCol="2" startRow="35" x0="780" x1="1070" y0="2286" y1="2424">(64769,9252,771)</Cell>
<Cell dontCare="false" endCol="3" endRow="35" startCol="3" startRow="35" x0="1070" x1="1363" y0="2286" y1="2424">(64769,9252,1028)</Cell>
<Cell dontCare="false" endCol="4" endRow="35" startCol="4" startRow="35" x0="1363" x1="1676" y0="2286" y1="2424">(64769,9252,1285)</Cell>
<Cell dontCare="false" endCol="5" endRow="35" startCol="5" startRow="35" x0="1676" x1="1956" y0="2286" y1="2424">(64769,9252,1542)</Cell>
<Cell dontCare="false" endCol="6" endRow="35" startCol="6" startRow="35" x0="1956" x1="2336" y0="2286" y1="2424">(64769,9252,1799)</Cell>
<Cell dontCare="false" endCol="0" endRow="36" startCol="0" startRow="36" x0="50" x1="473" y0="2424" y1="2470">(64769,9509,257)</Cell>
<Cell dontCare="false" endCol="1" endRow="36" startCol="1" startRow="36" x0="473" x1="780" y0="2424" y1="2470">(64769,9509,514)</Cell>
<Cell dontCare="false" endCol="2" endRow="36" startCol="2" startRow="36" x0="780" x1="1070" y0="2424" y1="2470">(64769,9509,771)</Cell>
<Cell dontCare="false" endCol="3" endRow="36" startCol="3" startRow="36" x0="1070" x1="1363" y0="2424" y1="2470">(64769,9509,1028)</Cell>
<Cell dontCare="false" endCol="4" endRow="36" startCol="4" startRow="36" x0="1363" x1="1676" y0="2424" y1="2470">(64769,9509,1285)</Cell>
<Cell dontCare="false" endCol="5" endRow="36" startCol="5" startRow="36" x0="1676" x1="1956" y0="2424" y1="2470">(64769,9509,1542)</Cell>
<Cell dontCare="false" endCol="6" endRow="36" startCol="6" startRow="36" x0="1956" x1="2336" y0="2424" y1="2470">(64769,9509,1799)</Cell>
<Cell dontCare="false" endCol="0" endRow="37" startCol="0" startRow="37" x0="50" x1="473" y0="2470" y1="2508">(64769,9766,257)</Cell>
<Cell dontCare="false" endCol="1" endRow="37" startCol="1" startRow="37" x0="473" x1="780" y0="2470" y1="2508">(64769,9766,514)</Cell>
<Cell dontCare="false" endCol="2" endRow="37" startCol="2" startRow="37" x0="780" x1="1070" y0="2470" y1="2508">(64769,9766,771)</Cell>
<Cell dontCare="false" endCol="3" endRow="37" startCol="3" startRow="37" x0="1070" x1="1363" y0="2470" y1="2508">(64769,9766,1028)</Cell>
<Cell dontCare="false" endCol="4" endRow="37" startCol="4" startRow="37" x0="1363" x1="1676" y0="2470" y1="2508">(64769,9766,1285)</Cell>
<Cell dontCare="false" endCol="5" endRow="37" startCol="5" startRow="37" x0="1676" x1="1956" y0="2470" y1="2508">(64769,9766,1542)</Cell>
<Cell dontCare="false" endCol="6" endRow="37" startCol="6" startRow="37" x0="1956" x1="2336" y0="2470" y1="2508">(64769,9766,1799)</Cell>
<Cell dontCare="false" endCol="0" endRow="38" startCol="0" startRow="38" x0="50" x1="473" y0="2508" y1="2546">(64769,10023,257)</Cell>
<Cell dontCare="false" endCol="1" endRow="38" startCol="1" startRow="38" x0="473" x1="780" y0="2508" y1="2546">(64769,10023,514)</Cell>
<Cell dontCare="false" endCol="2" endRow="38" startCol="2" startRow="38" x0="780" x1="1070" y0="2508" y1="2546">(64769,10023,771)</Cell>
<Cell dontCare="false" endCol="3" endRow="38" startCol="3" startRow="38" x0="1070" x1="1363" y0="2508" y1="2546">(64769,10023,1028)</Cell>
<Cell dontCare="false" endCol="4" endRow="38" startCol="4" startRow="38" x0="1363" x1="1676" y0="2508" y1="2546">(64769,10023,1285)</Cell>
<Cell dontCare="false" endCol="5" endRow="38" startCol="5" startRow="38" x0="1676" x1="1956" y0="2508" y1="2546">(64769,10023,1542)</Cell>
<Cell dontCare="false" endCol="6" endRow="38" startCol="6" startRow="38" x0="1956" x1="2336" y0="2508" y1="2546">(64769,10023,1799)</Cell>
<Cell dontCare="false" endCol="0" endRow="39" startCol="0" startRow="39" x0="50" x1="473" y0="2546" y1="2596">(64769,10280,257)</Cell>
<Cell dontCare="false" endCol="1" endRow="39" startCol="1" startRow="39" x0="473" x1="780" y0="2546" y1="2596">(64769,10280,514)</Cell>
<Cell dontCare="false" endCol="2" endRow="39" startCol="2" startRow="39" x0="780" x1="1070" y0="2546" y1="2596">(64769,10280,771)</Cell>
<Cell dontCare="false" endCol="3" endRow="39" startCol="3" startRow="39" x0="1070" x1="1363" y0="2546" y1="2596">(64769,10280,1028)</Cell>
<Cell dontCare="false" endCol="4" endRow="39" startCol="4" startRow="39" x0="1363" x1="1676" y0="2546" y1="2596">(64769,10280,1285)</Cell>
<Cell dontCare="false" endCol="5" endRow="39" startCol="5" startRow="39" x0="1676" x1="1956" y0="2546" y1="2596">(64769,10280,1542)</Cell>
<Cell dontCare="false" endCol="6" endRow="39" startCol="6" startRow="39" x0="1956" x1="2336" y0="2546" y1="2596">(64769,10280,1799)</Cell>
<Cell dontCare="false" endCol="0" endRow="40" startCol="0" startRow="40" x0="50" x1="473" y0="2596" y1="2656">(64769,10537,257)</Cell>
<Cell dontCare="false" endCol="1" endRow="40" startCol="1" startRow="40" x0="473" x1="780" y0="2596" y1="2656">(64769,10537,514)</Cell>
<Cell dontCare="false" endCol="2" endRow="40" startCol="2" startRow="40" x0="780" x1="1070" y0="2596" y1="2656">(64769,10537,771)</Cell>
<Cell dontCare="false" endCol="3" endRow="40" startCol="3" startRow="40" x0="1070" x1="1363" y0="2596" y1="2656">(64769,10537,1028)</Cell>
<Cell dontCare="false" endCol="4" endRow="40" startCol="4" startRow="40" x0="1363" x1="1676" y0="2596" y1="2656">(64769,10537,1285)</Cell>
<Cell dontCare="false" endCol="5" endRow="40" startCol="5" startRow="40" x0="1676" x1="1956" y0="2596" y1="2656">(64769,10537,1542)</Cell>
<Cell dontCare="false" endCol="6" endRow="40" startCol="6" startRow="40" x0="1956" x1="2336" y0="2596" y1="2656">(64769,10537,1799)</Cell>
<Cell dontCare="false" endCol="0" endRow="41" startCol="0" startRow="41" x0="50" x1="473" y0="2656" y1="2876">(64769,10794,257)</Cell>
<Cell dontCare="false" endCol="1" endRow="41" startCol="1" startRow="41" x0="473" x1="780" y0="2656" y1="2876">(64769,10794,514)</Cell>
<Cell dontCare="false" endCol="2" endRow="41" startCol="2" startRow="41" x0="780" x1="1070" y0="2656" y1="2876">(64769,10794,771)</Cell>
<Cell dontCare="false" endCol="3" endRow="41" startCol="3" startRow="41" x0="1070" x1="1363" y0="2656" y1="2876">(64769,10794,1028)</Cell>
<Cell dontCare="false" endCol="4" endRow="41" startCol="4" startRow="41" x0="1363" x1="1676" y0="2656" y1="2876">(64769,10794,1285)</Cell>
<Cell dontCare="false" endCol="5" endRow="41" startCol="5" startRow="41" x0="1676" x1="1956" y0="2656" y1="2876">(64769,10794,1542)</Cell>
<Cell dontCare="false" endCol="6" endRow="41" startCol="6" startRow="41" x0="1956" x1="2336" y0="2656" y1="2876">(64769,10794,1799)</Cell>
</Table>
</Tables>
</GroundTruth>
