<?xml version="1.0" encoding="UTF-8" standalone="no"?>
<GroundTruth InputFile="C:\Dokumente und Einstellungen\mehmood\Desktop\dataset\skew_corrected\unlv_tables_bin_test\9531_070.png">
<Tables>
<Table x0="166" x1="2328" y0="368" y1="1088">
<Row x0="166" x1="2328" y0="628" y1="628"/>
<Row x0="166" x1="2328" y0="674" y1="674"/>
<Row x0="166" x1="2328" y0="714" y1="714"/>
<Row x0="166" x1="2328" y0="752" y1="752"/>
<Row x0="166" x1="2328" y0="796" y1="796"/>
<Row x0="166" x1="2328" y0="860" y1="860"/>
<Row x0="166" x1="2328" y0="904" y1="904"/>
<Row x0="166" x1="2328" y0="940" y1="940"/>
<Row x0="166" x1="2328" y0="982" y1="982"/>
<Row x0="166" x1="2328" y0="1034" y1="1034"/>
<Column x0="280" x1="280" y0="368" y1="1088"/>
<Column x0="400" x1="400" y0="368" y1="1088"/>
<Column x0="752" x1="752" y0="368" y1="1088"/>
<Column x0="1036" x1="1036" y0="368" y1="1088"/>
<Column x0="1270" x1="1270" y0="368" y1="1088"/>
<Column x0="1514" x1="1514" y0="368" y1="1088"/>
<Column x0="1752" x1="1752" y0="368" y1="1088"/>
<Column x0="2046" x1="2046" y0="368" y1="1088"/>
<Cell dontCare="false" endCol="1" endRow="0" startCol="0" startRow="0" x0="166" x1="400" y0="368" y1="628">(64769,257,258)</Cell>
<Cell dontCare="true" endCol="1" endRow="0" startCol="1" startRow="0" x0="280" x1="400" y0="368" y1="628">(64769,257,514)</Cell>
<Cell dontCare="false" endCol="2" endRow="0" startCol="2" startRow="0" x0="400" x1="752" y0="368" y1="628">(64769,257,771)</Cell>
<Cell dontCare="false" endCol="3" endRow="0" startCol="3" startRow="0" x0="752" x1="1036" y0="368" y1="628">(64769,257,1028)</Cell>
<Cell dontCare="false" endCol="4" endRow="0" startCol="4" startRow="0" x0="1036" x1="1270" y0="368" y1="628">(64769,257,1285)</Cell>
<Cell dontCare="false" endCol="5" endRow="0" startCol="5" startRow="0" x0="1270" x1="1514" y0="368" y1="628">(64769,257,1542)</Cell>
<Cell dontCare="false" endCol="6" endRow="0" startCol="6" startRow="0" x0="1514" x1="1752" y0="368" y1="628">(64769,257,1799)</Cell>
<Cell dontCare="false" endCol="7" endRow="0" startCol="7" startRow="0" x0="1752" x1="2046" y0="368" y1="628">(64769,257,2056)</Cell>
<Cell dontCare="false" endCol="8" endRow="0" startCol="8" startRow="0" x0="2046" x1="2328" y0="368" y1="628">(64769,257,2313)</Cell>
<Cell dontCare="false" endCol="0" endRow="5" startCol="0" startRow="1" x0="166" x1="280" y0="628" y1="860">(64769,518,257)</Cell>
<Cell dontCare="false" endCol="1" endRow="1" startCol="1" startRow="1" x0="280" x1="400" y0="628" y1="674">(64769,514,514)</Cell>
<Cell dontCare="false" endCol="2" endRow="1" startCol="2" startRow="1" x0="400" x1="752" y0="628" y1="674">(64769,514,771)</Cell>
<Cell dontCare="false" endCol="3" endRow="1" startCol="3" startRow="1" x0="752" x1="1036" y0="628" y1="674">(64769,514,1028)</Cell>
<Cell dontCare="false" endCol="4" endRow="1" startCol="4" startRow="1" x0="1036" x1="1270" y0="628" y1="674">(64769,514,1285)</Cell>
<Cell dontCare="false" endCol="5" endRow="1" startCol="5" startRow="1" x0="1270" x1="1514" y0="628" y1="674">(64769,514,1542)</Cell>
<Cell dontCare="false" endCol="6" endRow="1" startCol="6" startRow="1" x0="1514" x1="1752" y0="628" y1="674">(64769,514,1799)</Cell>
<Cell dontCare="false" endCol="7" endRow="1" startCol="7" startRow="1" x0="1752" x1="2046" y0="628" y1="674">(64769,514,2056)</Cell>
<Cell dontCare="false" endCol="8" endRow="1" startCol="8" startRow="1" x0="2046" x1="2328" y0="628" y1="674">(64769,514,2313)</Cell>
<Cell dontCare="true" endCol="0" endRow="2" startCol="0" startRow="2" x0="166" x1="280" y0="674" y1="714">(64769,771,257)</Cell>
<Cell dontCare="false" endCol="1" endRow="2" startCol="1" startRow="2" x0="280" x1="400" y0="674" y1="714">(64769,771,514)</Cell>
<Cell dontCare="false" endCol="2" endRow="2" startCol="2" startRow="2" x0="400" x1="752" y0="674" y1="714">(64769,771,771)</Cell>
<Cell dontCare="false" endCol="3" endRow="2" startCol="3" startRow="2" x0="752" x1="1036" y0="674" y1="714">(64769,771,1028)</Cell>
<Cell dontCare="false" endCol="4" endRow="2" startCol="4" startRow="2" x0="1036" x1="1270" y0="674" y1="714">(64769,771,1285)</Cell>
<Cell dontCare="false" endCol="5" endRow="2" startCol="5" startRow="2" x0="1270" x1="1514" y0="674" y1="714">(64769,771,1542)</Cell>
<Cell dontCare="false" endCol="6" endRow="2" startCol="6" startRow="2" x0="1514" x1="1752" y0="674" y1="714">(64769,771,1799)</Cell>
<Cell dontCare="false" endCol="7" endRow="2" startCol="7" startRow="2" x0="1752" x1="2046" y0="674" y1="714">(64769,771,2056)</Cell>
<Cell dontCare="false" endCol="8" endRow="2" startCol="8" startRow="2" x0="2046" x1="2328" y0="674" y1="714">(64769,771,2313)</Cell>
<Cell dontCare="true" endCol="0" endRow="3" startCol="0" startRow="3" x0="166" x1="280" y0="714" y1="752">(64769,1028,257)</Cell>
<Cell dontCare="false" endCol="1" endRow="3" startCol="1" startRow="3" x0="280" x1="400" y0="714" y1="752">(64769,1028,514)</Cell>
<Cell dontCare="false" endCol="2" endRow="3" startCol="2" startRow="3" x0="400" x1="752" y0="714" y1="752">(64769,1028,771)</Cell>
<Cell dontCare="false" endCol="3" endRow="3" startCol="3" startRow="3" x0="752" x1="1036" y0="714" y1="752">(64769,1028,1028)</Cell>
<Cell dontCare="false" endCol="4" endRow="3" startCol="4" startRow="3" x0="1036" x1="1270" y0="714" y1="752">(64769,1028,1285)</Cell>
<Cell dontCare="false" endCol="5" endRow="3" startCol="5" startRow="3" x0="1270" x1="1514" y0="714" y1="752">(64769,1028,1542)</Cell>
<Cell dontCare="false" endCol="6" endRow="3" startCol="6" startRow="3" x0="1514" x1="1752" y0="714" y1="752">(64769,1028,1799)</Cell>
<Cell dontCare="false" endCol="7" endRow="3" startCol="7" startRow="3" x0="1752" x1="2046" y0="714" y1="752">(64769,1028,2056)</Cell>
<Cell dontCare="false" endCol="8" endRow="3" startCol="8" startRow="3" x0="2046" x1="2328" y0="714" y1="752">(64769,1028,2313)</Cell>
<Cell dontCare="true" endCol="0" endRow="4" startCol="0" startRow="4" x0="166" x1="280" y0="752" y1="796">(64769,1285,257)</Cell>
<Cell dontCare="false" endCol="1" endRow="4" startCol="1" startRow="4" x0="280" x1="400" y0="752" y1="796">(64769,1285,514)</Cell>
<Cell dontCare="false" endCol="2" endRow="4" startCol="2" startRow="4" x0="400" x1="752" y0="752" y1="796">(64769,1285,771)</Cell>
<Cell dontCare="false" endCol="3" endRow="4" startCol="3" startRow="4" x0="752" x1="1036" y0="752" y1="796">(64769,1285,1028)</Cell>
<Cell dontCare="false" endCol="4" endRow="4" startCol="4" startRow="4" x0="1036" x1="1270" y0="752" y1="796">(64769,1285,1285)</Cell>
<Cell dontCare="false" endCol="5" endRow="4" startCol="5" startRow="4" x0="1270" x1="1514" y0="752" y1="796">(64769,1285,1542)</Cell>
<Cell dontCare="false" endCol="6" endRow="4" startCol="6" startRow="4" x0="1514" x1="1752" y0="752" y1="796">(64769,1285,1799)</Cell>
<Cell dontCare="false" endCol="7" endRow="4" startCol="7" startRow="4" x0="1752" x1="2046" y0="752" y1="796">(64769,1285,2056)</Cell>
<Cell dontCare="false" endCol="8" endRow="4" startCol="8" startRow="4" x0="2046" x1="2328" y0="752" y1="796">(64769,1285,2313)</Cell>
<Cell dontCare="true" endCol="0" endRow="5" startCol="0" startRow="5" x0="166" x1="280" y0="796" y1="860">(64769,1542,257)</Cell>
<Cell dontCare="false" endCol="1" endRow="5" startCol="1" startRow="5" x0="280" x1="400" y0="796" y1="860">(64769,1542,514)</Cell>
<Cell dontCare="false" endCol="2" endRow="5" startCol="2" startRow="5" x0="400" x1="752" y0="796" y1="860">(64769,1542,771)</Cell>
<Cell dontCare="false" endCol="3" endRow="5" startCol="3" startRow="5" x0="752" x1="1036" y0="796" y1="860">(64769,1542,1028)</Cell>
<Cell dontCare="false" endCol="4" endRow="5" startCol="4" startRow="5" x0="1036" x1="1270" y0="796" y1="860">(64769,1542,1285)</Cell>
<Cell dontCare="false" endCol="5" endRow="5" startCol="5" startRow="5" x0="1270" x1="1514" y0="796" y1="860">(64769,1542,1542)</Cell>
<Cell dontCare="false" endCol="6" endRow="5" startCol="6" startRow="5" x0="1514" x1="1752" y0="796" y1="860">(64769,1542,1799)</Cell>
<Cell dontCare="false" endCol="7" endRow="5" startCol="7" startRow="5" x0="1752" x1="2046" y0="796" y1="860">(64769,1542,2056)</Cell>
<Cell dontCare="false" endCol="8" endRow="5" startCol="8" startRow="5" x0="2046" x1="2328" y0="796" y1="860">(64769,1542,2313)</Cell>
<Cell dontCare="false" endCol="0" endRow="10" startCol="0" startRow="6" x0="166" x1="280" y0="860" y1="1088">(64769,1803,257)</Cell>
<Cell dontCare="false" endCol="1" endRow="6" startCol="1" startRow="6" x0="280" x1="400" y0="860" y1="904">(64769,1799,514)</Cell>
<Cell dontCare="false" endCol="2" endRow="6" startCol="2" startRow="6" x0="400" x1="752" y0="860" y1="904">(64769,1799,771)</Cell>
<Cell dontCare="false" endCol="3" endRow="6" startCol="3" startRow="6" x0="752" x1="1036" y0="860" y1="904">(64769,1799,1028)</Cell>
<Cell dontCare="false" endCol="4" endRow="6" startCol="4" startRow="6" x0="1036" x1="1270" y0="860" y1="904">(64769,1799,1285)</Cell>
<Cell dontCare="false" endCol="5" endRow="6" startCol="5" startRow="6" x0="1270" x1="1514" y0="860" y1="904">(64769,1799,1542)</Cell>
<Cell dontCare="false" endCol="6" endRow="6" startCol="6" startRow="6" x0="1514" x1="1752" y0="860" y1="904">(64769,1799,1799)</Cell>
<Cell dontCare="false" endCol="7" endRow="6" startCol="7" startRow="6" x0="1752" x1="2046" y0="860" y1="904">(64769,1799,2056)</Cell>
<Cell dontCare="false" endCol="8" endRow="6" startCol="8" startRow="6" x0="2046" x1="2328" y0="860" y1="904">(64769,1799,2313)</Cell>
<Cell dontCare="true" endCol="0" endRow="7" startCol="0" startRow="7" x0="166" x1="280" y0="904" y1="940">(64769,2056,257)</Cell>
<Cell dontCare="false" endCol="1" endRow="7" startCol="1" startRow="7" x0="280" x1="400" y0="904" y1="940">(64769,2056,514)</Cell>
<Cell dontCare="false" endCol="2" endRow="7" startCol="2" startRow="7" x0="400" x1="752" y0="904" y1="940">(64769,2056,771)</Cell>
<Cell dontCare="false" endCol="3" endRow="7" startCol="3" startRow="7" x0="752" x1="1036" y0="904" y1="940">(64769,2056,1028)</Cell>
<Cell dontCare="false" endCol="4" endRow="7" startCol="4" startRow="7" x0="1036" x1="1270" y0="904" y1="940">(64769,2056,1285)</Cell>
<Cell dontCare="false" endCol="5" endRow="7" startCol="5" startRow="7" x0="1270" x1="1514" y0="904" y1="940">(64769,2056,1542)</Cell>
<Cell dontCare="false" endCol="6" endRow="7" startCol="6" startRow="7" x0="1514" x1="1752" y0="904" y1="940">(64769,2056,1799)</Cell>
<Cell dontCare="false" endCol="7" endRow="7" startCol="7" startRow="7" x0="1752" x1="2046" y0="904" y1="940">(64769,2056,2056)</Cell>
<Cell dontCare="false" endCol="8" endRow="7" startCol="8" startRow="7" x0="2046" x1="2328" y0="904" y1="940">(64769,2056,2313)</Cell>
<Cell dontCare="true" endCol="0" endRow="8" startCol="0" startRow="8" x0="166" x1="280" y0="940" y1="982">(64769,2313,257)</Cell>
<Cell dontCare="false" endCol="1" endRow="8" startCol="1" startRow="8" x0="280" x1="400" y0="940" y1="982">(64769,2313,514)</Cell>
<Cell dontCare="false" endCol="2" endRow="8" startCol="2" startRow="8" x0="400" x1="752" y0="940" y1="982">(64769,2313,771)</Cell>
<Cell dontCare="false" endCol="3" endRow="8" startCol="3" startRow="8" x0="752" x1="1036" y0="940" y1="982">(64769,2313,1028)</Cell>
<Cell dontCare="false" endCol="4" endRow="8" startCol="4" startRow="8" x0="1036" x1="1270" y0="940" y1="982">(64769,2313,1285)</Cell>
<Cell dontCare="false" endCol="5" endRow="8" startCol="5" startRow="8" x0="1270" x1="1514" y0="940" y1="982">(64769,2313,1542)</Cell>
<Cell dontCare="false" endCol="6" endRow="8" startCol="6" startRow="8" x0="1514" x1="1752" y0="940" y1="982">(64769,2313,1799)</Cell>
<Cell dontCare="false" endCol="7" endRow="8" startCol="7" startRow="8" x0="1752" x1="2046" y0="940" y1="982">(64769,2313,2056)</Cell>
<Cell dontCare="false" endCol="8" endRow="8" startCol="8" startRow="8" x0="2046" x1="2328" y0="940" y1="982">(64769,2313,2313)</Cell>
<Cell dontCare="true" endCol="0" endRow="9" startCol="0" startRow="9" x0="166" x1="280" y0="982" y1="1034">(64769,2570,257)</Cell>
<Cell dontCare="false" endCol="1" endRow="9" startCol="1" startRow="9" x0="280" x1="400" y0="982" y1="1034">(64769,2570,514)</Cell>
<Cell dontCare="false" endCol="2" endRow="9" startCol="2" startRow="9" x0="400" x1="752" y0="982" y1="1034">(64769,2570,771)</Cell>
<Cell dontCare="false" endCol="3" endRow="9" startCol="3" startRow="9" x0="752" x1="1036" y0="982" y1="1034">(64769,2570,1028)</Cell>
<Cell dontCare="false" endCol="4" endRow="9" startCol="4" startRow="9" x0="1036" x1="1270" y0="982" y1="1034">(64769,2570,1285)</Cell>
<Cell dontCare="false" endCol="5" endRow="9" startCol="5" startRow="9" x0="1270" x1="1514" y0="982" y1="1034">(64769,2570,1542)</Cell>
<Cell dontCare="false" endCol="6" endRow="9" startCol="6" startRow="9" x0="1514" x1="1752" y0="982" y1="1034">(64769,2570,1799)</Cell>
<Cell dontCare="false" endCol="7" endRow="9" startCol="7" startRow="9" x0="1752" x1="2046" y0="982" y1="1034">(64769,2570,2056)</Cell>
<Cell dontCare="false" endCol="8" endRow="9" startCol="8" startRow="9" x0="2046" x1="2328" y0="982" y1="1034">(64769,2570,2313)</Cell>
<Cell dontCare="true" endCol="0" endRow="10" startCol="0" startRow="10" x0="166" x1="280" y0="1034" y1="1088">(64769,2827,257)</Cell>
<Cell dontCare="false" endCol="1" endRow="10" startCol="1" startRow="10" x0="280" x1="400" y0="1034" y1="1088">(64769,2827,514)</Cell>
<Cell dontCare="false" endCol="2" endRow="10" startCol="2" startRow="10" x0="400" x1="752" y0="1034" y1="1088">(64769,2827,771)</Cell>
<Cell dontCare="false" endCol="3" endRow="10" startCol="3" startRow="10" x0="752" x1="1036" y0="1034" y1="1088">(64769,2827,1028)</Cell>
<Cell dontCare="false" endCol="4" endRow="10" startCol="4" startRow="10" x0="1036" x1="1270" y0="1034" y1="1088">(64769,2827,1285)</Cell>
<Cell dontCare="false" endCol="5" endRow="10" startCol="5" startRow="10" x0="1270" x1="1514" y0="1034" y1="1088">(64769,2827,1542)</Cell>
<Cell dontCare="false" endCol="6" endRow="10" startCol="6" startRow="10" x0="1514" x1="1752" y0="1034" y1="1088">(64769,2827,1799)</Cell>
<Cell dontCare="false" endCol="7" endRow="10" startCol="7" startRow="10" x0="1752" x1="2046" y0="1034" y1="1088">(64769,2827,2056)</Cell>
<Cell dontCare="false" endCol="8" endRow="10" startCol="8" startRow="10" x0="2046" x1="2328" y0="1034" y1="1088">(64769,2827,2313)</Cell>
</Table>
<Table x0="148" x1="2340" y0="1100" y1="1788">
<Row x0="148" x1="2340" y0="1172" y1="1172"/>
<Row x0="148" x1="2340" y0="1326" y1="1326"/>
<Row x0="148" x1="2340" y0="1362" y1="1362"/>
<Row x0="148" x1="2340" y0="1408" y1="1408"/>
<Row x0="148" x1="2340" y0="1448" y1="1448"/>
<Row x0="148" x1="2340" y0="1496" y1="1496"/>
<Row x0="148" x1="2340" y0="1556" y1="1556"/>
<Row x0="148" x1="2340" y0="1598" y1="1598"/>
<Row x0="148" x1="2340" y0="1638" y1="1638"/>
<Row x0="148" x1="2340" y0="1678" y1="1678"/>
<Row x0="148" x1="2340" y0="1720" y1="1720"/>
<Column x0="282" x1="282" y0="1100" y1="1788"/>
<Column x0="432" x1="432" y0="1100" y1="1788"/>
<Column x0="788" x1="788" y0="1100" y1="1788"/>
<Column x0="1172" x1="1172" y0="1100" y1="1788"/>
<Column x0="1540" x1="1540" y0="1100" y1="1788"/>
<Column x0="1972" x1="1972" y0="1100" y1="1788"/>
<Cell dontCare="false" endCol="0" endRow="0" startCol="0" startRow="0" x0="148" x1="282" y0="1100" y1="1172">(64770,257,257)</Cell>
<Cell dontCare="false" endCol="1" endRow="0" startCol="1" startRow="0" x0="282" x1="432" y0="1100" y1="1172">(64770,257,514)</Cell>
<Cell dontCare="false" endCol="6" endRow="0" startCol="2" startRow="0" x0="432" x1="2340" y0="1100" y1="1172">(64770,257,775)</Cell>
<Cell dontCare="true" endCol="3" endRow="0" startCol="3" startRow="0" x0="788" x1="1172" y0="1100" y1="1172">(64770,257,1028)</Cell>
<Cell dontCare="true" endCol="4" endRow="0" startCol="4" startRow="0" x0="1172" x1="1540" y0="1100" y1="1172">(64770,257,1285)</Cell>
<Cell dontCare="true" endCol="5" endRow="0" startCol="5" startRow="0" x0="1540" x1="1972" y0="1100" y1="1172">(64770,257,1542)</Cell>
<Cell dontCare="true" endCol="6" endRow="0" startCol="6" startRow="0" x0="1972" x1="2340" y0="1100" y1="1172">(64770,257,1799)</Cell>
<Cell dontCare="false" endCol="1" endRow="1" startCol="0" startRow="1" x0="148" x1="432" y0="1172" y1="1326">(64770,514,258)</Cell>
<Cell dontCare="true" endCol="1" endRow="1" startCol="1" startRow="1" x0="282" x1="432" y0="1172" y1="1326">(64770,514,514)</Cell>
<Cell dontCare="false" endCol="2" endRow="1" startCol="2" startRow="1" x0="432" x1="788" y0="1172" y1="1326">(64770,514,771)</Cell>
<Cell dontCare="false" endCol="3" endRow="1" startCol="3" startRow="1" x0="788" x1="1172" y0="1172" y1="1326">(64770,514,1028)</Cell>
<Cell dontCare="false" endCol="4" endRow="1" startCol="4" startRow="1" x0="1172" x1="1540" y0="1172" y1="1326">(64770,514,1285)</Cell>
<Cell dontCare="false" endCol="5" endRow="1" startCol="5" startRow="1" x0="1540" x1="1972" y0="1172" y1="1326">(64770,514,1542)</Cell>
<Cell dontCare="false" endCol="6" endRow="1" startCol="6" startRow="1" x0="1972" x1="2340" y0="1172" y1="1326">(64770,514,1799)</Cell>
<Cell dontCare="false" endCol="0" endRow="6" startCol="0" startRow="2" x0="148" x1="282" y0="1326" y1="1556">(64770,775,257)</Cell>
<Cell dontCare="false" endCol="1" endRow="2" startCol="1" startRow="2" x0="282" x1="432" y0="1326" y1="1362">(64770,771,514)</Cell>
<Cell dontCare="false" endCol="2" endRow="2" startCol="2" startRow="2" x0="432" x1="788" y0="1326" y1="1362">(64770,771,771)</Cell>
<Cell dontCare="false" endCol="3" endRow="2" startCol="3" startRow="2" x0="788" x1="1172" y0="1326" y1="1362">(64770,771,1028)</Cell>
<Cell dontCare="false" endCol="4" endRow="2" startCol="4" startRow="2" x0="1172" x1="1540" y0="1326" y1="1362">(64770,771,1285)</Cell>
<Cell dontCare="false" endCol="5" endRow="2" startCol="5" startRow="2" x0="1540" x1="1972" y0="1326" y1="1362">(64770,771,1542)</Cell>
<Cell dontCare="false" endCol="6" endRow="2" startCol="6" startRow="2" x0="1972" x1="2340" y0="1326" y1="1362">(64770,771,1799)</Cell>
<Cell dontCare="true" endCol="0" endRow="3" startCol="0" startRow="3" x0="148" x1="282" y0="1362" y1="1408">(64770,1028,257)</Cell>
<Cell dontCare="false" endCol="1" endRow="3" startCol="1" startRow="3" x0="282" x1="432" y0="1362" y1="1408">(64770,1028,514)</Cell>
<Cell dontCare="false" endCol="2" endRow="3" startCol="2" startRow="3" x0="432" x1="788" y0="1362" y1="1408">(64770,1028,771)</Cell>
<Cell dontCare="false" endCol="3" endRow="3" startCol="3" startRow="3" x0="788" x1="1172" y0="1362" y1="1408">(64770,1028,1028)</Cell>
<Cell dontCare="false" endCol="4" endRow="3" startCol="4" startRow="3" x0="1172" x1="1540" y0="1362" y1="1408">(64770,1028,1285)</Cell>
<Cell dontCare="false" endCol="5" endRow="3" startCol="5" startRow="3" x0="1540" x1="1972" y0="1362" y1="1408">(64770,1028,1542)</Cell>
<Cell dontCare="false" endCol="6" endRow="3" startCol="6" startRow="3" x0="1972" x1="2340" y0="1362" y1="1408">(64770,1028,1799)</Cell>
<Cell dontCare="true" endCol="0" endRow="4" startCol="0" startRow="4" x0="148" x1="282" y0="1408" y1="1448">(64770,1285,257)</Cell>
<Cell dontCare="false" endCol="1" endRow="4" startCol="1" startRow="4" x0="282" x1="432" y0="1408" y1="1448">(64770,1285,514)</Cell>
<Cell dontCare="false" endCol="2" endRow="4" startCol="2" startRow="4" x0="432" x1="788" y0="1408" y1="1448">(64770,1285,771)</Cell>
<Cell dontCare="false" endCol="3" endRow="4" startCol="3" startRow="4" x0="788" x1="1172" y0="1408" y1="1448">(64770,1285,1028)</Cell>
<Cell dontCare="false" endCol="4" endRow="4" startCol="4" startRow="4" x0="1172" x1="1540" y0="1408" y1="1448">(64770,1285,1285)</Cell>
<Cell dontCare="false" endCol="5" endRow="4" startCol="5" startRow="4" x0="1540" x1="1972" y0="1408" y1="1448">(64770,1285,1542)</Cell>
<Cell dontCare="false" endCol="6" endRow="4" startCol="6" startRow="4" x0="1972" x1="2340" y0="1408" y1="1448">(64770,1285,1799)</Cell>
<Cell dontCare="true" endCol="0" endRow="5" startCol="0" startRow="5" x0="148" x1="282" y0="1448" y1="1496">(64770,1542,257)</Cell>
<Cell dontCare="false" endCol="1" endRow="5" startCol="1" startRow="5" x0="282" x1="432" y0="1448" y1="1496">(64770,1542,514)</Cell>
<Cell dontCare="false" endCol="2" endRow="5" startCol="2" startRow="5" x0="432" x1="788" y0="1448" y1="1496">(64770,1542,771)</Cell>
<Cell dontCare="false" endCol="3" endRow="5" startCol="3" startRow="5" x0="788" x1="1172" y0="1448" y1="1496">(64770,1542,1028)</Cell>
<Cell dontCare="false" endCol="4" endRow="5" startCol="4" startRow="5" x0="1172" x1="1540" y0="1448" y1="1496">(64770,1542,1285)</Cell>
<Cell dontCare="false" endCol="5" endRow="5" startCol="5" startRow="5" x0="1540" x1="1972" y0="1448" y1="1496">(64770,1542,1542)</Cell>
<Cell dontCare="false" endCol="6" endRow="5" startCol="6" startRow="5" x0="1972" x1="2340" y0="1448" y1="1496">(64770,1542,1799)</Cell>
<Cell dontCare="true" endCol="0" endRow="6" startCol="0" startRow="6" x0="148" x1="282" y0="1496" y1="1556">(64770,1799,257)</Cell>
<Cell dontCare="false" endCol="1" endRow="6" startCol="1" startRow="6" x0="282" x1="432" y0="1496" y1="1556">(64770,1799,514)</Cell>
<Cell dontCare="false" endCol="2" endRow="6" startCol="2" startRow="6" x0="432" x1="788" y0="1496" y1="1556">(64770,1799,771)</Cell>
<Cell dontCare="false" endCol="3" endRow="6" startCol="3" startRow="6" x0="788" x1="1172" y0="1496" y1="1556">(64770,1799,1028)</Cell>
<Cell dontCare="false" endCol="4" endRow="6" startCol="4" startRow="6" x0="1172" x1="1540" y0="1496" y1="1556">(64770,1799,1285)</Cell>
<Cell dontCare="false" endCol="5" endRow="6" startCol="5" startRow="6" x0="1540" x1="1972" y0="1496" y1="1556">(64770,1799,1542)</Cell>
<Cell dontCare="false" endCol="6" endRow="6" startCol="6" startRow="6" x0="1972" x1="2340" y0="1496" y1="1556">(64770,1799,1799)</Cell>
<Cell dontCare="false" endCol="0" endRow="11" startCol="0" startRow="7" x0="148" x1="282" y0="1556" y1="1788">(64770,2060,257)</Cell>
<Cell dontCare="false" endCol="1" endRow="7" startCol="1" startRow="7" x0="282" x1="432" y0="1556" y1="1598">(64770,2056,514)</Cell>
<Cell dontCare="false" endCol="2" endRow="7" startCol="2" startRow="7" x0="432" x1="788" y0="1556" y1="1598">(64770,2056,771)</Cell>
<Cell dontCare="false" endCol="3" endRow="7" startCol="3" startRow="7" x0="788" x1="1172" y0="1556" y1="1598">(64770,2056,1028)</Cell>
<Cell dontCare="false" endCol="4" endRow="7" startCol="4" startRow="7" x0="1172" x1="1540" y0="1556" y1="1598">(64770,2056,1285)</Cell>
<Cell dontCare="false" endCol="5" endRow="7" startCol="5" startRow="7" x0="1540" x1="1972" y0="1556" y1="1598">(64770,2056,1542)</Cell>
<Cell dontCare="false" endCol="6" endRow="7" startCol="6" startRow="7" x0="1972" x1="2340" y0="1556" y1="1598">(64770,2056,1799)</Cell>
<Cell dontCare="true" endCol="0" endRow="8" startCol="0" startRow="8" x0="148" x1="282" y0="1598" y1="1638">(64770,2313,257)</Cell>
<Cell dontCare="false" endCol="1" endRow="8" startCol="1" startRow="8" x0="282" x1="432" y0="1598" y1="1638">(64770,2313,514)</Cell>
<Cell dontCare="false" endCol="2" endRow="8" startCol="2" startRow="8" x0="432" x1="788" y0="1598" y1="1638">(64770,2313,771)</Cell>
<Cell dontCare="false" endCol="3" endRow="8" startCol="3" startRow="8" x0="788" x1="1172" y0="1598" y1="1638">(64770,2313,1028)</Cell>
<Cell dontCare="false" endCol="4" endRow="8" startCol="4" startRow="8" x0="1172" x1="1540" y0="1598" y1="1638">(64770,2313,1285)</Cell>
<Cell dontCare="false" endCol="5" endRow="8" startCol="5" startRow="8" x0="1540" x1="1972" y0="1598" y1="1638">(64770,2313,1542)</Cell>
<Cell dontCare="false" endCol="6" endRow="8" startCol="6" startRow="8" x0="1972" x1="2340" y0="1598" y1="1638">(64770,2313,1799)</Cell>
<Cell dontCare="true" endCol="0" endRow="9" startCol="0" startRow="9" x0="148" x1="282" y0="1638" y1="1678">(64770,2570,257)</Cell>
<Cell dontCare="false" endCol="1" endRow="9" startCol="1" startRow="9" x0="282" x1="432" y0="1638" y1="1678">(64770,2570,514)</Cell>
<Cell dontCare="false" endCol="2" endRow="9" startCol="2" startRow="9" x0="432" x1="788" y0="1638" y1="1678">(64770,2570,771)</Cell>
<Cell dontCare="false" endCol="3" endRow="9" startCol="3" startRow="9" x0="788" x1="1172" y0="1638" y1="1678">(64770,2570,1028)</Cell>
<Cell dontCare="false" endCol="4" endRow="9" startCol="4" startRow="9" x0="1172" x1="1540" y0="1638" y1="1678">(64770,2570,1285)</Cell>
<Cell dontCare="false" endCol="5" endRow="9" startCol="5" startRow="9" x0="1540" x1="1972" y0="1638" y1="1678">(64770,2570,1542)</Cell>
<Cell dontCare="false" endCol="6" endRow="9" startCol="6" startRow="9" x0="1972" x1="2340" y0="1638" y1="1678">(64770,2570,1799)</Cell>
<Cell dontCare="true" endCol="0" endRow="10" startCol="0" startRow="10" x0="148" x1="282" y0="1678" y1="1720">(64770,2827,257)</Cell>
<Cell dontCare="false" endCol="1" endRow="10" startCol="1" startRow="10" x0="282" x1="432" y0="1678" y1="1720">(64770,2827,514)</Cell>
<Cell dontCare="false" endCol="2" endRow="10" startCol="2" startRow="10" x0="432" x1="788" y0="1678" y1="1720">(64770,2827,771)</Cell>
<Cell dontCare="false" endCol="3" endRow="10" startCol="3" startRow="10" x0="788" x1="1172" y0="1678" y1="1720">(64770,2827,1028)</Cell>
<Cell dontCare="false" endCol="4" endRow="10" startCol="4" startRow="10" x0="1172" x1="1540" y0="1678" y1="1720">(64770,2827,1285)</Cell>
<Cell dontCare="false" endCol="5" endRow="10" startCol="5" startRow="10" x0="1540" x1="1972" y0="1678" y1="1720">(64770,2827,1542)</Cell>
<Cell dontCare="false" endCol="6" endRow="10" startCol="6" startRow="10" x0="1972" x1="2340" y0="1678" y1="1720">(64770,2827,1799)</Cell>
<Cell dontCare="true" endCol="0" endRow="11" startCol="0" startRow="11" x0="148" x1="282" y0="1720" y1="1788">(64770,3084,257)</Cell>
<Cell dontCare="false" endCol="1" endRow="11" startCol="1" startRow="11" x0="282" x1="432" y0="1720" y1="1788">(64770,3084,514)</Cell>
<Cell dontCare="false" endCol="2" endRow="11" startCol="2" startRow="11" x0="432" x1="788" y0="1720" y1="1788">(64770,3084,771)</Cell>
<Cell dontCare="false" endCol="3" endRow="11" startCol="3" startRow="11" x0="788" x1="1172" y0="1720" y1="1788">(64770,3084,1028)</Cell>
<Cell dontCare="false" endCol="4" endRow="11" startCol="4" startRow="11" x0="1172" x1="1540" y0="1720" y1="1788">(64770,3084,1285)</Cell>
<Cell dontCare="false" endCol="5" endRow="11" startCol="5" startRow="11" x0="1540" x1="1972" y0="1720" y1="1788">(64770,3084,1542)</Cell>
<Cell dontCare="false" endCol="6" endRow="11" startCol="6" startRow="11" x0="1972" x1="2340" y0="1720" y1="1788">(64770,3084,1799)</Cell>
</Table>
</Tables>
</GroundTruth>
