<?xml version="1.0" encoding="UTF-8" standalone="no"?>
<GroundTruth InputFile="C:\Dokumente und Einstellungen\mehmood\Desktop\dataset\skew_corrected\unlv_tables_bin_test\9533_038.png">
<Tables>
<Table x0="1278" x1="2326" y0="454" y1="1358">
<Row x0="1278" x1="2326" y0="510" y1="510"/>
<Row x0="1278" x1="2326" y0="557" y1="557"/>
<Row x0="1278" x1="2326" y0="610" y1="610"/>
<Row x0="1278" x1="2326" y0="677" y1="677"/>
<Row x0="1278" x1="2326" y0="722" y1="722"/>
<Row x0="1278" x1="2326" y0="778" y1="778"/>
<Row x0="1278" x1="2326" y0="842" y1="842"/>
<Row x0="1278" x1="2326" y0="888" y1="888"/>
<Row x0="1278" x1="2326" y0="930" y1="930"/>
<Row x0="1278" x1="2326" y0="970" y1="970"/>
<Row x0="1278" x1="2326" y0="1014" y1="1014"/>
<Row x0="1278" x1="2326" y0="1065" y1="1065"/>
<Row x0="1278" x1="2326" y0="1134" y1="1134"/>
<Row x0="1278" x1="2326" y0="1181" y1="1181"/>
<Row x0="1278" x1="2326" y0="1221" y1="1221"/>
<Row x0="1278" x1="2326" y0="1264" y1="1264"/>
<Row x0="1278" x1="2326" y0="1307" y1="1307"/>
<Column x0="1810" x1="1810" y0="454" y1="1358"/>
<Column x0="2018" x1="2018" y0="454" y1="1358"/>
<Column x0="2184" x1="2184" y0="454" y1="1358"/>
<Cell dontCare="false" endCol="3" endRow="0" startCol="0" startRow="0" x0="1278" x1="2326" y0="454" y1="510">(64769,257,260)</Cell>
<Cell dontCare="true" endCol="1" endRow="0" startCol="1" startRow="0" x0="1810" x1="2018" y0="454" y1="510">(64769,257,514)</Cell>
<Cell dontCare="true" endCol="2" endRow="0" startCol="2" startRow="0" x0="2018" x1="2184" y0="454" y1="510">(64769,257,771)</Cell>
<Cell dontCare="true" endCol="3" endRow="0" startCol="3" startRow="0" x0="2184" x1="2326" y0="454" y1="510">(64769,257,1028)</Cell>
<Cell dontCare="false" endCol="0" endRow="1" startCol="0" startRow="1" x0="1278" x1="1810" y0="510" y1="557">(64769,514,257)</Cell>
<Cell dontCare="false" endCol="1" endRow="1" startCol="1" startRow="1" x0="1810" x1="2018" y0="510" y1="557">(64769,514,514)</Cell>
<Cell dontCare="false" endCol="2" endRow="1" startCol="2" startRow="1" x0="2018" x1="2184" y0="510" y1="557">(64769,514,771)</Cell>
<Cell dontCare="false" endCol="3" endRow="1" startCol="3" startRow="1" x0="2184" x1="2326" y0="510" y1="557">(64769,514,1028)</Cell>
<Cell dontCare="false" endCol="0" endRow="2" startCol="0" startRow="2" x0="1278" x1="1810" y0="557" y1="610">(64769,771,257)</Cell>
<Cell dontCare="false" endCol="1" endRow="2" startCol="1" startRow="2" x0="1810" x1="2018" y0="557" y1="610">(64769,771,514)</Cell>
<Cell dontCare="false" endCol="2" endRow="2" startCol="2" startRow="2" x0="2018" x1="2184" y0="557" y1="610">(64769,771,771)</Cell>
<Cell dontCare="false" endCol="3" endRow="2" startCol="3" startRow="2" x0="2184" x1="2326" y0="557" y1="610">(64769,771,1028)</Cell>
<Cell dontCare="false" endCol="3" endRow="3" startCol="0" startRow="3" x0="1278" x1="2326" y0="610" y1="677">(64769,1028,260)</Cell>
<Cell dontCare="true" endCol="1" endRow="3" startCol="1" startRow="3" x0="1810" x1="2018" y0="610" y1="677">(64769,1028,514)</Cell>
<Cell dontCare="true" endCol="2" endRow="3" startCol="2" startRow="3" x0="2018" x1="2184" y0="610" y1="677">(64769,1028,771)</Cell>
<Cell dontCare="true" endCol="3" endRow="3" startCol="3" startRow="3" x0="2184" x1="2326" y0="610" y1="677">(64769,1028,1028)</Cell>
<Cell dontCare="false" endCol="0" endRow="4" startCol="0" startRow="4" x0="1278" x1="1810" y0="677" y1="722">(64769,1285,257)</Cell>
<Cell dontCare="false" endCol="1" endRow="4" startCol="1" startRow="4" x0="1810" x1="2018" y0="677" y1="722">(64769,1285,514)</Cell>
<Cell dontCare="false" endCol="2" endRow="4" startCol="2" startRow="4" x0="2018" x1="2184" y0="677" y1="722">(64769,1285,771)</Cell>
<Cell dontCare="false" endCol="3" endRow="4" startCol="3" startRow="4" x0="2184" x1="2326" y0="677" y1="722">(64769,1285,1028)</Cell>
<Cell dontCare="false" endCol="0" endRow="5" startCol="0" startRow="5" x0="1278" x1="1810" y0="722" y1="778">(64769,1542,257)</Cell>
<Cell dontCare="false" endCol="1" endRow="5" startCol="1" startRow="5" x0="1810" x1="2018" y0="722" y1="778">(64769,1542,514)</Cell>
<Cell dontCare="false" endCol="2" endRow="5" startCol="2" startRow="5" x0="2018" x1="2184" y0="722" y1="778">(64769,1542,771)</Cell>
<Cell dontCare="false" endCol="3" endRow="5" startCol="3" startRow="5" x0="2184" x1="2326" y0="722" y1="778">(64769,1542,1028)</Cell>
<Cell dontCare="false" endCol="3" endRow="6" startCol="0" startRow="6" x0="1278" x1="2326" y0="778" y1="842">(64769,1799,260)</Cell>
<Cell dontCare="true" endCol="1" endRow="6" startCol="1" startRow="6" x0="1810" x1="2018" y0="778" y1="842">(64769,1799,514)</Cell>
<Cell dontCare="true" endCol="2" endRow="6" startCol="2" startRow="6" x0="2018" x1="2184" y0="778" y1="842">(64769,1799,771)</Cell>
<Cell dontCare="true" endCol="3" endRow="6" startCol="3" startRow="6" x0="2184" x1="2326" y0="778" y1="842">(64769,1799,1028)</Cell>
<Cell dontCare="false" endCol="0" endRow="7" startCol="0" startRow="7" x0="1278" x1="1810" y0="842" y1="888">(64769,2056,257)</Cell>
<Cell dontCare="false" endCol="1" endRow="7" startCol="1" startRow="7" x0="1810" x1="2018" y0="842" y1="888">(64769,2056,514)</Cell>
<Cell dontCare="false" endCol="2" endRow="7" startCol="2" startRow="7" x0="2018" x1="2184" y0="842" y1="888">(64769,2056,771)</Cell>
<Cell dontCare="false" endCol="3" endRow="7" startCol="3" startRow="7" x0="2184" x1="2326" y0="842" y1="888">(64769,2056,1028)</Cell>
<Cell dontCare="false" endCol="0" endRow="8" startCol="0" startRow="8" x0="1278" x1="1810" y0="888" y1="930">(64769,2313,257)</Cell>
<Cell dontCare="false" endCol="1" endRow="8" startCol="1" startRow="8" x0="1810" x1="2018" y0="888" y1="930">(64769,2313,514)</Cell>
<Cell dontCare="false" endCol="2" endRow="8" startCol="2" startRow="8" x0="2018" x1="2184" y0="888" y1="930">(64769,2313,771)</Cell>
<Cell dontCare="false" endCol="3" endRow="8" startCol="3" startRow="8" x0="2184" x1="2326" y0="888" y1="930">(64769,2313,1028)</Cell>
<Cell dontCare="false" endCol="0" endRow="9" startCol="0" startRow="9" x0="1278" x1="1810" y0="930" y1="970">(64769,2570,257)</Cell>
<Cell dontCare="false" endCol="1" endRow="9" startCol="1" startRow="9" x0="1810" x1="2018" y0="930" y1="970">(64769,2570,514)</Cell>
<Cell dontCare="false" endCol="2" endRow="9" startCol="2" startRow="9" x0="2018" x1="2184" y0="930" y1="970">(64769,2570,771)</Cell>
<Cell dontCare="false" endCol="3" endRow="9" startCol="3" startRow="9" x0="2184" x1="2326" y0="930" y1="970">(64769,2570,1028)</Cell>
<Cell dontCare="false" endCol="0" endRow="10" startCol="0" startRow="10" x0="1278" x1="1810" y0="970" y1="1014">(64769,2827,257)</Cell>
<Cell dontCare="false" endCol="1" endRow="10" startCol="1" startRow="10" x0="1810" x1="2018" y0="970" y1="1014">(64769,2827,514)</Cell>
<Cell dontCare="false" endCol="2" endRow="10" startCol="2" startRow="10" x0="2018" x1="2184" y0="970" y1="1014">(64769,2827,771)</Cell>
<Cell dontCare="false" endCol="3" endRow="10" startCol="3" startRow="10" x0="2184" x1="2326" y0="970" y1="1014">(64769,2827,1028)</Cell>
<Cell dontCare="false" endCol="0" endRow="11" startCol="0" startRow="11" x0="1278" x1="1810" y0="1014" y1="1065">(64769,3084,257)</Cell>
<Cell dontCare="false" endCol="1" endRow="11" startCol="1" startRow="11" x0="1810" x1="2018" y0="1014" y1="1065">(64769,3084,514)</Cell>
<Cell dontCare="false" endCol="2" endRow="11" startCol="2" startRow="11" x0="2018" x1="2184" y0="1014" y1="1065">(64769,3084,771)</Cell>
<Cell dontCare="false" endCol="3" endRow="11" startCol="3" startRow="11" x0="2184" x1="2326" y0="1014" y1="1065">(64769,3084,1028)</Cell>
<Cell dontCare="false" endCol="3" endRow="12" startCol="0" startRow="12" x0="1278" x1="2326" y0="1065" y1="1134">(64769,3341,260)</Cell>
<Cell dontCare="true" endCol="1" endRow="12" startCol="1" startRow="12" x0="1810" x1="2018" y0="1065" y1="1134">(64769,3341,514)</Cell>
<Cell dontCare="true" endCol="2" endRow="12" startCol="2" startRow="12" x0="2018" x1="2184" y0="1065" y1="1134">(64769,3341,771)</Cell>
<Cell dontCare="true" endCol="3" endRow="12" startCol="3" startRow="12" x0="2184" x1="2326" y0="1065" y1="1134">(64769,3341,1028)</Cell>
<Cell dontCare="false" endCol="0" endRow="13" startCol="0" startRow="13" x0="1278" x1="1810" y0="1134" y1="1181">(64769,3598,257)</Cell>
<Cell dontCare="false" endCol="1" endRow="13" startCol="1" startRow="13" x0="1810" x1="2018" y0="1134" y1="1181">(64769,3598,514)</Cell>
<Cell dontCare="false" endCol="2" endRow="13" startCol="2" startRow="13" x0="2018" x1="2184" y0="1134" y1="1181">(64769,3598,771)</Cell>
<Cell dontCare="false" endCol="3" endRow="13" startCol="3" startRow="13" x0="2184" x1="2326" y0="1134" y1="1181">(64769,3598,1028)</Cell>
<Cell dontCare="false" endCol="0" endRow="14" startCol="0" startRow="14" x0="1278" x1="1810" y0="1181" y1="1221">(64769,3855,257)</Cell>
<Cell dontCare="false" endCol="1" endRow="14" startCol="1" startRow="14" x0="1810" x1="2018" y0="1181" y1="1221">(64769,3855,514)</Cell>
<Cell dontCare="false" endCol="2" endRow="14" startCol="2" startRow="14" x0="2018" x1="2184" y0="1181" y1="1221">(64769,3855,771)</Cell>
<Cell dontCare="false" endCol="3" endRow="14" startCol="3" startRow="14" x0="2184" x1="2326" y0="1181" y1="1221">(64769,3855,1028)</Cell>
<Cell dontCare="false" endCol="0" endRow="15" startCol="0" startRow="15" x0="1278" x1="1810" y0="1221" y1="1264">(64769,4112,257)</Cell>
<Cell dontCare="false" endCol="1" endRow="15" startCol="1" startRow="15" x0="1810" x1="2018" y0="1221" y1="1264">(64769,4112,514)</Cell>
<Cell dontCare="false" endCol="2" endRow="15" startCol="2" startRow="15" x0="2018" x1="2184" y0="1221" y1="1264">(64769,4112,771)</Cell>
<Cell dontCare="false" endCol="3" endRow="15" startCol="3" startRow="15" x0="2184" x1="2326" y0="1221" y1="1264">(64769,4112,1028)</Cell>
<Cell dontCare="false" endCol="0" endRow="16" startCol="0" startRow="16" x0="1278" x1="1810" y0="1264" y1="1307">(64769,4369,257)</Cell>
<Cell dontCare="false" endCol="1" endRow="16" startCol="1" startRow="16" x0="1810" x1="2018" y0="1264" y1="1307">(64769,4369,514)</Cell>
<Cell dontCare="false" endCol="2" endRow="16" startCol="2" startRow="16" x0="2018" x1="2184" y0="1264" y1="1307">(64769,4369,771)</Cell>
<Cell dontCare="false" endCol="3" endRow="16" startCol="3" startRow="16" x0="2184" x1="2326" y0="1264" y1="1307">(64769,4369,1028)</Cell>
<Cell dontCare="false" endCol="0" endRow="17" startCol="0" startRow="17" x0="1278" x1="1810" y0="1307" y1="1358">(64769,4626,257)</Cell>
<Cell dontCare="false" endCol="1" endRow="17" startCol="1" startRow="17" x0="1810" x1="2018" y0="1307" y1="1358">(64769,4626,514)</Cell>
<Cell dontCare="false" endCol="2" endRow="17" startCol="2" startRow="17" x0="2018" x1="2184" y0="1307" y1="1358">(64769,4626,771)</Cell>
<Cell dontCare="false" endCol="3" endRow="17" startCol="3" startRow="17" x0="2184" x1="2326" y0="1307" y1="1358">(64769,4626,1028)</Cell>
</Table>
<Table x0="1270" x1="2328" y0="1774" y1="2368">
<Row x0="1270" x1="2328" y0="1875" y1="1875"/>
<Row x0="1270" x1="2328" y0="1962" y1="1962"/>
<Row x0="1270" x1="2328" y0="2002" y1="2002"/>
<Row x0="1270" x1="2328" y0="2095" y1="2095"/>
<Row x0="1270" x1="2328" y0="2191" y1="2191"/>
<Row x0="1270" x1="2328" y0="2230" y1="2230"/>
<Column x0="1847" x1="1847" y0="1774" y1="2368"/>
<Column x0="2038" x1="2038" y0="1774" y1="2368"/>
<Column x0="2194" x1="2194" y0="1774" y1="2368"/>
<Cell dontCare="false" endCol="0" endRow="0" startCol="0" startRow="0" x0="1270" x1="1847" y0="1774" y1="1875">(64770,257,257)</Cell>
<Cell dontCare="false" endCol="1" endRow="0" startCol="1" startRow="0" x0="1847" x1="2038" y0="1774" y1="1875">(64770,257,514)</Cell>
<Cell dontCare="false" endCol="2" endRow="0" startCol="2" startRow="0" x0="2038" x1="2194" y0="1774" y1="1875">(64770,257,771)</Cell>
<Cell dontCare="false" endCol="3" endRow="0" startCol="3" startRow="0" x0="2194" x1="2328" y0="1774" y1="1875">(64770,257,1028)</Cell>
<Cell dontCare="false" endCol="0" endRow="1" startCol="0" startRow="1" x0="1270" x1="1847" y0="1875" y1="1962">(64770,514,257)</Cell>
<Cell dontCare="false" endCol="1" endRow="1" startCol="1" startRow="1" x0="1847" x1="2038" y0="1875" y1="1962">(64770,514,514)</Cell>
<Cell dontCare="false" endCol="2" endRow="1" startCol="2" startRow="1" x0="2038" x1="2194" y0="1875" y1="1962">(64770,514,771)</Cell>
<Cell dontCare="false" endCol="3" endRow="1" startCol="3" startRow="1" x0="2194" x1="2328" y0="1875" y1="1962">(64770,514,1028)</Cell>
<Cell dontCare="false" endCol="0" endRow="2" startCol="0" startRow="2" x0="1270" x1="1847" y0="1962" y1="2002">(64770,771,257)</Cell>
<Cell dontCare="false" endCol="1" endRow="2" startCol="1" startRow="2" x0="1847" x1="2038" y0="1962" y1="2002">(64770,771,514)</Cell>
<Cell dontCare="false" endCol="2" endRow="2" startCol="2" startRow="2" x0="2038" x1="2194" y0="1962" y1="2002">(64770,771,771)</Cell>
<Cell dontCare="false" endCol="3" endRow="2" startCol="3" startRow="2" x0="2194" x1="2328" y0="1962" y1="2002">(64770,771,1028)</Cell>
<Cell dontCare="false" endCol="0" endRow="3" startCol="0" startRow="3" x0="1270" x1="1847" y0="2002" y1="2095">(64770,1028,257)</Cell>
<Cell dontCare="false" endCol="1" endRow="3" startCol="1" startRow="3" x0="1847" x1="2038" y0="2002" y1="2095">(64770,1028,514)</Cell>
<Cell dontCare="false" endCol="2" endRow="3" startCol="2" startRow="3" x0="2038" x1="2194" y0="2002" y1="2095">(64770,1028,771)</Cell>
<Cell dontCare="false" endCol="3" endRow="3" startCol="3" startRow="3" x0="2194" x1="2328" y0="2002" y1="2095">(64770,1028,1028)</Cell>
<Cell dontCare="false" endCol="0" endRow="4" startCol="0" startRow="4" x0="1270" x1="1847" y0="2095" y1="2191">(64770,1285,257)</Cell>
<Cell dontCare="false" endCol="1" endRow="4" startCol="1" startRow="4" x0="1847" x1="2038" y0="2095" y1="2191">(64770,1285,514)</Cell>
<Cell dontCare="false" endCol="2" endRow="4" startCol="2" startRow="4" x0="2038" x1="2194" y0="2095" y1="2191">(64770,1285,771)</Cell>
<Cell dontCare="false" endCol="3" endRow="4" startCol="3" startRow="4" x0="2194" x1="2328" y0="2095" y1="2191">(64770,1285,1028)</Cell>
<Cell dontCare="false" endCol="0" endRow="5" startCol="0" startRow="5" x0="1270" x1="1847" y0="2191" y1="2230">(64770,1542,257)</Cell>
<Cell dontCare="false" endCol="1" endRow="5" startCol="1" startRow="5" x0="1847" x1="2038" y0="2191" y1="2230">(64770,1542,514)</Cell>
<Cell dontCare="false" endCol="2" endRow="5" startCol="2" startRow="5" x0="2038" x1="2194" y0="2191" y1="2230">(64770,1542,771)</Cell>
<Cell dontCare="false" endCol="3" endRow="5" startCol="3" startRow="5" x0="2194" x1="2328" y0="2191" y1="2230">(64770,1542,1028)</Cell>
<Cell dontCare="false" endCol="0" endRow="6" startCol="0" startRow="6" x0="1270" x1="1847" y0="2230" y1="2368">(64770,1799,257)</Cell>
<Cell dontCare="false" endCol="1" endRow="6" startCol="1" startRow="6" x0="1847" x1="2038" y0="2230" y1="2368">(64770,1799,514)</Cell>
<Cell dontCare="false" endCol="2" endRow="6" startCol="2" startRow="6" x0="2038" x1="2194" y0="2230" y1="2368">(64770,1799,771)</Cell>
<Cell dontCare="false" endCol="3" endRow="6" startCol="3" startRow="6" x0="2194" x1="2328" y0="2230" y1="2368">(64770,1799,1028)</Cell>
</Table>
</Tables>
</GroundTruth>
