<?xml version="1.0" encoding="UTF-8" standalone="no"?>
<GroundTruth InputFile="C:\Dokumente und Einstellungen\mehmood\Desktop\dataset\skew_corrected\unlv_tables_bin_test\9534_028.png">
<Tables>
<Table x0="642" x1="1944" y0="1388" y1="1981">
<Row x0="642" x1="1944" y0="1472" y1="1472"/>
<Row x0="642" x1="1944" y0="1537" y1="1537"/>
<Row x0="642" x1="1944" y0="1582" y1="1582"/>
<Row x0="642" x1="1944" y0="1632" y1="1632"/>
<Row x0="642" x1="1944" y0="1677" y1="1677"/>
<Row x0="642" x1="1944" y0="1717" y1="1717"/>
<Row x0="642" x1="1944" y0="1760" y1="1760"/>
<Row x0="642" x1="1944" y0="1814" y1="1814"/>
<Row x0="642" x1="1944" y0="1860" y1="1860"/>
<Column x0="1135" x1="1135" y0="1388" y1="1981"/>
<Column x0="1302" x1="1302" y0="1388" y1="1981"/>
<Column x0="1447" x1="1447" y0="1388" y1="1981"/>
<Column x0="1588" x1="1588" y0="1388" y1="1981"/>
<Column x0="1738" x1="1738" y0="1388" y1="1981"/>
<Cell dontCare="false" endCol="0" endRow="0" startCol="0" startRow="0" x0="642" x1="1135" y0="1388" y1="1472">(64769,257,257)</Cell>
<Cell dontCare="false" endCol="1" endRow="0" startCol="1" startRow="0" x0="1135" x1="1302" y0="1388" y1="1472">(64769,257,514)</Cell>
<Cell dontCare="false" endCol="2" endRow="0" startCol="2" startRow="0" x0="1302" x1="1447" y0="1388" y1="1472">(64769,257,771)</Cell>
<Cell dontCare="false" endCol="3" endRow="0" startCol="3" startRow="0" x0="1447" x1="1588" y0="1388" y1="1472">(64769,257,1028)</Cell>
<Cell dontCare="false" endCol="4" endRow="0" startCol="4" startRow="0" x0="1588" x1="1738" y0="1388" y1="1472">(64769,257,1285)</Cell>
<Cell dontCare="false" endCol="5" endRow="0" startCol="5" startRow="0" x0="1738" x1="1944" y0="1388" y1="1472">(64769,257,1542)</Cell>
<Cell dontCare="false" endCol="5" endRow="1" startCol="0" startRow="1" x0="642" x1="1944" y0="1472" y1="1537">(64769,514,262)</Cell>
<Cell dontCare="true" endCol="1" endRow="1" startCol="1" startRow="1" x0="1135" x1="1302" y0="1472" y1="1537">(64769,514,514)</Cell>
<Cell dontCare="true" endCol="2" endRow="1" startCol="2" startRow="1" x0="1302" x1="1447" y0="1472" y1="1537">(64769,514,771)</Cell>
<Cell dontCare="true" endCol="3" endRow="1" startCol="3" startRow="1" x0="1447" x1="1588" y0="1472" y1="1537">(64769,514,1028)</Cell>
<Cell dontCare="true" endCol="4" endRow="1" startCol="4" startRow="1" x0="1588" x1="1738" y0="1472" y1="1537">(64769,514,1285)</Cell>
<Cell dontCare="true" endCol="5" endRow="1" startCol="5" startRow="1" x0="1738" x1="1944" y0="1472" y1="1537">(64769,514,1542)</Cell>
<Cell dontCare="false" endCol="0" endRow="2" startCol="0" startRow="2" x0="642" x1="1135" y0="1537" y1="1582">(64769,771,257)</Cell>
<Cell dontCare="false" endCol="1" endRow="2" startCol="1" startRow="2" x0="1135" x1="1302" y0="1537" y1="1582">(64769,771,514)</Cell>
<Cell dontCare="false" endCol="2" endRow="2" startCol="2" startRow="2" x0="1302" x1="1447" y0="1537" y1="1582">(64769,771,771)</Cell>
<Cell dontCare="false" endCol="3" endRow="2" startCol="3" startRow="2" x0="1447" x1="1588" y0="1537" y1="1582">(64769,771,1028)</Cell>
<Cell dontCare="false" endCol="4" endRow="2" startCol="4" startRow="2" x0="1588" x1="1738" y0="1537" y1="1582">(64769,771,1285)</Cell>
<Cell dontCare="false" endCol="5" endRow="2" startCol="5" startRow="2" x0="1738" x1="1944" y0="1537" y1="1582">(64769,771,1542)</Cell>
<Cell dontCare="false" endCol="0" endRow="3" startCol="0" startRow="3" x0="642" x1="1135" y0="1582" y1="1632">(64769,1028,257)</Cell>
<Cell dontCare="false" endCol="1" endRow="3" startCol="1" startRow="3" x0="1135" x1="1302" y0="1582" y1="1632">(64769,1028,514)</Cell>
<Cell dontCare="false" endCol="2" endRow="3" startCol="2" startRow="3" x0="1302" x1="1447" y0="1582" y1="1632">(64769,1028,771)</Cell>
<Cell dontCare="false" endCol="3" endRow="3" startCol="3" startRow="3" x0="1447" x1="1588" y0="1582" y1="1632">(64769,1028,1028)</Cell>
<Cell dontCare="false" endCol="4" endRow="3" startCol="4" startRow="3" x0="1588" x1="1738" y0="1582" y1="1632">(64769,1028,1285)</Cell>
<Cell dontCare="false" endCol="5" endRow="3" startCol="5" startRow="3" x0="1738" x1="1944" y0="1582" y1="1632">(64769,1028,1542)</Cell>
<Cell dontCare="false" endCol="0" endRow="4" startCol="0" startRow="4" x0="642" x1="1135" y0="1632" y1="1677">(64769,1285,257)</Cell>
<Cell dontCare="false" endCol="1" endRow="4" startCol="1" startRow="4" x0="1135" x1="1302" y0="1632" y1="1677">(64769,1285,514)</Cell>
<Cell dontCare="false" endCol="2" endRow="4" startCol="2" startRow="4" x0="1302" x1="1447" y0="1632" y1="1677">(64769,1285,771)</Cell>
<Cell dontCare="false" endCol="3" endRow="4" startCol="3" startRow="4" x0="1447" x1="1588" y0="1632" y1="1677">(64769,1285,1028)</Cell>
<Cell dontCare="false" endCol="4" endRow="4" startCol="4" startRow="4" x0="1588" x1="1738" y0="1632" y1="1677">(64769,1285,1285)</Cell>
<Cell dontCare="false" endCol="5" endRow="4" startCol="5" startRow="4" x0="1738" x1="1944" y0="1632" y1="1677">(64769,1285,1542)</Cell>
<Cell dontCare="false" endCol="0" endRow="5" startCol="0" startRow="5" x0="642" x1="1135" y0="1677" y1="1717">(64769,1542,257)</Cell>
<Cell dontCare="false" endCol="1" endRow="5" startCol="1" startRow="5" x0="1135" x1="1302" y0="1677" y1="1717">(64769,1542,514)</Cell>
<Cell dontCare="false" endCol="2" endRow="5" startCol="2" startRow="5" x0="1302" x1="1447" y0="1677" y1="1717">(64769,1542,771)</Cell>
<Cell dontCare="false" endCol="3" endRow="5" startCol="3" startRow="5" x0="1447" x1="1588" y0="1677" y1="1717">(64769,1542,1028)</Cell>
<Cell dontCare="false" endCol="4" endRow="5" startCol="4" startRow="5" x0="1588" x1="1738" y0="1677" y1="1717">(64769,1542,1285)</Cell>
<Cell dontCare="false" endCol="5" endRow="5" startCol="5" startRow="5" x0="1738" x1="1944" y0="1677" y1="1717">(64769,1542,1542)</Cell>
<Cell dontCare="false" endCol="0" endRow="6" startCol="0" startRow="6" x0="642" x1="1135" y0="1717" y1="1760">(64769,1799,257)</Cell>
<Cell dontCare="false" endCol="1" endRow="6" startCol="1" startRow="6" x0="1135" x1="1302" y0="1717" y1="1760">(64769,1799,514)</Cell>
<Cell dontCare="false" endCol="2" endRow="6" startCol="2" startRow="6" x0="1302" x1="1447" y0="1717" y1="1760">(64769,1799,771)</Cell>
<Cell dontCare="false" endCol="3" endRow="6" startCol="3" startRow="6" x0="1447" x1="1588" y0="1717" y1="1760">(64769,1799,1028)</Cell>
<Cell dontCare="false" endCol="4" endRow="6" startCol="4" startRow="6" x0="1588" x1="1738" y0="1717" y1="1760">(64769,1799,1285)</Cell>
<Cell dontCare="false" endCol="5" endRow="6" startCol="5" startRow="6" x0="1738" x1="1944" y0="1717" y1="1760">(64769,1799,1542)</Cell>
<Cell dontCare="false" endCol="0" endRow="7" startCol="0" startRow="7" x0="642" x1="1135" y0="1760" y1="1814">(64769,2056,257)</Cell>
<Cell dontCare="false" endCol="1" endRow="7" startCol="1" startRow="7" x0="1135" x1="1302" y0="1760" y1="1814">(64769,2056,514)</Cell>
<Cell dontCare="false" endCol="2" endRow="7" startCol="2" startRow="7" x0="1302" x1="1447" y0="1760" y1="1814">(64769,2056,771)</Cell>
<Cell dontCare="false" endCol="3" endRow="7" startCol="3" startRow="7" x0="1447" x1="1588" y0="1760" y1="1814">(64769,2056,1028)</Cell>
<Cell dontCare="false" endCol="4" endRow="7" startCol="4" startRow="7" x0="1588" x1="1738" y0="1760" y1="1814">(64769,2056,1285)</Cell>
<Cell dontCare="false" endCol="5" endRow="7" startCol="5" startRow="7" x0="1738" x1="1944" y0="1760" y1="1814">(64769,2056,1542)</Cell>
<Cell dontCare="false" endCol="0" endRow="8" startCol="0" startRow="8" x0="642" x1="1135" y0="1814" y1="1860">(64769,2313,257)</Cell>
<Cell dontCare="false" endCol="1" endRow="8" startCol="1" startRow="8" x0="1135" x1="1302" y0="1814" y1="1860">(64769,2313,514)</Cell>
<Cell dontCare="false" endCol="2" endRow="8" startCol="2" startRow="8" x0="1302" x1="1447" y0="1814" y1="1860">(64769,2313,771)</Cell>
<Cell dontCare="false" endCol="3" endRow="8" startCol="3" startRow="8" x0="1447" x1="1588" y0="1814" y1="1860">(64769,2313,1028)</Cell>
<Cell dontCare="false" endCol="4" endRow="8" startCol="4" startRow="8" x0="1588" x1="1738" y0="1814" y1="1860">(64769,2313,1285)</Cell>
<Cell dontCare="false" endCol="5" endRow="8" startCol="5" startRow="8" x0="1738" x1="1944" y0="1814" y1="1860">(64769,2313,1542)</Cell>
<Cell dontCare="false" endCol="0" endRow="9" startCol="0" startRow="9" x0="642" x1="1135" y0="1860" y1="1981">(64769,2570,257)</Cell>
<Cell dontCare="false" endCol="1" endRow="9" startCol="1" startRow="9" x0="1135" x1="1302" y0="1860" y1="1981">(64769,2570,514)</Cell>
<Cell dontCare="false" endCol="2" endRow="9" startCol="2" startRow="9" x0="1302" x1="1447" y0="1860" y1="1981">(64769,2570,771)</Cell>
<Cell dontCare="false" endCol="3" endRow="9" startCol="3" startRow="9" x0="1447" x1="1588" y0="1860" y1="1981">(64769,2570,1028)</Cell>
<Cell dontCare="false" endCol="4" endRow="9" startCol="4" startRow="9" x0="1588" x1="1738" y0="1860" y1="1981">(64769,2570,1285)</Cell>
<Cell dontCare="false" endCol="5" endRow="9" startCol="5" startRow="9" x0="1738" x1="1944" y0="1860" y1="1981">(64769,2570,1542)</Cell>
</Table>
</Tables>
</GroundTruth>
