<?xml version="1.0" encoding="UTF-8" standalone="no"?>
<GroundTruth InputFile="C:\Dokumente und Einstellungen\mehmood\Desktop\dataset\skew_corrected\unlv_tables_bin_test\9534_001.png">
<Tables>
<Table x0="196" x1="2146" y0="378" y1="956">
<Row x0="196" x1="2146" y0="456" y1="456"/>
<Row x0="196" x1="2146" y0="522" y1="522"/>
<Row x0="196" x1="2146" y0="584" y1="584"/>
<Row x0="196" x1="2146" y0="646" y1="646"/>
<Row x0="196" x1="2146" y0="718" y1="718"/>
<Row x0="196" x1="2146" y0="778" y1="778"/>
<Row x0="196" x1="2146" y0="836" y1="836"/>
<Row x0="196" x1="2146" y0="890" y1="890"/>
<Column x0="1422" x1="1422" y0="378" y1="956"/>
<Column x0="1870" x1="1870" y0="378" y1="956"/>
<Cell dontCare="false" endCol="0" endRow="0" startCol="0" startRow="0" x0="196" x1="1422" y0="378" y1="456">(64769,257,257)</Cell>
<Cell dontCare="false" endCol="1" endRow="0" startCol="1" startRow="0" x0="1422" x1="1870" y0="378" y1="456">(64769,257,514)</Cell>
<Cell dontCare="false" endCol="2" endRow="0" startCol="2" startRow="0" x0="1870" x1="2146" y0="378" y1="456">(64769,257,771)</Cell>
<Cell dontCare="false" endCol="0" endRow="1" startCol="0" startRow="1" x0="196" x1="1422" y0="456" y1="522">(64769,514,257)</Cell>
<Cell dontCare="false" endCol="1" endRow="1" startCol="1" startRow="1" x0="1422" x1="1870" y0="456" y1="522">(64769,514,514)</Cell>
<Cell dontCare="false" endCol="2" endRow="1" startCol="2" startRow="1" x0="1870" x1="2146" y0="456" y1="522">(64769,514,771)</Cell>
<Cell dontCare="false" endCol="0" endRow="2" startCol="0" startRow="2" x0="196" x1="1422" y0="522" y1="584">(64769,771,257)</Cell>
<Cell dontCare="false" endCol="1" endRow="2" startCol="1" startRow="2" x0="1422" x1="1870" y0="522" y1="584">(64769,771,514)</Cell>
<Cell dontCare="false" endCol="2" endRow="2" startCol="2" startRow="2" x0="1870" x1="2146" y0="522" y1="584">(64769,771,771)</Cell>
<Cell dontCare="false" endCol="0" endRow="3" startCol="0" startRow="3" x0="196" x1="1422" y0="584" y1="646">(64769,1028,257)</Cell>
<Cell dontCare="false" endCol="1" endRow="3" startCol="1" startRow="3" x0="1422" x1="1870" y0="584" y1="646">(64769,1028,514)</Cell>
<Cell dontCare="false" endCol="2" endRow="3" startCol="2" startRow="3" x0="1870" x1="2146" y0="584" y1="646">(64769,1028,771)</Cell>
<Cell dontCare="false" endCol="0" endRow="4" startCol="0" startRow="4" x0="196" x1="1422" y0="646" y1="718">(64769,1285,257)</Cell>
<Cell dontCare="false" endCol="1" endRow="4" startCol="1" startRow="4" x0="1422" x1="1870" y0="646" y1="718">(64769,1285,514)</Cell>
<Cell dontCare="false" endCol="2" endRow="4" startCol="2" startRow="4" x0="1870" x1="2146" y0="646" y1="718">(64769,1285,771)</Cell>
<Cell dontCare="false" endCol="0" endRow="5" startCol="0" startRow="5" x0="196" x1="1422" y0="718" y1="778">(64769,1542,257)</Cell>
<Cell dontCare="false" endCol="1" endRow="5" startCol="1" startRow="5" x0="1422" x1="1870" y0="718" y1="778">(64769,1542,514)</Cell>
<Cell dontCare="false" endCol="2" endRow="5" startCol="2" startRow="5" x0="1870" x1="2146" y0="718" y1="778">(64769,1542,771)</Cell>
<Cell dontCare="false" endCol="0" endRow="6" startCol="0" startRow="6" x0="196" x1="1422" y0="778" y1="836">(64769,1799,257)</Cell>
<Cell dontCare="false" endCol="1" endRow="6" startCol="1" startRow="6" x0="1422" x1="1870" y0="778" y1="836">(64769,1799,514)</Cell>
<Cell dontCare="false" endCol="2" endRow="6" startCol="2" startRow="6" x0="1870" x1="2146" y0="778" y1="836">(64769,1799,771)</Cell>
<Cell dontCare="false" endCol="0" endRow="7" startCol="0" startRow="7" x0="196" x1="1422" y0="836" y1="890">(64769,2056,257)</Cell>
<Cell dontCare="false" endCol="1" endRow="7" startCol="1" startRow="7" x0="1422" x1="1870" y0="836" y1="890">(64769,2056,514)</Cell>
<Cell dontCare="false" endCol="2" endRow="7" startCol="2" startRow="7" x0="1870" x1="2146" y0="836" y1="890">(64769,2056,771)</Cell>
<Cell dontCare="false" endCol="0" endRow="8" startCol="0" startRow="8" x0="196" x1="1422" y0="890" y1="956">(64769,2313,257)</Cell>
<Cell dontCare="false" endCol="1" endRow="8" startCol="1" startRow="8" x0="1422" x1="1870" y0="890" y1="956">(64769,2313,514)</Cell>
<Cell dontCare="false" endCol="2" endRow="8" startCol="2" startRow="8" x0="1870" x1="2146" y0="890" y1="956">(64769,2313,771)</Cell>
</Table>
<Table x0="184" x1="2160" y0="1028" y1="1636">
<Row x0="184" x1="2160" y0="1096" y1="1096"/>
<Row x0="184" x1="2160" y0="1238" y1="1238"/>
<Row x0="184" x1="2160" y0="1310" y1="1310"/>
<Row x0="184" x1="2160" y0="1376" y1="1376"/>
<Row x0="184" x1="2160" y0="1432" y1="1432"/>
<Row x0="184" x1="2160" y0="1492" y1="1492"/>
<Row x0="184" x1="2160" y0="1544" y1="1544"/>
<Column x0="1172" x1="1172" y0="1028" y1="1636"/>
<Column x0="1414" x1="1414" y0="1028" y1="1636"/>
<Column x0="1648" x1="1648" y0="1028" y1="1636"/>
<Column x0="1892" x1="1892" y0="1028" y1="1636"/>
<Cell dontCare="false" endCol="0" endRow="0" startCol="0" startRow="0" x0="184" x1="1172" y0="1028" y1="1096">(64770,257,257)</Cell>
<Cell dontCare="false" endCol="3" endRow="0" startCol="1" startRow="0" x0="1172" x1="1892" y0="1028" y1="1096">(64770,257,516)</Cell>
<Cell dontCare="true" endCol="2" endRow="0" startCol="2" startRow="0" x0="1414" x1="1648" y0="1028" y1="1096">(64770,257,771)</Cell>
<Cell dontCare="true" endCol="3" endRow="0" startCol="3" startRow="0" x0="1648" x1="1892" y0="1028" y1="1096">(64770,257,1028)</Cell>
<Cell dontCare="false" endCol="4" endRow="0" startCol="4" startRow="0" x0="1892" x1="2160" y0="1028" y1="1096">(64770,257,1285)</Cell>
<Cell dontCare="false" endCol="0" endRow="1" startCol="0" startRow="1" x0="184" x1="1172" y0="1096" y1="1238">(64770,514,257)</Cell>
<Cell dontCare="false" endCol="1" endRow="1" startCol="1" startRow="1" x0="1172" x1="1414" y0="1096" y1="1238">(64770,514,514)</Cell>
<Cell dontCare="false" endCol="2" endRow="1" startCol="2" startRow="1" x0="1414" x1="1648" y0="1096" y1="1238">(64770,514,771)</Cell>
<Cell dontCare="false" endCol="3" endRow="1" startCol="3" startRow="1" x0="1648" x1="1892" y0="1096" y1="1238">(64770,514,1028)</Cell>
<Cell dontCare="false" endCol="4" endRow="1" startCol="4" startRow="1" x0="1892" x1="2160" y0="1096" y1="1238">(64770,514,1285)</Cell>
<Cell dontCare="false" endCol="4" endRow="2" startCol="0" startRow="2" x0="184" x1="2160" y0="1238" y1="1310">(64770,771,261)</Cell>
<Cell dontCare="true" endCol="1" endRow="2" startCol="1" startRow="2" x0="1172" x1="1414" y0="1238" y1="1310">(64770,771,514)</Cell>
<Cell dontCare="true" endCol="2" endRow="2" startCol="2" startRow="2" x0="1414" x1="1648" y0="1238" y1="1310">(64770,771,771)</Cell>
<Cell dontCare="true" endCol="3" endRow="2" startCol="3" startRow="2" x0="1648" x1="1892" y0="1238" y1="1310">(64770,771,1028)</Cell>
<Cell dontCare="true" endCol="4" endRow="2" startCol="4" startRow="2" x0="1892" x1="2160" y0="1238" y1="1310">(64770,771,1285)</Cell>
<Cell dontCare="false" endCol="0" endRow="3" startCol="0" startRow="3" x0="184" x1="1172" y0="1310" y1="1376">(64770,1028,257)</Cell>
<Cell dontCare="false" endCol="1" endRow="3" startCol="1" startRow="3" x0="1172" x1="1414" y0="1310" y1="1376">(64770,1028,514)</Cell>
<Cell dontCare="false" endCol="2" endRow="3" startCol="2" startRow="3" x0="1414" x1="1648" y0="1310" y1="1376">(64770,1028,771)</Cell>
<Cell dontCare="false" endCol="3" endRow="3" startCol="3" startRow="3" x0="1648" x1="1892" y0="1310" y1="1376">(64770,1028,1028)</Cell>
<Cell dontCare="false" endCol="4" endRow="3" startCol="4" startRow="3" x0="1892" x1="2160" y0="1310" y1="1376">(64770,1028,1285)</Cell>
<Cell dontCare="false" endCol="0" endRow="4" startCol="0" startRow="4" x0="184" x1="1172" y0="1376" y1="1432">(64770,1285,257)</Cell>
<Cell dontCare="false" endCol="1" endRow="4" startCol="1" startRow="4" x0="1172" x1="1414" y0="1376" y1="1432">(64770,1285,514)</Cell>
<Cell dontCare="false" endCol="2" endRow="4" startCol="2" startRow="4" x0="1414" x1="1648" y0="1376" y1="1432">(64770,1285,771)</Cell>
<Cell dontCare="false" endCol="3" endRow="4" startCol="3" startRow="4" x0="1648" x1="1892" y0="1376" y1="1432">(64770,1285,1028)</Cell>
<Cell dontCare="false" endCol="4" endRow="4" startCol="4" startRow="4" x0="1892" x1="2160" y0="1376" y1="1432">(64770,1285,1285)</Cell>
<Cell dontCare="false" endCol="0" endRow="5" startCol="0" startRow="5" x0="184" x1="1172" y0="1432" y1="1492">(64770,1542,257)</Cell>
<Cell dontCare="false" endCol="1" endRow="5" startCol="1" startRow="5" x0="1172" x1="1414" y0="1432" y1="1492">(64770,1542,514)</Cell>
<Cell dontCare="false" endCol="2" endRow="5" startCol="2" startRow="5" x0="1414" x1="1648" y0="1432" y1="1492">(64770,1542,771)</Cell>
<Cell dontCare="false" endCol="3" endRow="5" startCol="3" startRow="5" x0="1648" x1="1892" y0="1432" y1="1492">(64770,1542,1028)</Cell>
<Cell dontCare="false" endCol="4" endRow="5" startCol="4" startRow="5" x0="1892" x1="2160" y0="1432" y1="1492">(64770,1542,1285)</Cell>
<Cell dontCare="false" endCol="0" endRow="6" startCol="0" startRow="6" x0="184" x1="1172" y0="1492" y1="1544">(64770,1799,257)</Cell>
<Cell dontCare="false" endCol="1" endRow="6" startCol="1" startRow="6" x0="1172" x1="1414" y0="1492" y1="1544">(64770,1799,514)</Cell>
<Cell dontCare="false" endCol="2" endRow="6" startCol="2" startRow="6" x0="1414" x1="1648" y0="1492" y1="1544">(64770,1799,771)</Cell>
<Cell dontCare="false" endCol="3" endRow="6" startCol="3" startRow="6" x0="1648" x1="1892" y0="1492" y1="1544">(64770,1799,1028)</Cell>
<Cell dontCare="false" endCol="4" endRow="6" startCol="4" startRow="6" x0="1892" x1="2160" y0="1492" y1="1544">(64770,1799,1285)</Cell>
<Cell dontCare="false" endCol="0" endRow="7" startCol="0" startRow="7" x0="184" x1="1172" y0="1544" y1="1636">(64770,2056,257)</Cell>
<Cell dontCare="false" endCol="1" endRow="7" startCol="1" startRow="7" x0="1172" x1="1414" y0="1544" y1="1636">(64770,2056,514)</Cell>
<Cell dontCare="false" endCol="2" endRow="7" startCol="2" startRow="7" x0="1414" x1="1648" y0="1544" y1="1636">(64770,2056,771)</Cell>
<Cell dontCare="false" endCol="3" endRow="7" startCol="3" startRow="7" x0="1648" x1="1892" y0="1544" y1="1636">(64770,2056,1028)</Cell>
<Cell dontCare="false" endCol="4" endRow="7" startCol="4" startRow="7" x0="1892" x1="2160" y0="1544" y1="1636">(64770,2056,1285)</Cell>
</Table>
</Tables>
</GroundTruth>
