<?xml version="1.0" encoding="UTF-8" standalone="no"?>
<GroundTruth InputFile="C:\Dokumente und Einstellungen\mehmood\Desktop\dataset\skew_corrected\unlv_tables_bin_test\9536_036.png">
<Tables>
<Table x0="1272" x1="2392" y0="2270" y1="2588">
<Row x0="1272" x1="2392" y0="2370" y1="2370"/>
<Row x0="1272" x1="2392" y0="2426" y1="2426"/>
<Row x0="1272" x1="2392" y0="2518" y1="2518"/>
<Column x0="1904" x1="1904" y0="2270" y1="2588"/>
<Column x0="2194" x1="2194" y0="2270" y1="2588"/>
<Cell dontCare="false" endCol="0" endRow="0" startCol="0" startRow="0" x0="1272" x1="1904" y0="2270" y1="2370">(64769,257,257)</Cell>
<Cell dontCare="false" endCol="1" endRow="0" startCol="1" startRow="0" x0="1904" x1="2194" y0="2270" y1="2370">(64769,257,514)</Cell>
<Cell dontCare="false" endCol="2" endRow="0" startCol="2" startRow="0" x0="2194" x1="2392" y0="2270" y1="2370">(64769,257,771)</Cell>
<Cell dontCare="false" endCol="0" endRow="1" startCol="0" startRow="1" x0="1272" x1="1904" y0="2370" y1="2426">(64769,514,257)</Cell>
<Cell dontCare="false" endCol="1" endRow="1" startCol="1" startRow="1" x0="1904" x1="2194" y0="2370" y1="2426">(64769,514,514)</Cell>
<Cell dontCare="false" endCol="2" endRow="1" startCol="2" startRow="1" x0="2194" x1="2392" y0="2370" y1="2426">(64769,514,771)</Cell>
<Cell dontCare="false" endCol="0" endRow="2" startCol="0" startRow="2" x0="1272" x1="1904" y0="2426" y1="2518">(64769,771,257)</Cell>
<Cell dontCare="false" endCol="1" endRow="2" startCol="1" startRow="2" x0="1904" x1="2194" y0="2426" y1="2518">(64769,771,514)</Cell>
<Cell dontCare="false" endCol="2" endRow="2" startCol="2" startRow="2" x0="2194" x1="2392" y0="2426" y1="2518">(64769,771,771)</Cell>
<Cell dontCare="false" endCol="0" endRow="3" startCol="0" startRow="3" x0="1272" x1="1904" y0="2518" y1="2588">(64769,1028,257)</Cell>
<Cell dontCare="false" endCol="1" endRow="3" startCol="1" startRow="3" x0="1904" x1="2194" y0="2518" y1="2588">(64769,1028,514)</Cell>
<Cell dontCare="false" endCol="2" endRow="3" startCol="2" startRow="3" x0="2194" x1="2392" y0="2518" y1="2588">(64769,1028,771)</Cell>
</Table>
</Tables>
</GroundTruth>
