<?xml version="1.0" encoding="UTF-8" standalone="no"?>
<GroundTruth InputFile="C:\Dokumente und Einstellungen\mehmood\Desktop\dataset\skew_corrected\unlv_tables_bin_test\9537_032.png">
<Tables>
<Table x0="264" x1="1370" y0="2148" y1="2476">
<Row x0="264" x1="1370" y0="2212" y1="2212"/>
<Row x0="264" x1="1370" y0="2284" y1="2284"/>
<Row x0="264" x1="1370" y0="2340" y1="2340"/>
<Row x0="264" x1="1370" y0="2402" y1="2402"/>
<Column x0="795" x1="795" y0="2148" y1="2476"/>
<Column x0="1154" x1="1154" y0="2148" y1="2476"/>
<Cell dontCare="false" endCol="0" endRow="0" startCol="0" startRow="0" x0="264" x1="795" y0="2148" y1="2212">(64769,257,257)</Cell>
<Cell dontCare="false" endCol="1" endRow="0" startCol="1" startRow="0" x0="795" x1="1154" y0="2148" y1="2212">(64769,257,514)</Cell>
<Cell dontCare="false" endCol="2" endRow="0" startCol="2" startRow="0" x0="1154" x1="1370" y0="2148" y1="2212">(64769,257,771)</Cell>
<Cell dontCare="false" endCol="0" endRow="1" startCol="0" startRow="1" x0="264" x1="795" y0="2212" y1="2284">(64769,514,257)</Cell>
<Cell dontCare="false" endCol="1" endRow="1" startCol="1" startRow="1" x0="795" x1="1154" y0="2212" y1="2284">(64769,514,514)</Cell>
<Cell dontCare="false" endCol="2" endRow="1" startCol="2" startRow="1" x0="1154" x1="1370" y0="2212" y1="2284">(64769,514,771)</Cell>
<Cell dontCare="false" endCol="0" endRow="2" startCol="0" startRow="2" x0="264" x1="795" y0="2284" y1="2340">(64769,771,257)</Cell>
<Cell dontCare="false" endCol="1" endRow="2" startCol="1" startRow="2" x0="795" x1="1154" y0="2284" y1="2340">(64769,771,514)</Cell>
<Cell dontCare="false" endCol="2" endRow="2" startCol="2" startRow="2" x0="1154" x1="1370" y0="2284" y1="2340">(64769,771,771)</Cell>
<Cell dontCare="false" endCol="0" endRow="3" startCol="0" startRow="3" x0="264" x1="795" y0="2340" y1="2402">(64769,1028,257)</Cell>
<Cell dontCare="false" endCol="1" endRow="3" startCol="1" startRow="3" x0="795" x1="1154" y0="2340" y1="2402">(64769,1028,514)</Cell>
<Cell dontCare="false" endCol="2" endRow="3" startCol="2" startRow="3" x0="1154" x1="1370" y0="2340" y1="2402">(64769,1028,771)</Cell>
<Cell dontCare="false" endCol="0" endRow="4" startCol="0" startRow="4" x0="264" x1="795" y0="2402" y1="2476">(64769,1285,257)</Cell>
<Cell dontCare="false" endCol="1" endRow="4" startCol="1" startRow="4" x0="795" x1="1154" y0="2402" y1="2476">(64769,1285,514)</Cell>
<Cell dontCare="false" endCol="2" endRow="4" startCol="2" startRow="4" x0="1154" x1="1370" y0="2402" y1="2476">(64769,1285,771)</Cell>
</Table>
</Tables>
</GroundTruth>
