<?xml version="1.0" encoding="UTF-8" standalone="no"?>
<GroundTruth InputFile="C:\Dokumente und Einstellungen\mehmood\Desktop\task_december\problem_files\9542_025.png">
<Tables>
<Table x0="380" x1="2160" y0="420" y1="1910">
<Row x0="380" x1="2160" y0="478" y1="478"/>
<Row x0="380" x1="2160" y0="546" y1="546"/>
<Row x0="380" x1="2160" y0="636" y1="636"/>
<Row x0="380" x1="2160" y0="698" y1="698"/>
<Row x0="380" x1="2160" y0="748" y1="748"/>
<Row x0="380" x1="2160" y0="858" y1="858"/>
<Row x0="380" x1="2160" y0="910" y1="910"/>
<Row x0="380" x1="2160" y0="966" y1="966"/>
<Row x0="380" x1="2160" y0="1022" y1="1022"/>
<Row x0="380" x1="2160" y0="1122" y1="1122"/>
<Row x0="380" x1="2160" y0="1180" y1="1180"/>
<Row x0="380" x1="2160" y0="1236" y1="1236"/>
<Row x0="380" x1="2160" y0="1292" y1="1292"/>
<Row x0="380" x1="2160" y0="1350" y1="1350"/>
<Row x0="380" x1="2160" y0="1460" y1="1460"/>
<Row x0="380" x1="2160" y0="1508" y1="1508"/>
<Row x0="380" x1="2160" y0="1586" y1="1586"/>
<Row x0="380" x1="2160" y0="1734" y1="1734"/>
<Row x0="380" x1="2160" y0="1798" y1="1798"/>
<Column x0="1332" x1="1332" y0="420" y1="1910"/>
<Column x0="1606" x1="1606" y0="420" y1="1910"/>
<Column x0="1866" x1="1866" y0="420" y1="1910"/>
<Cell dontCare="false" endCol="3" endRow="0" startCol="0" startRow="0" x0="380" x1="2160" y0="420" y1="478">(64769,257,260)</Cell>
<Cell dontCare="true" endCol="1" endRow="0" startCol="1" startRow="0" x0="1332" x1="1606" y0="420" y1="478">(64769,257,514)</Cell>
<Cell dontCare="true" endCol="2" endRow="0" startCol="2" startRow="0" x0="1606" x1="1866" y0="420" y1="478">(64769,257,771)</Cell>
<Cell dontCare="true" endCol="3" endRow="0" startCol="3" startRow="0" x0="1866" x1="2160" y0="420" y1="478">(64769,257,1028)</Cell>
<Cell dontCare="false" endCol="0" endRow="1" startCol="0" startRow="1" x0="380" x1="1332" y0="478" y1="546">(64769,514,257)</Cell>
<Cell dontCare="false" endCol="1" endRow="1" startCol="1" startRow="1" x0="1332" x1="1606" y0="478" y1="546">(64769,514,514)</Cell>
<Cell dontCare="false" endCol="2" endRow="1" startCol="2" startRow="1" x0="1606" x1="1866" y0="478" y1="546">(64769,514,771)</Cell>
<Cell dontCare="false" endCol="3" endRow="1" startCol="3" startRow="1" x0="1866" x1="2160" y0="478" y1="546">(64769,514,1028)</Cell>
<Cell dontCare="false" endCol="0" endRow="2" startCol="0" startRow="2" x0="380" x1="1332" y0="546" y1="636">(64769,771,257)</Cell>
<Cell dontCare="false" endCol="1" endRow="2" startCol="1" startRow="2" x0="1332" x1="1606" y0="546" y1="636">(64769,771,514)</Cell>
<Cell dontCare="false" endCol="2" endRow="2" startCol="2" startRow="2" x0="1606" x1="1866" y0="546" y1="636">(64769,771,771)</Cell>
<Cell dontCare="false" endCol="3" endRow="2" startCol="3" startRow="2" x0="1866" x1="2160" y0="546" y1="636">(64769,771,1028)</Cell>
<Cell dontCare="false" endCol="0" endRow="3" startCol="0" startRow="3" x0="380" x1="1332" y0="636" y1="698">(64769,1028,257)</Cell>
<Cell dontCare="false" endCol="1" endRow="3" startCol="1" startRow="3" x0="1332" x1="1606" y0="636" y1="698">(64769,1028,514)</Cell>
<Cell dontCare="false" endCol="2" endRow="3" startCol="2" startRow="3" x0="1606" x1="1866" y0="636" y1="698">(64769,1028,771)</Cell>
<Cell dontCare="false" endCol="3" endRow="3" startCol="3" startRow="3" x0="1866" x1="2160" y0="636" y1="698">(64769,1028,1028)</Cell>
<Cell dontCare="false" endCol="0" endRow="4" startCol="0" startRow="4" x0="380" x1="1332" y0="698" y1="748">(64769,1285,257)</Cell>
<Cell dontCare="false" endCol="1" endRow="4" startCol="1" startRow="4" x0="1332" x1="1606" y0="698" y1="748">(64769,1285,514)</Cell>
<Cell dontCare="false" endCol="2" endRow="4" startCol="2" startRow="4" x0="1606" x1="1866" y0="698" y1="748">(64769,1285,771)</Cell>
<Cell dontCare="false" endCol="3" endRow="4" startCol="3" startRow="4" x0="1866" x1="2160" y0="698" y1="748">(64769,1285,1028)</Cell>
<Cell dontCare="false" endCol="0" endRow="5" startCol="0" startRow="5" x0="380" x1="1332" y0="748" y1="858">(64769,1542,257)</Cell>
<Cell dontCare="false" endCol="1" endRow="5" startCol="1" startRow="5" x0="1332" x1="1606" y0="748" y1="858">(64769,1542,514)</Cell>
<Cell dontCare="false" endCol="2" endRow="5" startCol="2" startRow="5" x0="1606" x1="1866" y0="748" y1="858">(64769,1542,771)</Cell>
<Cell dontCare="false" endCol="3" endRow="5" startCol="3" startRow="5" x0="1866" x1="2160" y0="748" y1="858">(64769,1542,1028)</Cell>
<Cell dontCare="false" endCol="0" endRow="6" startCol="0" startRow="6" x0="380" x1="1332" y0="858" y1="910">(64769,1799,257)</Cell>
<Cell dontCare="false" endCol="1" endRow="6" startCol="1" startRow="6" x0="1332" x1="1606" y0="858" y1="910">(64769,1799,514)</Cell>
<Cell dontCare="false" endCol="2" endRow="6" startCol="2" startRow="6" x0="1606" x1="1866" y0="858" y1="910">(64769,1799,771)</Cell>
<Cell dontCare="false" endCol="3" endRow="6" startCol="3" startRow="6" x0="1866" x1="2160" y0="858" y1="910">(64769,1799,1028)</Cell>
<Cell dontCare="false" endCol="0" endRow="7" startCol="0" startRow="7" x0="380" x1="1332" y0="910" y1="966">(64769,2056,257)</Cell>
<Cell dontCare="false" endCol="1" endRow="7" startCol="1" startRow="7" x0="1332" x1="1606" y0="910" y1="966">(64769,2056,514)</Cell>
<Cell dontCare="false" endCol="2" endRow="7" startCol="2" startRow="7" x0="1606" x1="1866" y0="910" y1="966">(64769,2056,771)</Cell>
<Cell dontCare="false" endCol="3" endRow="7" startCol="3" startRow="7" x0="1866" x1="2160" y0="910" y1="966">(64769,2056,1028)</Cell>
<Cell dontCare="false" endCol="0" endRow="8" startCol="0" startRow="8" x0="380" x1="1332" y0="966" y1="1022">(64769,2313,257)</Cell>
<Cell dontCare="false" endCol="1" endRow="8" startCol="1" startRow="8" x0="1332" x1="1606" y0="966" y1="1022">(64769,2313,514)</Cell>
<Cell dontCare="false" endCol="2" endRow="8" startCol="2" startRow="8" x0="1606" x1="1866" y0="966" y1="1022">(64769,2313,771)</Cell>
<Cell dontCare="false" endCol="3" endRow="8" startCol="3" startRow="8" x0="1866" x1="2160" y0="966" y1="1022">(64769,2313,1028)</Cell>
<Cell dontCare="false" endCol="0" endRow="9" startCol="0" startRow="9" x0="380" x1="1332" y0="1022" y1="1122">(64769,2570,257)</Cell>
<Cell dontCare="false" endCol="1" endRow="9" startCol="1" startRow="9" x0="1332" x1="1606" y0="1022" y1="1122">(64769,2570,514)</Cell>
<Cell dontCare="false" endCol="2" endRow="9" startCol="2" startRow="9" x0="1606" x1="1866" y0="1022" y1="1122">(64769,2570,771)</Cell>
<Cell dontCare="false" endCol="3" endRow="9" startCol="3" startRow="9" x0="1866" x1="2160" y0="1022" y1="1122">(64769,2570,1028)</Cell>
<Cell dontCare="false" endCol="0" endRow="10" startCol="0" startRow="10" x0="380" x1="1332" y0="1122" y1="1180">(64769,2827,257)</Cell>
<Cell dontCare="false" endCol="1" endRow="10" startCol="1" startRow="10" x0="1332" x1="1606" y0="1122" y1="1180">(64769,2827,514)</Cell>
<Cell dontCare="false" endCol="2" endRow="10" startCol="2" startRow="10" x0="1606" x1="1866" y0="1122" y1="1180">(64769,2827,771)</Cell>
<Cell dontCare="false" endCol="3" endRow="10" startCol="3" startRow="10" x0="1866" x1="2160" y0="1122" y1="1180">(64769,2827,1028)</Cell>
<Cell dontCare="false" endCol="0" endRow="11" startCol="0" startRow="11" x0="380" x1="1332" y0="1180" y1="1236">(64769,3084,257)</Cell>
<Cell dontCare="false" endCol="1" endRow="11" startCol="1" startRow="11" x0="1332" x1="1606" y0="1180" y1="1236">(64769,3084,514)</Cell>
<Cell dontCare="false" endCol="2" endRow="11" startCol="2" startRow="11" x0="1606" x1="1866" y0="1180" y1="1236">(64769,3084,771)</Cell>
<Cell dontCare="false" endCol="3" endRow="11" startCol="3" startRow="11" x0="1866" x1="2160" y0="1180" y1="1236">(64769,3084,1028)</Cell>
<Cell dontCare="false" endCol="0" endRow="12" startCol="0" startRow="12" x0="380" x1="1332" y0="1236" y1="1292">(64769,3341,257)</Cell>
<Cell dontCare="false" endCol="1" endRow="12" startCol="1" startRow="12" x0="1332" x1="1606" y0="1236" y1="1292">(64769,3341,514)</Cell>
<Cell dontCare="false" endCol="2" endRow="12" startCol="2" startRow="12" x0="1606" x1="1866" y0="1236" y1="1292">(64769,3341,771)</Cell>
<Cell dontCare="false" endCol="3" endRow="12" startCol="3" startRow="12" x0="1866" x1="2160" y0="1236" y1="1292">(64769,3341,1028)</Cell>
<Cell dontCare="false" endCol="0" endRow="13" startCol="0" startRow="13" x0="380" x1="1332" y0="1292" y1="1350">(64769,3598,257)</Cell>
<Cell dontCare="false" endCol="1" endRow="13" startCol="1" startRow="13" x0="1332" x1="1606" y0="1292" y1="1350">(64769,3598,514)</Cell>
<Cell dontCare="false" endCol="2" endRow="13" startCol="2" startRow="13" x0="1606" x1="1866" y0="1292" y1="1350">(64769,3598,771)</Cell>
<Cell dontCare="false" endCol="3" endRow="13" startCol="3" startRow="13" x0="1866" x1="2160" y0="1292" y1="1350">(64769,3598,1028)</Cell>
<Cell dontCare="false" endCol="3" endRow="14" startCol="0" startRow="14" x0="380" x1="2160" y0="1350" y1="1460">(64769,3855,260)</Cell>
<Cell dontCare="true" endCol="1" endRow="14" startCol="1" startRow="14" x0="1332" x1="1606" y0="1350" y1="1460">(64769,3855,514)</Cell>
<Cell dontCare="true" endCol="2" endRow="14" startCol="2" startRow="14" x0="1606" x1="1866" y0="1350" y1="1460">(64769,3855,771)</Cell>
<Cell dontCare="true" endCol="3" endRow="14" startCol="3" startRow="14" x0="1866" x1="2160" y0="1350" y1="1460">(64769,3855,1028)</Cell>
<Cell dontCare="false" endCol="0" endRow="15" startCol="0" startRow="15" x0="380" x1="1332" y0="1460" y1="1508">(64769,4112,257)</Cell>
<Cell dontCare="false" endCol="1" endRow="15" startCol="1" startRow="15" x0="1332" x1="1606" y0="1460" y1="1508">(64769,4112,514)</Cell>
<Cell dontCare="false" endCol="2" endRow="15" startCol="2" startRow="15" x0="1606" x1="1866" y0="1460" y1="1508">(64769,4112,771)</Cell>
<Cell dontCare="false" endCol="3" endRow="15" startCol="3" startRow="15" x0="1866" x1="2160" y0="1460" y1="1508">(64769,4112,1028)</Cell>
<Cell dontCare="false" endCol="0" endRow="16" startCol="0" startRow="16" x0="380" x1="1332" y0="1508" y1="1586">(64769,4369,257)</Cell>
<Cell dontCare="false" endCol="1" endRow="16" startCol="1" startRow="16" x0="1332" x1="1606" y0="1508" y1="1586">(64769,4369,514)</Cell>
<Cell dontCare="false" endCol="2" endRow="16" startCol="2" startRow="16" x0="1606" x1="1866" y0="1508" y1="1586">(64769,4369,771)</Cell>
<Cell dontCare="false" endCol="3" endRow="16" startCol="3" startRow="16" x0="1866" x1="2160" y0="1508" y1="1586">(64769,4369,1028)</Cell>
<Cell dontCare="false" endCol="3" endRow="17" startCol="0" startRow="17" x0="380" x1="2160" y0="1586" y1="1734">(64769,4626,260)</Cell>
<Cell dontCare="true" endCol="1" endRow="17" startCol="1" startRow="17" x0="1332" x1="1606" y0="1586" y1="1734">(64769,4626,514)</Cell>
<Cell dontCare="true" endCol="2" endRow="17" startCol="2" startRow="17" x0="1606" x1="1866" y0="1586" y1="1734">(64769,4626,771)</Cell>
<Cell dontCare="true" endCol="3" endRow="17" startCol="3" startRow="17" x0="1866" x1="2160" y0="1586" y1="1734">(64769,4626,1028)</Cell>
<Cell dontCare="false" endCol="0" endRow="18" startCol="0" startRow="18" x0="380" x1="1332" y0="1734" y1="1798">(64769,4883,257)</Cell>
<Cell dontCare="false" endCol="1" endRow="18" startCol="1" startRow="18" x0="1332" x1="1606" y0="1734" y1="1798">(64769,4883,514)</Cell>
<Cell dontCare="false" endCol="2" endRow="18" startCol="2" startRow="18" x0="1606" x1="1866" y0="1734" y1="1798">(64769,4883,771)</Cell>
<Cell dontCare="false" endCol="3" endRow="18" startCol="3" startRow="18" x0="1866" x1="2160" y0="1734" y1="1798">(64769,4883,1028)</Cell>
<Cell dontCare="false" endCol="0" endRow="19" startCol="0" startRow="19" x0="380" x1="1332" y0="1798" y1="1910">(64769,5140,257)</Cell>
<Cell dontCare="false" endCol="1" endRow="19" startCol="1" startRow="19" x0="1332" x1="1606" y0="1798" y1="1910">(64769,5140,514)</Cell>
<Cell dontCare="false" endCol="2" endRow="19" startCol="2" startRow="19" x0="1606" x1="1866" y0="1798" y1="1910">(64769,5140,771)</Cell>
<Cell dontCare="false" endCol="3" endRow="19" startCol="3" startRow="19" x0="1866" x1="2160" y0="1798" y1="1910">(64769,5140,1028)</Cell>
</Table>
</Tables>
</GroundTruth>
