<?xml version="1.0" encoding="UTF-8" standalone="no"?>
<GroundTruth InputFile="C:\Dokumente und Einstellungen\mehmood\Desktop\dataset\skew_corrected\unlv_tables_bin_test\9548_034.png">
<Tables>
<Table x0="376" x1="2254" y0="1058" y1="1462">
<Row x0="376" x1="2254" y0="1120" y1="1120"/>
<Row x0="376" x1="2254" y0="1196" y1="1196"/>
<Row x0="376" x1="2254" y0="1248" y1="1248"/>
<Row x0="376" x1="2254" y0="1298" y1="1298"/>
<Row x0="376" x1="2254" y0="1344" y1="1344"/>
<Row x0="376" x1="2254" y0="1392" y1="1392"/>
<Column x0="1882" x1="1882" y0="1058" y1="1462"/>
<Column x0="2086" x1="2086" y0="1058" y1="1462"/>
<Cell dontCare="false" endCol="0" endRow="0" startCol="0" startRow="0" x0="376" x1="1882" y0="1058" y1="1120">(64769,257,257)</Cell>
<Cell dontCare="false" endCol="1" endRow="0" startCol="1" startRow="0" x0="1882" x1="2086" y0="1058" y1="1120">(64769,257,514)</Cell>
<Cell dontCare="false" endCol="2" endRow="0" startCol="2" startRow="0" x0="2086" x1="2254" y0="1058" y1="1120">(64769,257,771)</Cell>
<Cell dontCare="false" endCol="0" endRow="1" startCol="0" startRow="1" x0="376" x1="1882" y0="1120" y1="1196">(64769,514,257)</Cell>
<Cell dontCare="false" endCol="1" endRow="1" startCol="1" startRow="1" x0="1882" x1="2086" y0="1120" y1="1196">(64769,514,514)</Cell>
<Cell dontCare="false" endCol="2" endRow="1" startCol="2" startRow="1" x0="2086" x1="2254" y0="1120" y1="1196">(64769,514,771)</Cell>
<Cell dontCare="false" endCol="0" endRow="2" startCol="0" startRow="2" x0="376" x1="1882" y0="1196" y1="1248">(64769,771,257)</Cell>
<Cell dontCare="false" endCol="1" endRow="2" startCol="1" startRow="2" x0="1882" x1="2086" y0="1196" y1="1248">(64769,771,514)</Cell>
<Cell dontCare="false" endCol="2" endRow="2" startCol="2" startRow="2" x0="2086" x1="2254" y0="1196" y1="1248">(64769,771,771)</Cell>
<Cell dontCare="false" endCol="0" endRow="3" startCol="0" startRow="3" x0="376" x1="1882" y0="1248" y1="1298">(64769,1028,257)</Cell>
<Cell dontCare="false" endCol="1" endRow="3" startCol="1" startRow="3" x0="1882" x1="2086" y0="1248" y1="1298">(64769,1028,514)</Cell>
<Cell dontCare="false" endCol="2" endRow="3" startCol="2" startRow="3" x0="2086" x1="2254" y0="1248" y1="1298">(64769,1028,771)</Cell>
<Cell dontCare="false" endCol="0" endRow="4" startCol="0" startRow="4" x0="376" x1="1882" y0="1298" y1="1344">(64769,1285,257)</Cell>
<Cell dontCare="false" endCol="1" endRow="4" startCol="1" startRow="4" x0="1882" x1="2086" y0="1298" y1="1344">(64769,1285,514)</Cell>
<Cell dontCare="false" endCol="2" endRow="4" startCol="2" startRow="4" x0="2086" x1="2254" y0="1298" y1="1344">(64769,1285,771)</Cell>
<Cell dontCare="false" endCol="0" endRow="5" startCol="0" startRow="5" x0="376" x1="1882" y0="1344" y1="1392">(64769,1542,257)</Cell>
<Cell dontCare="false" endCol="1" endRow="5" startCol="1" startRow="5" x0="1882" x1="2086" y0="1344" y1="1392">(64769,1542,514)</Cell>
<Cell dontCare="false" endCol="2" endRow="5" startCol="2" startRow="5" x0="2086" x1="2254" y0="1344" y1="1392">(64769,1542,771)</Cell>
<Cell dontCare="false" endCol="0" endRow="6" startCol="0" startRow="6" x0="376" x1="1882" y0="1392" y1="1462">(64769,1799,257)</Cell>
<Cell dontCare="false" endCol="1" endRow="6" startCol="1" startRow="6" x0="1882" x1="2086" y0="1392" y1="1462">(64769,1799,514)</Cell>
<Cell dontCare="false" endCol="2" endRow="6" startCol="2" startRow="6" x0="2086" x1="2254" y0="1392" y1="1462">(64769,1799,771)</Cell>
</Table>
<Table x0="330" x1="2282" y0="2034" y1="2542">
<Row x0="330" x1="2282" y0="2174" y1="2174"/>
<Row x0="330" x1="2282" y0="2256" y1="2256"/>
<Row x0="330" x1="2282" y0="2306" y1="2306"/>
<Row x0="330" x1="2282" y0="2350" y1="2350"/>
<Row x0="330" x1="2282" y0="2398" y1="2398"/>
<Row x0="330" x1="2282" y0="2468" y1="2468"/>
<Column x0="1888" x1="1888" y0="2034" y1="2542"/>
<Column x0="2076" x1="2076" y0="2034" y1="2542"/>
<Cell dontCare="false" endCol="0" endRow="0" startCol="0" startRow="0" x0="330" x1="1888" y0="2034" y1="2174">(64770,257,257)</Cell>
<Cell dontCare="false" endCol="1" endRow="0" startCol="1" startRow="0" x0="1888" x1="2076" y0="2034" y1="2174">(64770,257,514)</Cell>
<Cell dontCare="false" endCol="2" endRow="0" startCol="2" startRow="0" x0="2076" x1="2282" y0="2034" y1="2174">(64770,257,771)</Cell>
<Cell dontCare="false" endCol="0" endRow="1" startCol="0" startRow="1" x0="330" x1="1888" y0="2174" y1="2256">(64770,514,257)</Cell>
<Cell dontCare="false" endCol="1" endRow="1" startCol="1" startRow="1" x0="1888" x1="2076" y0="2174" y1="2256">(64770,514,514)</Cell>
<Cell dontCare="false" endCol="2" endRow="1" startCol="2" startRow="1" x0="2076" x1="2282" y0="2174" y1="2256">(64770,514,771)</Cell>
<Cell dontCare="false" endCol="0" endRow="2" startCol="0" startRow="2" x0="330" x1="1888" y0="2256" y1="2306">(64770,771,257)</Cell>
<Cell dontCare="false" endCol="1" endRow="2" startCol="1" startRow="2" x0="1888" x1="2076" y0="2256" y1="2306">(64770,771,514)</Cell>
<Cell dontCare="false" endCol="2" endRow="2" startCol="2" startRow="2" x0="2076" x1="2282" y0="2256" y1="2306">(64770,771,771)</Cell>
<Cell dontCare="false" endCol="0" endRow="3" startCol="0" startRow="3" x0="330" x1="1888" y0="2306" y1="2350">(64770,1028,257)</Cell>
<Cell dontCare="false" endCol="1" endRow="3" startCol="1" startRow="3" x0="1888" x1="2076" y0="2306" y1="2350">(64770,1028,514)</Cell>
<Cell dontCare="false" endCol="2" endRow="3" startCol="2" startRow="3" x0="2076" x1="2282" y0="2306" y1="2350">(64770,1028,771)</Cell>
<Cell dontCare="false" endCol="0" endRow="4" startCol="0" startRow="4" x0="330" x1="1888" y0="2350" y1="2398">(64770,1285,257)</Cell>
<Cell dontCare="false" endCol="1" endRow="4" startCol="1" startRow="4" x0="1888" x1="2076" y0="2350" y1="2398">(64770,1285,514)</Cell>
<Cell dontCare="false" endCol="2" endRow="4" startCol="2" startRow="4" x0="2076" x1="2282" y0="2350" y1="2398">(64770,1285,771)</Cell>
<Cell dontCare="false" endCol="0" endRow="5" startCol="0" startRow="5" x0="330" x1="1888" y0="2398" y1="2468">(64770,1542,257)</Cell>
<Cell dontCare="false" endCol="1" endRow="5" startCol="1" startRow="5" x0="1888" x1="2076" y0="2398" y1="2468">(64770,1542,514)</Cell>
<Cell dontCare="false" endCol="2" endRow="5" startCol="2" startRow="5" x0="2076" x1="2282" y0="2398" y1="2468">(64770,1542,771)</Cell>
<Cell dontCare="false" endCol="0" endRow="6" startCol="0" startRow="6" x0="330" x1="1888" y0="2468" y1="2542">(64770,1799,257)</Cell>
<Cell dontCare="false" endCol="1" endRow="6" startCol="1" startRow="6" x0="1888" x1="2076" y0="2468" y1="2542">(64770,1799,514)</Cell>
<Cell dontCare="false" endCol="2" endRow="6" startCol="2" startRow="6" x0="2076" x1="2282" y0="2468" y1="2542">(64770,1799,771)</Cell>
</Table>
</Tables>
</GroundTruth>
