<?xml version="1.0" encoding="UTF-8" standalone="no"?>
<GroundTruth InputFile="C:\Dokumente und Einstellungen\mehmood\Desktop\dataset\skew_corrected\unlv_tables_bin_test\9549_023.png">
<Tables>
<Table x0="193" x1="2360" y0="340" y1="2920">
<Row x0="193" x1="2360" y0="390" y1="390"/>
<Row x0="193" x1="2360" y0="448" y1="448"/>
<Row x0="193" x1="2360" y0="508" y1="508"/>
<Row x0="193" x1="2360" y0="562" y1="562"/>
<Row x0="193" x1="2360" y0="622" y1="622"/>
<Row x0="193" x1="2360" y0="680" y1="680"/>
<Row x0="193" x1="2360" y0="742" y1="742"/>
<Row x0="193" x1="2360" y0="798" y1="798"/>
<Row x0="193" x1="2360" y0="856" y1="856"/>
<Row x0="193" x1="2360" y0="912" y1="912"/>
<Row x0="193" x1="2360" y0="988" y1="988"/>
<Row x0="193" x1="2360" y0="1048" y1="1048"/>
<Row x0="193" x1="2360" y0="1116" y1="1116"/>
<Row x0="193" x1="2360" y0="1176" y1="1176"/>
<Row x0="193" x1="2360" y0="1242" y1="1242"/>
<Row x0="193" x1="2360" y0="1298" y1="1298"/>
<Row x0="193" x1="2360" y0="1358" y1="1358"/>
<Row x0="193" x1="2360" y0="1420" y1="1420"/>
<Row x0="193" x1="2360" y0="1480" y1="1480"/>
<Row x0="193" x1="2360" y0="1538" y1="1538"/>
<Row x0="193" x1="2360" y0="1594" y1="1594"/>
<Row x0="193" x1="2360" y0="1660" y1="1660"/>
<Row x0="193" x1="2360" y0="1732" y1="1732"/>
<Row x0="193" x1="2360" y0="1796" y1="1796"/>
<Row x0="193" x1="2360" y0="1848" y1="1848"/>
<Row x0="193" x1="2360" y0="1910" y1="1910"/>
<Row x0="193" x1="2360" y0="1962" y1="1962"/>
<Row x0="193" x1="2360" y0="2030" y1="2030"/>
<Row x0="193" x1="2360" y0="2092" y1="2092"/>
<Row x0="193" x1="2360" y0="2144" y1="2144"/>
<Row x0="193" x1="2360" y0="2214" y1="2214"/>
<Row x0="193" x1="2360" y0="2290" y1="2290"/>
<Row x0="193" x1="2360" y0="2342" y1="2342"/>
<Row x0="193" x1="2360" y0="2406" y1="2406"/>
<Row x0="193" x1="2360" y0="2482" y1="2482"/>
<Row x0="193" x1="2360" y0="2544" y1="2544"/>
<Row x0="193" x1="2360" y0="2602" y1="2602"/>
<Row x0="193" x1="2360" y0="2660" y1="2660"/>
<Row x0="193" x1="2360" y0="2724" y1="2724"/>
<Row x0="193" x1="2360" y0="2782" y1="2782"/>
<Row x0="193" x1="2360" y0="2834" y1="2834"/>
<Column x0="1430" x1="1430" y0="340" y1="2920"/>
<Column x0="1770" x1="1770" y0="340" y1="2920"/>
<Column x0="2066" x1="2066" y0="340" y1="2920"/>
<Cell dontCare="false" endCol="0" endRow="0" startCol="0" startRow="0" x0="193" x1="1430" y0="340" y1="390">(64769,257,257)</Cell>
<Cell dontCare="false" endCol="1" endRow="0" startCol="1" startRow="0" x0="1430" x1="1770" y0="340" y1="390">(64769,257,514)</Cell>
<Cell dontCare="false" endCol="2" endRow="0" startCol="2" startRow="0" x0="1770" x1="2066" y0="340" y1="390">(64769,257,771)</Cell>
<Cell dontCare="false" endCol="3" endRow="0" startCol="3" startRow="0" x0="2066" x1="2360" y0="340" y1="390">(64769,257,1028)</Cell>
<Cell dontCare="false" endCol="3" endRow="1" startCol="0" startRow="1" x0="193" x1="2360" y0="390" y1="448">(64769,514,260)</Cell>
<Cell dontCare="true" endCol="1" endRow="1" startCol="1" startRow="1" x0="1430" x1="1770" y0="390" y1="448">(64769,514,514)</Cell>
<Cell dontCare="true" endCol="2" endRow="1" startCol="2" startRow="1" x0="1770" x1="2066" y0="390" y1="448">(64769,514,771)</Cell>
<Cell dontCare="true" endCol="3" endRow="1" startCol="3" startRow="1" x0="2066" x1="2360" y0="390" y1="448">(64769,514,1028)</Cell>
<Cell dontCare="false" endCol="0" endRow="2" startCol="0" startRow="2" x0="193" x1="1430" y0="448" y1="508">(64769,771,257)</Cell>
<Cell dontCare="false" endCol="1" endRow="2" startCol="1" startRow="2" x0="1430" x1="1770" y0="448" y1="508">(64769,771,514)</Cell>
<Cell dontCare="false" endCol="2" endRow="2" startCol="2" startRow="2" x0="1770" x1="2066" y0="448" y1="508">(64769,771,771)</Cell>
<Cell dontCare="false" endCol="3" endRow="2" startCol="3" startRow="2" x0="2066" x1="2360" y0="448" y1="508">(64769,771,1028)</Cell>
<Cell dontCare="false" endCol="3" endRow="3" startCol="0" startRow="3" x0="193" x1="2360" y0="508" y1="562">(64769,1028,260)</Cell>
<Cell dontCare="true" endCol="1" endRow="3" startCol="1" startRow="3" x0="1430" x1="1770" y0="508" y1="562">(64769,1028,514)</Cell>
<Cell dontCare="true" endCol="2" endRow="3" startCol="2" startRow="3" x0="1770" x1="2066" y0="508" y1="562">(64769,1028,771)</Cell>
<Cell dontCare="true" endCol="3" endRow="3" startCol="3" startRow="3" x0="2066" x1="2360" y0="508" y1="562">(64769,1028,1028)</Cell>
<Cell dontCare="false" endCol="0" endRow="4" startCol="0" startRow="4" x0="193" x1="1430" y0="562" y1="622">(64769,1285,257)</Cell>
<Cell dontCare="false" endCol="1" endRow="4" startCol="1" startRow="4" x0="1430" x1="1770" y0="562" y1="622">(64769,1285,514)</Cell>
<Cell dontCare="false" endCol="2" endRow="4" startCol="2" startRow="4" x0="1770" x1="2066" y0="562" y1="622">(64769,1285,771)</Cell>
<Cell dontCare="false" endCol="3" endRow="4" startCol="3" startRow="4" x0="2066" x1="2360" y0="562" y1="622">(64769,1285,1028)</Cell>
<Cell dontCare="false" endCol="0" endRow="5" startCol="0" startRow="5" x0="193" x1="1430" y0="622" y1="680">(64769,1542,257)</Cell>
<Cell dontCare="false" endCol="1" endRow="5" startCol="1" startRow="5" x0="1430" x1="1770" y0="622" y1="680">(64769,1542,514)</Cell>
<Cell dontCare="false" endCol="2" endRow="5" startCol="2" startRow="5" x0="1770" x1="2066" y0="622" y1="680">(64769,1542,771)</Cell>
<Cell dontCare="false" endCol="3" endRow="5" startCol="3" startRow="5" x0="2066" x1="2360" y0="622" y1="680">(64769,1542,1028)</Cell>
<Cell dontCare="false" endCol="0" endRow="6" startCol="0" startRow="6" x0="193" x1="1430" y0="680" y1="742">(64769,1799,257)</Cell>
<Cell dontCare="false" endCol="1" endRow="6" startCol="1" startRow="6" x0="1430" x1="1770" y0="680" y1="742">(64769,1799,514)</Cell>
<Cell dontCare="false" endCol="2" endRow="6" startCol="2" startRow="6" x0="1770" x1="2066" y0="680" y1="742">(64769,1799,771)</Cell>
<Cell dontCare="false" endCol="3" endRow="6" startCol="3" startRow="6" x0="2066" x1="2360" y0="680" y1="742">(64769,1799,1028)</Cell>
<Cell dontCare="false" endCol="0" endRow="7" startCol="0" startRow="7" x0="193" x1="1430" y0="742" y1="798">(64769,2056,257)</Cell>
<Cell dontCare="false" endCol="1" endRow="7" startCol="1" startRow="7" x0="1430" x1="1770" y0="742" y1="798">(64769,2056,514)</Cell>
<Cell dontCare="false" endCol="2" endRow="7" startCol="2" startRow="7" x0="1770" x1="2066" y0="742" y1="798">(64769,2056,771)</Cell>
<Cell dontCare="false" endCol="3" endRow="7" startCol="3" startRow="7" x0="2066" x1="2360" y0="742" y1="798">(64769,2056,1028)</Cell>
<Cell dontCare="false" endCol="0" endRow="8" startCol="0" startRow="8" x0="193" x1="1430" y0="798" y1="856">(64769,2313,257)</Cell>
<Cell dontCare="false" endCol="1" endRow="8" startCol="1" startRow="8" x0="1430" x1="1770" y0="798" y1="856">(64769,2313,514)</Cell>
<Cell dontCare="false" endCol="2" endRow="8" startCol="2" startRow="8" x0="1770" x1="2066" y0="798" y1="856">(64769,2313,771)</Cell>
<Cell dontCare="false" endCol="3" endRow="8" startCol="3" startRow="8" x0="2066" x1="2360" y0="798" y1="856">(64769,2313,1028)</Cell>
<Cell dontCare="false" endCol="0" endRow="9" startCol="0" startRow="9" x0="193" x1="1430" y0="856" y1="912">(64769,2570,257)</Cell>
<Cell dontCare="false" endCol="1" endRow="9" startCol="1" startRow="9" x0="1430" x1="1770" y0="856" y1="912">(64769,2570,514)</Cell>
<Cell dontCare="false" endCol="2" endRow="9" startCol="2" startRow="9" x0="1770" x1="2066" y0="856" y1="912">(64769,2570,771)</Cell>
<Cell dontCare="false" endCol="3" endRow="9" startCol="3" startRow="9" x0="2066" x1="2360" y0="856" y1="912">(64769,2570,1028)</Cell>
<Cell dontCare="false" endCol="0" endRow="10" startCol="0" startRow="10" x0="193" x1="1430" y0="912" y1="988">(64769,2827,257)</Cell>
<Cell dontCare="false" endCol="1" endRow="10" startCol="1" startRow="10" x0="1430" x1="1770" y0="912" y1="988">(64769,2827,514)</Cell>
<Cell dontCare="false" endCol="2" endRow="10" startCol="2" startRow="10" x0="1770" x1="2066" y0="912" y1="988">(64769,2827,771)</Cell>
<Cell dontCare="false" endCol="3" endRow="10" startCol="3" startRow="10" x0="2066" x1="2360" y0="912" y1="988">(64769,2827,1028)</Cell>
<Cell dontCare="false" endCol="0" endRow="11" startCol="0" startRow="11" x0="193" x1="1430" y0="988" y1="1048">(64769,3084,257)</Cell>
<Cell dontCare="false" endCol="1" endRow="11" startCol="1" startRow="11" x0="1430" x1="1770" y0="988" y1="1048">(64769,3084,514)</Cell>
<Cell dontCare="false" endCol="2" endRow="11" startCol="2" startRow="11" x0="1770" x1="2066" y0="988" y1="1048">(64769,3084,771)</Cell>
<Cell dontCare="false" endCol="3" endRow="11" startCol="3" startRow="11" x0="2066" x1="2360" y0="988" y1="1048">(64769,3084,1028)</Cell>
<Cell dontCare="false" endCol="0" endRow="12" startCol="0" startRow="12" x0="193" x1="1430" y0="1048" y1="1116">(64769,3341,257)</Cell>
<Cell dontCare="false" endCol="1" endRow="12" startCol="1" startRow="12" x0="1430" x1="1770" y0="1048" y1="1116">(64769,3341,514)</Cell>
<Cell dontCare="false" endCol="2" endRow="12" startCol="2" startRow="12" x0="1770" x1="2066" y0="1048" y1="1116">(64769,3341,771)</Cell>
<Cell dontCare="false" endCol="3" endRow="12" startCol="3" startRow="12" x0="2066" x1="2360" y0="1048" y1="1116">(64769,3341,1028)</Cell>
<Cell dontCare="false" endCol="3" endRow="13" startCol="0" startRow="13" x0="193" x1="2360" y0="1116" y1="1176">(64769,3598,260)</Cell>
<Cell dontCare="true" endCol="1" endRow="13" startCol="1" startRow="13" x0="1430" x1="1770" y0="1116" y1="1176">(64769,3598,514)</Cell>
<Cell dontCare="true" endCol="2" endRow="13" startCol="2" startRow="13" x0="1770" x1="2066" y0="1116" y1="1176">(64769,3598,771)</Cell>
<Cell dontCare="true" endCol="3" endRow="13" startCol="3" startRow="13" x0="2066" x1="2360" y0="1116" y1="1176">(64769,3598,1028)</Cell>
<Cell dontCare="false" endCol="0" endRow="14" startCol="0" startRow="14" x0="193" x1="1430" y0="1176" y1="1242">(64769,3855,257)</Cell>
<Cell dontCare="false" endCol="1" endRow="14" startCol="1" startRow="14" x0="1430" x1="1770" y0="1176" y1="1242">(64769,3855,514)</Cell>
<Cell dontCare="false" endCol="2" endRow="14" startCol="2" startRow="14" x0="1770" x1="2066" y0="1176" y1="1242">(64769,3855,771)</Cell>
<Cell dontCare="false" endCol="3" endRow="14" startCol="3" startRow="14" x0="2066" x1="2360" y0="1176" y1="1242">(64769,3855,1028)</Cell>
<Cell dontCare="false" endCol="0" endRow="15" startCol="0" startRow="15" x0="193" x1="1430" y0="1242" y1="1298">(64769,4112,257)</Cell>
<Cell dontCare="false" endCol="1" endRow="15" startCol="1" startRow="15" x0="1430" x1="1770" y0="1242" y1="1298">(64769,4112,514)</Cell>
<Cell dontCare="false" endCol="2" endRow="15" startCol="2" startRow="15" x0="1770" x1="2066" y0="1242" y1="1298">(64769,4112,771)</Cell>
<Cell dontCare="false" endCol="3" endRow="15" startCol="3" startRow="15" x0="2066" x1="2360" y0="1242" y1="1298">(64769,4112,1028)</Cell>
<Cell dontCare="false" endCol="0" endRow="16" startCol="0" startRow="16" x0="193" x1="1430" y0="1298" y1="1358">(64769,4369,257)</Cell>
<Cell dontCare="false" endCol="1" endRow="16" startCol="1" startRow="16" x0="1430" x1="1770" y0="1298" y1="1358">(64769,4369,514)</Cell>
<Cell dontCare="false" endCol="2" endRow="16" startCol="2" startRow="16" x0="1770" x1="2066" y0="1298" y1="1358">(64769,4369,771)</Cell>
<Cell dontCare="false" endCol="3" endRow="16" startCol="3" startRow="16" x0="2066" x1="2360" y0="1298" y1="1358">(64769,4369,1028)</Cell>
<Cell dontCare="false" endCol="0" endRow="17" startCol="0" startRow="17" x0="193" x1="1430" y0="1358" y1="1420">(64769,4626,257)</Cell>
<Cell dontCare="false" endCol="1" endRow="17" startCol="1" startRow="17" x0="1430" x1="1770" y0="1358" y1="1420">(64769,4626,514)</Cell>
<Cell dontCare="false" endCol="2" endRow="17" startCol="2" startRow="17" x0="1770" x1="2066" y0="1358" y1="1420">(64769,4626,771)</Cell>
<Cell dontCare="false" endCol="3" endRow="17" startCol="3" startRow="17" x0="2066" x1="2360" y0="1358" y1="1420">(64769,4626,1028)</Cell>
<Cell dontCare="false" endCol="0" endRow="18" startCol="0" startRow="18" x0="193" x1="1430" y0="1420" y1="1480">(64769,4883,257)</Cell>
<Cell dontCare="false" endCol="1" endRow="18" startCol="1" startRow="18" x0="1430" x1="1770" y0="1420" y1="1480">(64769,4883,514)</Cell>
<Cell dontCare="false" endCol="2" endRow="18" startCol="2" startRow="18" x0="1770" x1="2066" y0="1420" y1="1480">(64769,4883,771)</Cell>
<Cell dontCare="false" endCol="3" endRow="18" startCol="3" startRow="18" x0="2066" x1="2360" y0="1420" y1="1480">(64769,4883,1028)</Cell>
<Cell dontCare="false" endCol="0" endRow="19" startCol="0" startRow="19" x0="193" x1="1430" y0="1480" y1="1538">(64769,5140,257)</Cell>
<Cell dontCare="false" endCol="1" endRow="19" startCol="1" startRow="19" x0="1430" x1="1770" y0="1480" y1="1538">(64769,5140,514)</Cell>
<Cell dontCare="false" endCol="2" endRow="19" startCol="2" startRow="19" x0="1770" x1="2066" y0="1480" y1="1538">(64769,5140,771)</Cell>
<Cell dontCare="false" endCol="3" endRow="19" startCol="3" startRow="19" x0="2066" x1="2360" y0="1480" y1="1538">(64769,5140,1028)</Cell>
<Cell dontCare="false" endCol="0" endRow="20" startCol="0" startRow="20" x0="193" x1="1430" y0="1538" y1="1594">(64769,5397,257)</Cell>
<Cell dontCare="false" endCol="1" endRow="20" startCol="1" startRow="20" x0="1430" x1="1770" y0="1538" y1="1594">(64769,5397,514)</Cell>
<Cell dontCare="false" endCol="2" endRow="20" startCol="2" startRow="20" x0="1770" x1="2066" y0="1538" y1="1594">(64769,5397,771)</Cell>
<Cell dontCare="false" endCol="3" endRow="20" startCol="3" startRow="20" x0="2066" x1="2360" y0="1538" y1="1594">(64769,5397,1028)</Cell>
<Cell dontCare="false" endCol="0" endRow="21" startCol="0" startRow="21" x0="193" x1="1430" y0="1594" y1="1660">(64769,5654,257)</Cell>
<Cell dontCare="false" endCol="1" endRow="21" startCol="1" startRow="21" x0="1430" x1="1770" y0="1594" y1="1660">(64769,5654,514)</Cell>
<Cell dontCare="false" endCol="2" endRow="21" startCol="2" startRow="21" x0="1770" x1="2066" y0="1594" y1="1660">(64769,5654,771)</Cell>
<Cell dontCare="false" endCol="3" endRow="21" startCol="3" startRow="21" x0="2066" x1="2360" y0="1594" y1="1660">(64769,5654,1028)</Cell>
<Cell dontCare="false" endCol="3" endRow="22" startCol="0" startRow="22" x0="193" x1="2360" y0="1660" y1="1732">(64769,5911,260)</Cell>
<Cell dontCare="true" endCol="1" endRow="22" startCol="1" startRow="22" x0="1430" x1="1770" y0="1660" y1="1732">(64769,5911,514)</Cell>
<Cell dontCare="true" endCol="2" endRow="22" startCol="2" startRow="22" x0="1770" x1="2066" y0="1660" y1="1732">(64769,5911,771)</Cell>
<Cell dontCare="true" endCol="3" endRow="22" startCol="3" startRow="22" x0="2066" x1="2360" y0="1660" y1="1732">(64769,5911,1028)</Cell>
<Cell dontCare="false" endCol="0" endRow="23" startCol="0" startRow="23" x0="193" x1="1430" y0="1732" y1="1796">(64769,6168,257)</Cell>
<Cell dontCare="false" endCol="1" endRow="23" startCol="1" startRow="23" x0="1430" x1="1770" y0="1732" y1="1796">(64769,6168,514)</Cell>
<Cell dontCare="false" endCol="2" endRow="23" startCol="2" startRow="23" x0="1770" x1="2066" y0="1732" y1="1796">(64769,6168,771)</Cell>
<Cell dontCare="false" endCol="3" endRow="23" startCol="3" startRow="23" x0="2066" x1="2360" y0="1732" y1="1796">(64769,6168,1028)</Cell>
<Cell dontCare="false" endCol="0" endRow="24" startCol="0" startRow="24" x0="193" x1="1430" y0="1796" y1="1848">(64769,6425,257)</Cell>
<Cell dontCare="false" endCol="1" endRow="24" startCol="1" startRow="24" x0="1430" x1="1770" y0="1796" y1="1848">(64769,6425,514)</Cell>
<Cell dontCare="false" endCol="2" endRow="24" startCol="2" startRow="24" x0="1770" x1="2066" y0="1796" y1="1848">(64769,6425,771)</Cell>
<Cell dontCare="false" endCol="3" endRow="24" startCol="3" startRow="24" x0="2066" x1="2360" y0="1796" y1="1848">(64769,6425,1028)</Cell>
<Cell dontCare="false" endCol="0" endRow="25" startCol="0" startRow="25" x0="193" x1="1430" y0="1848" y1="1910">(64769,6682,257)</Cell>
<Cell dontCare="false" endCol="1" endRow="25" startCol="1" startRow="25" x0="1430" x1="1770" y0="1848" y1="1910">(64769,6682,514)</Cell>
<Cell dontCare="false" endCol="2" endRow="25" startCol="2" startRow="25" x0="1770" x1="2066" y0="1848" y1="1910">(64769,6682,771)</Cell>
<Cell dontCare="false" endCol="3" endRow="25" startCol="3" startRow="25" x0="2066" x1="2360" y0="1848" y1="1910">(64769,6682,1028)</Cell>
<Cell dontCare="false" endCol="0" endRow="26" startCol="0" startRow="26" x0="193" x1="1430" y0="1910" y1="1962">(64769,6939,257)</Cell>
<Cell dontCare="false" endCol="1" endRow="26" startCol="1" startRow="26" x0="1430" x1="1770" y0="1910" y1="1962">(64769,6939,514)</Cell>
<Cell dontCare="false" endCol="2" endRow="26" startCol="2" startRow="26" x0="1770" x1="2066" y0="1910" y1="1962">(64769,6939,771)</Cell>
<Cell dontCare="false" endCol="3" endRow="26" startCol="3" startRow="26" x0="2066" x1="2360" y0="1910" y1="1962">(64769,6939,1028)</Cell>
<Cell dontCare="false" endCol="0" endRow="27" startCol="0" startRow="27" x0="193" x1="1430" y0="1962" y1="2030">(64769,7196,257)</Cell>
<Cell dontCare="false" endCol="1" endRow="27" startCol="1" startRow="27" x0="1430" x1="1770" y0="1962" y1="2030">(64769,7196,514)</Cell>
<Cell dontCare="false" endCol="2" endRow="27" startCol="2" startRow="27" x0="1770" x1="2066" y0="1962" y1="2030">(64769,7196,771)</Cell>
<Cell dontCare="false" endCol="3" endRow="27" startCol="3" startRow="27" x0="2066" x1="2360" y0="1962" y1="2030">(64769,7196,1028)</Cell>
<Cell dontCare="false" endCol="0" endRow="28" startCol="0" startRow="28" x0="193" x1="1430" y0="2030" y1="2092">(64769,7453,257)</Cell>
<Cell dontCare="false" endCol="1" endRow="28" startCol="1" startRow="28" x0="1430" x1="1770" y0="2030" y1="2092">(64769,7453,514)</Cell>
<Cell dontCare="false" endCol="2" endRow="28" startCol="2" startRow="28" x0="1770" x1="2066" y0="2030" y1="2092">(64769,7453,771)</Cell>
<Cell dontCare="false" endCol="3" endRow="28" startCol="3" startRow="28" x0="2066" x1="2360" y0="2030" y1="2092">(64769,7453,1028)</Cell>
<Cell dontCare="false" endCol="0" endRow="29" startCol="0" startRow="29" x0="193" x1="1430" y0="2092" y1="2144">(64769,7710,257)</Cell>
<Cell dontCare="false" endCol="1" endRow="29" startCol="1" startRow="29" x0="1430" x1="1770" y0="2092" y1="2144">(64769,7710,514)</Cell>
<Cell dontCare="false" endCol="2" endRow="29" startCol="2" startRow="29" x0="1770" x1="2066" y0="2092" y1="2144">(64769,7710,771)</Cell>
<Cell dontCare="false" endCol="3" endRow="29" startCol="3" startRow="29" x0="2066" x1="2360" y0="2092" y1="2144">(64769,7710,1028)</Cell>
<Cell dontCare="false" endCol="0" endRow="30" startCol="0" startRow="30" x0="193" x1="1430" y0="2144" y1="2214">(64769,7967,257)</Cell>
<Cell dontCare="false" endCol="1" endRow="30" startCol="1" startRow="30" x0="1430" x1="1770" y0="2144" y1="2214">(64769,7967,514)</Cell>
<Cell dontCare="false" endCol="2" endRow="30" startCol="2" startRow="30" x0="1770" x1="2066" y0="2144" y1="2214">(64769,7967,771)</Cell>
<Cell dontCare="false" endCol="3" endRow="30" startCol="3" startRow="30" x0="2066" x1="2360" y0="2144" y1="2214">(64769,7967,1028)</Cell>
<Cell dontCare="false" endCol="0" endRow="31" startCol="0" startRow="31" x0="193" x1="1430" y0="2214" y1="2290">(64769,8224,257)</Cell>
<Cell dontCare="false" endCol="1" endRow="31" startCol="1" startRow="31" x0="1430" x1="1770" y0="2214" y1="2290">(64769,8224,514)</Cell>
<Cell dontCare="false" endCol="2" endRow="31" startCol="2" startRow="31" x0="1770" x1="2066" y0="2214" y1="2290">(64769,8224,771)</Cell>
<Cell dontCare="false" endCol="3" endRow="31" startCol="3" startRow="31" x0="2066" x1="2360" y0="2214" y1="2290">(64769,8224,1028)</Cell>
<Cell dontCare="false" endCol="0" endRow="32" startCol="0" startRow="32" x0="193" x1="1430" y0="2290" y1="2342">(64769,8481,257)</Cell>
<Cell dontCare="false" endCol="1" endRow="32" startCol="1" startRow="32" x0="1430" x1="1770" y0="2290" y1="2342">(64769,8481,514)</Cell>
<Cell dontCare="false" endCol="2" endRow="32" startCol="2" startRow="32" x0="1770" x1="2066" y0="2290" y1="2342">(64769,8481,771)</Cell>
<Cell dontCare="false" endCol="3" endRow="32" startCol="3" startRow="32" x0="2066" x1="2360" y0="2290" y1="2342">(64769,8481,1028)</Cell>
<Cell dontCare="false" endCol="0" endRow="33" startCol="0" startRow="33" x0="193" x1="1430" y0="2342" y1="2406">(64769,8738,257)</Cell>
<Cell dontCare="false" endCol="1" endRow="33" startCol="1" startRow="33" x0="1430" x1="1770" y0="2342" y1="2406">(64769,8738,514)</Cell>
<Cell dontCare="false" endCol="2" endRow="33" startCol="2" startRow="33" x0="1770" x1="2066" y0="2342" y1="2406">(64769,8738,771)</Cell>
<Cell dontCare="false" endCol="3" endRow="33" startCol="3" startRow="33" x0="2066" x1="2360" y0="2342" y1="2406">(64769,8738,1028)</Cell>
<Cell dontCare="false" endCol="0" endRow="34" startCol="0" startRow="34" x0="193" x1="1430" y0="2406" y1="2482">(64769,8995,257)</Cell>
<Cell dontCare="false" endCol="1" endRow="34" startCol="1" startRow="34" x0="1430" x1="1770" y0="2406" y1="2482">(64769,8995,514)</Cell>
<Cell dontCare="false" endCol="2" endRow="34" startCol="2" startRow="34" x0="1770" x1="2066" y0="2406" y1="2482">(64769,8995,771)</Cell>
<Cell dontCare="false" endCol="3" endRow="34" startCol="3" startRow="34" x0="2066" x1="2360" y0="2406" y1="2482">(64769,8995,1028)</Cell>
<Cell dontCare="false" endCol="3" endRow="35" startCol="0" startRow="35" x0="193" x1="2360" y0="2482" y1="2544">(64769,9252,260)</Cell>
<Cell dontCare="true" endCol="1" endRow="35" startCol="1" startRow="35" x0="1430" x1="1770" y0="2482" y1="2544">(64769,9252,514)</Cell>
<Cell dontCare="true" endCol="2" endRow="35" startCol="2" startRow="35" x0="1770" x1="2066" y0="2482" y1="2544">(64769,9252,771)</Cell>
<Cell dontCare="true" endCol="3" endRow="35" startCol="3" startRow="35" x0="2066" x1="2360" y0="2482" y1="2544">(64769,9252,1028)</Cell>
<Cell dontCare="false" endCol="0" endRow="36" startCol="0" startRow="36" x0="193" x1="1430" y0="2544" y1="2602">(64769,9509,257)</Cell>
<Cell dontCare="false" endCol="1" endRow="36" startCol="1" startRow="36" x0="1430" x1="1770" y0="2544" y1="2602">(64769,9509,514)</Cell>
<Cell dontCare="false" endCol="2" endRow="36" startCol="2" startRow="36" x0="1770" x1="2066" y0="2544" y1="2602">(64769,9509,771)</Cell>
<Cell dontCare="false" endCol="3" endRow="36" startCol="3" startRow="36" x0="2066" x1="2360" y0="2544" y1="2602">(64769,9509,1028)</Cell>
<Cell dontCare="false" endCol="0" endRow="37" startCol="0" startRow="37" x0="193" x1="1430" y0="2602" y1="2660">(64769,9766,257)</Cell>
<Cell dontCare="false" endCol="1" endRow="37" startCol="1" startRow="37" x0="1430" x1="1770" y0="2602" y1="2660">(64769,9766,514)</Cell>
<Cell dontCare="false" endCol="2" endRow="37" startCol="2" startRow="37" x0="1770" x1="2066" y0="2602" y1="2660">(64769,9766,771)</Cell>
<Cell dontCare="false" endCol="3" endRow="37" startCol="3" startRow="37" x0="2066" x1="2360" y0="2602" y1="2660">(64769,9766,1028)</Cell>
<Cell dontCare="false" endCol="0" endRow="38" startCol="0" startRow="38" x0="193" x1="1430" y0="2660" y1="2724">(64769,10023,257)</Cell>
<Cell dontCare="false" endCol="1" endRow="38" startCol="1" startRow="38" x0="1430" x1="1770" y0="2660" y1="2724">(64769,10023,514)</Cell>
<Cell dontCare="false" endCol="2" endRow="38" startCol="2" startRow="38" x0="1770" x1="2066" y0="2660" y1="2724">(64769,10023,771)</Cell>
<Cell dontCare="false" endCol="3" endRow="38" startCol="3" startRow="38" x0="2066" x1="2360" y0="2660" y1="2724">(64769,10023,1028)</Cell>
<Cell dontCare="false" endCol="0" endRow="39" startCol="0" startRow="39" x0="193" x1="1430" y0="2724" y1="2782">(64769,10280,257)</Cell>
<Cell dontCare="false" endCol="1" endRow="39" startCol="1" startRow="39" x0="1430" x1="1770" y0="2724" y1="2782">(64769,10280,514)</Cell>
<Cell dontCare="false" endCol="2" endRow="39" startCol="2" startRow="39" x0="1770" x1="2066" y0="2724" y1="2782">(64769,10280,771)</Cell>
<Cell dontCare="false" endCol="3" endRow="39" startCol="3" startRow="39" x0="2066" x1="2360" y0="2724" y1="2782">(64769,10280,1028)</Cell>
<Cell dontCare="false" endCol="0" endRow="40" startCol="0" startRow="40" x0="193" x1="1430" y0="2782" y1="2834">(64769,10537,257)</Cell>
<Cell dontCare="false" endCol="1" endRow="40" startCol="1" startRow="40" x0="1430" x1="1770" y0="2782" y1="2834">(64769,10537,514)</Cell>
<Cell dontCare="false" endCol="2" endRow="40" startCol="2" startRow="40" x0="1770" x1="2066" y0="2782" y1="2834">(64769,10537,771)</Cell>
<Cell dontCare="false" endCol="3" endRow="40" startCol="3" startRow="40" x0="2066" x1="2360" y0="2782" y1="2834">(64769,10537,1028)</Cell>
<Cell dontCare="false" endCol="0" endRow="41" startCol="0" startRow="41" x0="193" x1="1430" y0="2834" y1="2920">(64769,10794,257)</Cell>
<Cell dontCare="false" endCol="1" endRow="41" startCol="1" startRow="41" x0="1430" x1="1770" y0="2834" y1="2920">(64769,10794,514)</Cell>
<Cell dontCare="false" endCol="2" endRow="41" startCol="2" startRow="41" x0="1770" x1="2066" y0="2834" y1="2920">(64769,10794,771)</Cell>
<Cell dontCare="false" endCol="3" endRow="41" startCol="3" startRow="41" x0="2066" x1="2360" y0="2834" y1="2920">(64769,10794,1028)</Cell>
</Table>
</Tables>
</GroundTruth>
