<?xml version="1.0" encoding="UTF-8" standalone="no"?>
<GroundTruth InputFile="C:\Dokumente und Einstellungen\mehmood\Desktop\task_december\problem_files\9552_038.png">
<Tables>
<Table x0="80" x1="2386" y0="346" y1="2980">
<Row x0="80" x1="2386" y0="446" y1="446"/>
<Row x0="80" x1="2386" y0="524" y1="524"/>
<Row x0="80" x1="2386" y0="596" y1="596"/>
<Row x0="80" x1="2386" y0="656" y1="656"/>
<Row x0="80" x1="2386" y0="696" y1="696"/>
<Row x0="80" x1="2386" y0="742" y1="742"/>
<Row x0="80" x1="2386" y0="792" y1="792"/>
<Row x0="80" x1="2386" y0="836" y1="836"/>
<Row x0="80" x1="2386" y0="888" y1="888"/>
<Row x0="80" x1="2386" y0="942" y1="942"/>
<Row x0="80" x1="2386" y0="994" y1="994"/>
<Row x0="80" x1="2386" y0="1040" y1="1040"/>
<Row x0="80" x1="2386" y0="1082" y1="1082"/>
<Row x0="80" x1="2386" y0="1130" y1="1130"/>
<Row x0="80" x1="2386" y0="1192" y1="1192"/>
<Row x0="80" x1="2386" y0="1236" y1="1236"/>
<Row x0="80" x1="2386" y0="1284" y1="1284"/>
<Row x0="80" x1="2386" y0="1324" y1="1324"/>
<Row x0="80" x1="2386" y0="1372" y1="1372"/>
<Row x0="80" x1="2386" y0="1416" y1="1416"/>
<Row x0="80" x1="2386" y0="1466" y1="1466"/>
<Row x0="80" x1="2386" y0="1506" y1="1506"/>
<Row x0="80" x1="2386" y0="1580" y1="1580"/>
<Row x0="80" x1="2386" y0="1652" y1="1652"/>
<Row x0="80" x1="2386" y0="1694" y1="1694"/>
<Row x0="80" x1="2386" y0="1738" y1="1738"/>
<Row x0="80" x1="2386" y0="1790" y1="1790"/>
<Row x0="80" x1="2386" y0="1832" y1="1832"/>
<Row x0="80" x1="2386" y0="1880" y1="1880"/>
<Row x0="80" x1="2386" y0="1928" y1="1928"/>
<Row x0="80" x1="2386" y0="1966" y1="1966"/>
<Row x0="80" x1="2386" y0="2016" y1="2016"/>
<Row x0="80" x1="2386" y0="2080" y1="2080"/>
<Row x0="80" x1="2386" y0="2120" y1="2120"/>
<Row x0="80" x1="2386" y0="2164" y1="2164"/>
<Row x0="80" x1="2386" y0="2216" y1="2216"/>
<Row x0="80" x1="2386" y0="2262" y1="2262"/>
<Row x0="80" x1="2386" y0="2304" y1="2304"/>
<Row x0="80" x1="2386" y0="2358" y1="2358"/>
<Row x0="80" x1="2386" y0="2400" y1="2400"/>
<Row x0="80" x1="2386" y0="2440" y1="2440"/>
<Row x0="80" x1="2386" y0="2488" y1="2488"/>
<Row x0="80" x1="2386" y0="2534" y1="2534"/>
<Row x0="80" x1="2386" y0="2580" y1="2580"/>
<Row x0="80" x1="2386" y0="2622" y1="2622"/>
<Row x0="80" x1="2386" y0="2668" y1="2668"/>
<Row x0="80" x1="2386" y0="2724" y1="2724"/>
<Row x0="80" x1="2386" y0="2772" y1="2772"/>
<Row x0="80" x1="2386" y0="2816" y1="2816"/>
<Row x0="80" x1="2386" y0="2884" y1="2884"/>
<Column x0="1410" x1="1410" y0="346" y1="2980"/>
<Column x0="2090" x1="2090" y0="346" y1="2980"/>
<Cell dontCare="false" endCol="0" endRow="0" startCol="0" startRow="0" x0="80" x1="1410" y0="346" y1="446">(64769,257,257)</Cell>
<Cell dontCare="false" endCol="2" endRow="0" startCol="1" startRow="0" x0="1410" x1="2386" y0="346" y1="446">(64769,257,515)</Cell>
<Cell dontCare="true" endCol="2" endRow="0" startCol="2" startRow="0" x0="2090" x1="2386" y0="346" y1="446">(64769,257,771)</Cell>
<Cell dontCare="false" endCol="0" endRow="1" startCol="0" startRow="1" x0="80" x1="1410" y0="446" y1="524">(64769,514,257)</Cell>
<Cell dontCare="false" endCol="1" endRow="1" startCol="1" startRow="1" x0="1410" x1="2090" y0="446" y1="524">(64769,514,514)</Cell>
<Cell dontCare="false" endCol="2" endRow="1" startCol="2" startRow="1" x0="2090" x1="2386" y0="446" y1="524">(64769,514,771)</Cell>
<Cell dontCare="false" endCol="2" endRow="2" startCol="0" startRow="2" x0="80" x1="2386" y0="524" y1="596">(64769,771,259)</Cell>
<Cell dontCare="true" endCol="1" endRow="2" startCol="1" startRow="2" x0="1410" x1="2090" y0="524" y1="596">(64769,771,514)</Cell>
<Cell dontCare="true" endCol="2" endRow="2" startCol="2" startRow="2" x0="2090" x1="2386" y0="524" y1="596">(64769,771,771)</Cell>
<Cell dontCare="false" endCol="2" endRow="3" startCol="0" startRow="3" x0="80" x1="2386" y0="596" y1="656">(64769,1028,259)</Cell>
<Cell dontCare="true" endCol="1" endRow="3" startCol="1" startRow="3" x0="1410" x1="2090" y0="596" y1="656">(64769,1028,514)</Cell>
<Cell dontCare="true" endCol="2" endRow="3" startCol="2" startRow="3" x0="2090" x1="2386" y0="596" y1="656">(64769,1028,771)</Cell>
<Cell dontCare="false" endCol="0" endRow="4" startCol="0" startRow="4" x0="80" x1="1410" y0="656" y1="696">(64769,1285,257)</Cell>
<Cell dontCare="false" endCol="1" endRow="4" startCol="1" startRow="4" x0="1410" x1="2090" y0="656" y1="696">(64769,1285,514)</Cell>
<Cell dontCare="false" endCol="2" endRow="4" startCol="2" startRow="4" x0="2090" x1="2386" y0="656" y1="696">(64769,1285,771)</Cell>
<Cell dontCare="false" endCol="0" endRow="5" startCol="0" startRow="5" x0="80" x1="1410" y0="696" y1="742">(64769,1542,257)</Cell>
<Cell dontCare="false" endCol="1" endRow="5" startCol="1" startRow="5" x0="1410" x1="2090" y0="696" y1="742">(64769,1542,514)</Cell>
<Cell dontCare="false" endCol="2" endRow="5" startCol="2" startRow="5" x0="2090" x1="2386" y0="696" y1="742">(64769,1542,771)</Cell>
<Cell dontCare="false" endCol="0" endRow="6" startCol="0" startRow="6" x0="80" x1="1410" y0="742" y1="792">(64769,1799,257)</Cell>
<Cell dontCare="false" endCol="1" endRow="6" startCol="1" startRow="6" x0="1410" x1="2090" y0="742" y1="792">(64769,1799,514)</Cell>
<Cell dontCare="false" endCol="2" endRow="6" startCol="2" startRow="6" x0="2090" x1="2386" y0="742" y1="792">(64769,1799,771)</Cell>
<Cell dontCare="false" endCol="0" endRow="7" startCol="0" startRow="7" x0="80" x1="1410" y0="792" y1="836">(64769,2056,257)</Cell>
<Cell dontCare="false" endCol="1" endRow="7" startCol="1" startRow="7" x0="1410" x1="2090" y0="792" y1="836">(64769,2056,514)</Cell>
<Cell dontCare="false" endCol="2" endRow="7" startCol="2" startRow="7" x0="2090" x1="2386" y0="792" y1="836">(64769,2056,771)</Cell>
<Cell dontCare="false" endCol="0" endRow="8" startCol="0" startRow="8" x0="80" x1="1410" y0="836" y1="888">(64769,2313,257)</Cell>
<Cell dontCare="false" endCol="1" endRow="8" startCol="1" startRow="8" x0="1410" x1="2090" y0="836" y1="888">(64769,2313,514)</Cell>
<Cell dontCare="false" endCol="2" endRow="8" startCol="2" startRow="8" x0="2090" x1="2386" y0="836" y1="888">(64769,2313,771)</Cell>
<Cell dontCare="false" endCol="0" endRow="9" startCol="0" startRow="9" x0="80" x1="1410" y0="888" y1="942">(64769,2570,257)</Cell>
<Cell dontCare="false" endCol="1" endRow="9" startCol="1" startRow="9" x0="1410" x1="2090" y0="888" y1="942">(64769,2570,514)</Cell>
<Cell dontCare="false" endCol="2" endRow="9" startCol="2" startRow="9" x0="2090" x1="2386" y0="888" y1="942">(64769,2570,771)</Cell>
<Cell dontCare="false" endCol="0" endRow="10" startCol="0" startRow="10" x0="80" x1="1410" y0="942" y1="994">(64769,2827,257)</Cell>
<Cell dontCare="false" endCol="1" endRow="10" startCol="1" startRow="10" x0="1410" x1="2090" y0="942" y1="994">(64769,2827,514)</Cell>
<Cell dontCare="false" endCol="2" endRow="10" startCol="2" startRow="10" x0="2090" x1="2386" y0="942" y1="994">(64769,2827,771)</Cell>
<Cell dontCare="false" endCol="2" endRow="11" startCol="0" startRow="11" x0="80" x1="2386" y0="994" y1="1040">(64769,3084,259)</Cell>
<Cell dontCare="true" endCol="1" endRow="11" startCol="1" startRow="11" x0="1410" x1="2090" y0="994" y1="1040">(64769,3084,514)</Cell>
<Cell dontCare="true" endCol="2" endRow="11" startCol="2" startRow="11" x0="2090" x1="2386" y0="994" y1="1040">(64769,3084,771)</Cell>
<Cell dontCare="false" endCol="0" endRow="12" startCol="0" startRow="12" x0="80" x1="1410" y0="1040" y1="1082">(64769,3341,257)</Cell>
<Cell dontCare="false" endCol="1" endRow="12" startCol="1" startRow="12" x0="1410" x1="2090" y0="1040" y1="1082">(64769,3341,514)</Cell>
<Cell dontCare="false" endCol="2" endRow="12" startCol="2" startRow="12" x0="2090" x1="2386" y0="1040" y1="1082">(64769,3341,771)</Cell>
<Cell dontCare="false" endCol="0" endRow="13" startCol="0" startRow="13" x0="80" x1="1410" y0="1082" y1="1130">(64769,3598,257)</Cell>
<Cell dontCare="false" endCol="1" endRow="13" startCol="1" startRow="13" x0="1410" x1="2090" y0="1082" y1="1130">(64769,3598,514)</Cell>
<Cell dontCare="false" endCol="2" endRow="13" startCol="2" startRow="13" x0="2090" x1="2386" y0="1082" y1="1130">(64769,3598,771)</Cell>
<Cell dontCare="false" endCol="0" endRow="14" startCol="0" startRow="14" x0="80" x1="1410" y0="1130" y1="1192">(64769,3855,257)</Cell>
<Cell dontCare="false" endCol="1" endRow="14" startCol="1" startRow="14" x0="1410" x1="2090" y0="1130" y1="1192">(64769,3855,514)</Cell>
<Cell dontCare="false" endCol="2" endRow="14" startCol="2" startRow="14" x0="2090" x1="2386" y0="1130" y1="1192">(64769,3855,771)</Cell>
<Cell dontCare="false" endCol="2" endRow="15" startCol="0" startRow="15" x0="80" x1="2386" y0="1192" y1="1236">(64769,4112,259)</Cell>
<Cell dontCare="true" endCol="1" endRow="15" startCol="1" startRow="15" x0="1410" x1="2090" y0="1192" y1="1236">(64769,4112,514)</Cell>
<Cell dontCare="true" endCol="2" endRow="15" startCol="2" startRow="15" x0="2090" x1="2386" y0="1192" y1="1236">(64769,4112,771)</Cell>
<Cell dontCare="false" endCol="0" endRow="16" startCol="0" startRow="16" x0="80" x1="1410" y0="1236" y1="1284">(64769,4369,257)</Cell>
<Cell dontCare="false" endCol="1" endRow="16" startCol="1" startRow="16" x0="1410" x1="2090" y0="1236" y1="1284">(64769,4369,514)</Cell>
<Cell dontCare="false" endCol="2" endRow="16" startCol="2" startRow="16" x0="2090" x1="2386" y0="1236" y1="1284">(64769,4369,771)</Cell>
<Cell dontCare="false" endCol="0" endRow="17" startCol="0" startRow="17" x0="80" x1="1410" y0="1284" y1="1324">(64769,4626,257)</Cell>
<Cell dontCare="false" endCol="1" endRow="17" startCol="1" startRow="17" x0="1410" x1="2090" y0="1284" y1="1324">(64769,4626,514)</Cell>
<Cell dontCare="false" endCol="2" endRow="17" startCol="2" startRow="17" x0="2090" x1="2386" y0="1284" y1="1324">(64769,4626,771)</Cell>
<Cell dontCare="false" endCol="0" endRow="18" startCol="0" startRow="18" x0="80" x1="1410" y0="1324" y1="1372">(64769,4883,257)</Cell>
<Cell dontCare="false" endCol="1" endRow="18" startCol="1" startRow="18" x0="1410" x1="2090" y0="1324" y1="1372">(64769,4883,514)</Cell>
<Cell dontCare="false" endCol="2" endRow="18" startCol="2" startRow="18" x0="2090" x1="2386" y0="1324" y1="1372">(64769,4883,771)</Cell>
<Cell dontCare="false" endCol="0" endRow="19" startCol="0" startRow="19" x0="80" x1="1410" y0="1372" y1="1416">(64769,5140,257)</Cell>
<Cell dontCare="false" endCol="1" endRow="19" startCol="1" startRow="19" x0="1410" x1="2090" y0="1372" y1="1416">(64769,5140,514)</Cell>
<Cell dontCare="false" endCol="2" endRow="19" startCol="2" startRow="19" x0="2090" x1="2386" y0="1372" y1="1416">(64769,5140,771)</Cell>
<Cell dontCare="false" endCol="0" endRow="20" startCol="0" startRow="20" x0="80" x1="1410" y0="1416" y1="1466">(64769,5397,257)</Cell>
<Cell dontCare="false" endCol="1" endRow="20" startCol="1" startRow="20" x0="1410" x1="2090" y0="1416" y1="1466">(64769,5397,514)</Cell>
<Cell dontCare="false" endCol="2" endRow="20" startCol="2" startRow="20" x0="2090" x1="2386" y0="1416" y1="1466">(64769,5397,771)</Cell>
<Cell dontCare="false" endCol="0" endRow="21" startCol="0" startRow="21" x0="80" x1="1410" y0="1466" y1="1506">(64769,5654,257)</Cell>
<Cell dontCare="false" endCol="1" endRow="21" startCol="1" startRow="21" x0="1410" x1="2090" y0="1466" y1="1506">(64769,5654,514)</Cell>
<Cell dontCare="false" endCol="2" endRow="21" startCol="2" startRow="21" x0="2090" x1="2386" y0="1466" y1="1506">(64769,5654,771)</Cell>
<Cell dontCare="false" endCol="0" endRow="22" startCol="0" startRow="22" x0="80" x1="1410" y0="1506" y1="1580">(64769,5911,257)</Cell>
<Cell dontCare="false" endCol="1" endRow="22" startCol="1" startRow="22" x0="1410" x1="2090" y0="1506" y1="1580">(64769,5911,514)</Cell>
<Cell dontCare="false" endCol="2" endRow="22" startCol="2" startRow="22" x0="2090" x1="2386" y0="1506" y1="1580">(64769,5911,771)</Cell>
<Cell dontCare="false" endCol="2" endRow="23" startCol="0" startRow="23" x0="80" x1="2386" y0="1580" y1="1652">(64769,6168,259)</Cell>
<Cell dontCare="true" endCol="1" endRow="23" startCol="1" startRow="23" x0="1410" x1="2090" y0="1580" y1="1652">(64769,6168,514)</Cell>
<Cell dontCare="true" endCol="2" endRow="23" startCol="2" startRow="23" x0="2090" x1="2386" y0="1580" y1="1652">(64769,6168,771)</Cell>
<Cell dontCare="false" endCol="2" endRow="24" startCol="0" startRow="24" x0="80" x1="2386" y0="1652" y1="1694">(64769,6425,259)</Cell>
<Cell dontCare="true" endCol="1" endRow="24" startCol="1" startRow="24" x0="1410" x1="2090" y0="1652" y1="1694">(64769,6425,514)</Cell>
<Cell dontCare="true" endCol="2" endRow="24" startCol="2" startRow="24" x0="2090" x1="2386" y0="1652" y1="1694">(64769,6425,771)</Cell>
<Cell dontCare="false" endCol="0" endRow="25" startCol="0" startRow="25" x0="80" x1="1410" y0="1694" y1="1738">(64769,6682,257)</Cell>
<Cell dontCare="false" endCol="1" endRow="25" startCol="1" startRow="25" x0="1410" x1="2090" y0="1694" y1="1738">(64769,6682,514)</Cell>
<Cell dontCare="false" endCol="2" endRow="25" startCol="2" startRow="25" x0="2090" x1="2386" y0="1694" y1="1738">(64769,6682,771)</Cell>
<Cell dontCare="false" endCol="0" endRow="26" startCol="0" startRow="26" x0="80" x1="1410" y0="1738" y1="1790">(64769,6939,257)</Cell>
<Cell dontCare="false" endCol="1" endRow="26" startCol="1" startRow="26" x0="1410" x1="2090" y0="1738" y1="1790">(64769,6939,514)</Cell>
<Cell dontCare="false" endCol="2" endRow="26" startCol="2" startRow="26" x0="2090" x1="2386" y0="1738" y1="1790">(64769,6939,771)</Cell>
<Cell dontCare="false" endCol="0" endRow="27" startCol="0" startRow="27" x0="80" x1="1410" y0="1790" y1="1832">(64769,7196,257)</Cell>
<Cell dontCare="false" endCol="1" endRow="27" startCol="1" startRow="27" x0="1410" x1="2090" y0="1790" y1="1832">(64769,7196,514)</Cell>
<Cell dontCare="false" endCol="2" endRow="27" startCol="2" startRow="27" x0="2090" x1="2386" y0="1790" y1="1832">(64769,7196,771)</Cell>
<Cell dontCare="false" endCol="0" endRow="28" startCol="0" startRow="28" x0="80" x1="1410" y0="1832" y1="1880">(64769,7453,257)</Cell>
<Cell dontCare="false" endCol="1" endRow="28" startCol="1" startRow="28" x0="1410" x1="2090" y0="1832" y1="1880">(64769,7453,514)</Cell>
<Cell dontCare="false" endCol="2" endRow="28" startCol="2" startRow="28" x0="2090" x1="2386" y0="1832" y1="1880">(64769,7453,771)</Cell>
<Cell dontCare="false" endCol="0" endRow="29" startCol="0" startRow="29" x0="80" x1="1410" y0="1880" y1="1928">(64769,7710,257)</Cell>
<Cell dontCare="false" endCol="1" endRow="29" startCol="1" startRow="29" x0="1410" x1="2090" y0="1880" y1="1928">(64769,7710,514)</Cell>
<Cell dontCare="false" endCol="2" endRow="29" startCol="2" startRow="29" x0="2090" x1="2386" y0="1880" y1="1928">(64769,7710,771)</Cell>
<Cell dontCare="false" endCol="0" endRow="30" startCol="0" startRow="30" x0="80" x1="1410" y0="1928" y1="1966">(64769,7967,257)</Cell>
<Cell dontCare="false" endCol="1" endRow="30" startCol="1" startRow="30" x0="1410" x1="2090" y0="1928" y1="1966">(64769,7967,514)</Cell>
<Cell dontCare="false" endCol="2" endRow="30" startCol="2" startRow="30" x0="2090" x1="2386" y0="1928" y1="1966">(64769,7967,771)</Cell>
<Cell dontCare="false" endCol="0" endRow="31" startCol="0" startRow="31" x0="80" x1="1410" y0="1966" y1="2016">(64769,8224,257)</Cell>
<Cell dontCare="false" endCol="1" endRow="31" startCol="1" startRow="31" x0="1410" x1="2090" y0="1966" y1="2016">(64769,8224,514)</Cell>
<Cell dontCare="false" endCol="2" endRow="31" startCol="2" startRow="31" x0="2090" x1="2386" y0="1966" y1="2016">(64769,8224,771)</Cell>
<Cell dontCare="false" endCol="0" endRow="32" startCol="0" startRow="32" x0="80" x1="1410" y0="2016" y1="2080">(64769,8481,257)</Cell>
<Cell dontCare="false" endCol="1" endRow="32" startCol="1" startRow="32" x0="1410" x1="2090" y0="2016" y1="2080">(64769,8481,514)</Cell>
<Cell dontCare="false" endCol="2" endRow="32" startCol="2" startRow="32" x0="2090" x1="2386" y0="2016" y1="2080">(64769,8481,771)</Cell>
<Cell dontCare="false" endCol="0" endRow="33" startCol="0" startRow="33" x0="80" x1="1410" y0="2080" y1="2120">(64769,8738,257)</Cell>
<Cell dontCare="false" endCol="1" endRow="33" startCol="1" startRow="33" x0="1410" x1="2090" y0="2080" y1="2120">(64769,8738,514)</Cell>
<Cell dontCare="false" endCol="2" endRow="33" startCol="2" startRow="33" x0="2090" x1="2386" y0="2080" y1="2120">(64769,8738,771)</Cell>
<Cell dontCare="false" endCol="2" endRow="34" startCol="0" startRow="34" x0="80" x1="2386" y0="2120" y1="2164">(64769,8995,259)</Cell>
<Cell dontCare="true" endCol="1" endRow="34" startCol="1" startRow="34" x0="1410" x1="2090" y0="2120" y1="2164">(64769,8995,514)</Cell>
<Cell dontCare="true" endCol="2" endRow="34" startCol="2" startRow="34" x0="2090" x1="2386" y0="2120" y1="2164">(64769,8995,771)</Cell>
<Cell dontCare="false" endCol="0" endRow="35" startCol="0" startRow="35" x0="80" x1="1410" y0="2164" y1="2216">(64769,9252,257)</Cell>
<Cell dontCare="false" endCol="1" endRow="35" startCol="1" startRow="35" x0="1410" x1="2090" y0="2164" y1="2216">(64769,9252,514)</Cell>
<Cell dontCare="false" endCol="2" endRow="35" startCol="2" startRow="35" x0="2090" x1="2386" y0="2164" y1="2216">(64769,9252,771)</Cell>
<Cell dontCare="false" endCol="0" endRow="36" startCol="0" startRow="36" x0="80" x1="1410" y0="2216" y1="2262">(64769,9509,257)</Cell>
<Cell dontCare="false" endCol="1" endRow="36" startCol="1" startRow="36" x0="1410" x1="2090" y0="2216" y1="2262">(64769,9509,514)</Cell>
<Cell dontCare="false" endCol="2" endRow="36" startCol="2" startRow="36" x0="2090" x1="2386" y0="2216" y1="2262">(64769,9509,771)</Cell>
<Cell dontCare="false" endCol="0" endRow="37" startCol="0" startRow="37" x0="80" x1="1410" y0="2262" y1="2304">(64769,9766,257)</Cell>
<Cell dontCare="false" endCol="1" endRow="37" startCol="1" startRow="37" x0="1410" x1="2090" y0="2262" y1="2304">(64769,9766,514)</Cell>
<Cell dontCare="false" endCol="2" endRow="37" startCol="2" startRow="37" x0="2090" x1="2386" y0="2262" y1="2304">(64769,9766,771)</Cell>
<Cell dontCare="false" endCol="2" endRow="38" startCol="0" startRow="38" x0="80" x1="2386" y0="2304" y1="2358">(64769,10023,259)</Cell>
<Cell dontCare="true" endCol="1" endRow="38" startCol="1" startRow="38" x0="1410" x1="2090" y0="2304" y1="2358">(64769,10023,514)</Cell>
<Cell dontCare="true" endCol="2" endRow="38" startCol="2" startRow="38" x0="2090" x1="2386" y0="2304" y1="2358">(64769,10023,771)</Cell>
<Cell dontCare="false" endCol="2" endRow="39" startCol="0" startRow="39" x0="80" x1="2386" y0="2358" y1="2400">(64769,10280,259)</Cell>
<Cell dontCare="true" endCol="1" endRow="39" startCol="1" startRow="39" x0="1410" x1="2090" y0="2358" y1="2400">(64769,10280,514)</Cell>
<Cell dontCare="true" endCol="2" endRow="39" startCol="2" startRow="39" x0="2090" x1="2386" y0="2358" y1="2400">(64769,10280,771)</Cell>
<Cell dontCare="false" endCol="2" endRow="40" startCol="0" startRow="40" x0="80" x1="2386" y0="2400" y1="2440">(64769,10537,259)</Cell>
<Cell dontCare="true" endCol="1" endRow="40" startCol="1" startRow="40" x0="1410" x1="2090" y0="2400" y1="2440">(64769,10537,514)</Cell>
<Cell dontCare="true" endCol="2" endRow="40" startCol="2" startRow="40" x0="2090" x1="2386" y0="2400" y1="2440">(64769,10537,771)</Cell>
<Cell dontCare="false" endCol="0" endRow="41" startCol="0" startRow="41" x0="80" x1="1410" y0="2440" y1="2488">(64769,10794,257)</Cell>
<Cell dontCare="false" endCol="1" endRow="41" startCol="1" startRow="41" x0="1410" x1="2090" y0="2440" y1="2488">(64769,10794,514)</Cell>
<Cell dontCare="false" endCol="2" endRow="41" startCol="2" startRow="41" x0="2090" x1="2386" y0="2440" y1="2488">(64769,10794,771)</Cell>
<Cell dontCare="false" endCol="0" endRow="42" startCol="0" startRow="42" x0="80" x1="1410" y0="2488" y1="2534">(64769,11051,257)</Cell>
<Cell dontCare="false" endCol="1" endRow="42" startCol="1" startRow="42" x0="1410" x1="2090" y0="2488" y1="2534">(64769,11051,514)</Cell>
<Cell dontCare="false" endCol="2" endRow="42" startCol="2" startRow="42" x0="2090" x1="2386" y0="2488" y1="2534">(64769,11051,771)</Cell>
<Cell dontCare="false" endCol="0" endRow="43" startCol="0" startRow="43" x0="80" x1="1410" y0="2534" y1="2580">(64769,11308,257)</Cell>
<Cell dontCare="false" endCol="1" endRow="43" startCol="1" startRow="43" x0="1410" x1="2090" y0="2534" y1="2580">(64769,11308,514)</Cell>
<Cell dontCare="false" endCol="2" endRow="43" startCol="2" startRow="43" x0="2090" x1="2386" y0="2534" y1="2580">(64769,11308,771)</Cell>
<Cell dontCare="false" endCol="0" endRow="44" startCol="0" startRow="44" x0="80" x1="1410" y0="2580" y1="2622">(64769,11565,257)</Cell>
<Cell dontCare="false" endCol="1" endRow="44" startCol="1" startRow="44" x0="1410" x1="2090" y0="2580" y1="2622">(64769,11565,514)</Cell>
<Cell dontCare="false" endCol="2" endRow="44" startCol="2" startRow="44" x0="2090" x1="2386" y0="2580" y1="2622">(64769,11565,771)</Cell>
<Cell dontCare="false" endCol="0" endRow="45" startCol="0" startRow="45" x0="80" x1="1410" y0="2622" y1="2668">(64769,11822,257)</Cell>
<Cell dontCare="false" endCol="1" endRow="45" startCol="1" startRow="45" x0="1410" x1="2090" y0="2622" y1="2668">(64769,11822,514)</Cell>
<Cell dontCare="false" endCol="2" endRow="45" startCol="2" startRow="45" x0="2090" x1="2386" y0="2622" y1="2668">(64769,11822,771)</Cell>
<Cell dontCare="false" endCol="0" endRow="46" startCol="0" startRow="46" x0="80" x1="1410" y0="2668" y1="2724">(64769,12079,257)</Cell>
<Cell dontCare="false" endCol="1" endRow="46" startCol="1" startRow="46" x0="1410" x1="2090" y0="2668" y1="2724">(64769,12079,514)</Cell>
<Cell dontCare="false" endCol="2" endRow="46" startCol="2" startRow="46" x0="2090" x1="2386" y0="2668" y1="2724">(64769,12079,771)</Cell>
<Cell dontCare="false" endCol="0" endRow="47" startCol="0" startRow="47" x0="80" x1="1410" y0="2724" y1="2772">(64769,12336,257)</Cell>
<Cell dontCare="false" endCol="1" endRow="47" startCol="1" startRow="47" x0="1410" x1="2090" y0="2724" y1="2772">(64769,12336,514)</Cell>
<Cell dontCare="false" endCol="2" endRow="47" startCol="2" startRow="47" x0="2090" x1="2386" y0="2724" y1="2772">(64769,12336,771)</Cell>
<Cell dontCare="false" endCol="0" endRow="48" startCol="0" startRow="48" x0="80" x1="1410" y0="2772" y1="2816">(64769,12593,257)</Cell>
<Cell dontCare="false" endCol="1" endRow="48" startCol="1" startRow="48" x0="1410" x1="2090" y0="2772" y1="2816">(64769,12593,514)</Cell>
<Cell dontCare="false" endCol="2" endRow="48" startCol="2" startRow="48" x0="2090" x1="2386" y0="2772" y1="2816">(64769,12593,771)</Cell>
<Cell dontCare="false" endCol="0" endRow="49" startCol="0" startRow="49" x0="80" x1="1410" y0="2816" y1="2884">(64769,12850,257)</Cell>
<Cell dontCare="false" endCol="1" endRow="49" startCol="1" startRow="49" x0="1410" x1="2090" y0="2816" y1="2884">(64769,12850,514)</Cell>
<Cell dontCare="false" endCol="2" endRow="49" startCol="2" startRow="49" x0="2090" x1="2386" y0="2816" y1="2884">(64769,12850,771)</Cell>
<Cell dontCare="false" endCol="0" endRow="50" startCol="0" startRow="50" x0="80" x1="1410" y0="2884" y1="2980">(64769,13107,257)</Cell>
<Cell dontCare="false" endCol="1" endRow="50" startCol="1" startRow="50" x0="1410" x1="2090" y0="2884" y1="2980">(64769,13107,514)</Cell>
<Cell dontCare="false" endCol="2" endRow="50" startCol="2" startRow="50" x0="2090" x1="2386" y0="2884" y1="2980">(64769,13107,771)</Cell>
</Table>
</Tables>
</GroundTruth>
