<?xml version="1.0" encoding="UTF-8" standalone="no"?>
<GroundTruth InputFile="C:\Dokumente und Einstellungen\mehmood\Desktop\dataset\skew_corrected\unlv_tables_bin_test\9552_001.png">
<Tables>
<Table x0="812" x1="2314" y0="488" y1="1900">
<Row x0="812" x1="2314" y0="566" y1="566"/>
<Row x0="812" x1="2314" y0="662" y1="662"/>
<Row x0="812" x1="2314" y0="718" y1="718"/>
<Row x0="812" x1="2314" y0="892" y1="892"/>
<Row x0="812" x1="2314" y0="954" y1="954"/>
<Row x0="812" x1="2314" y0="1068" y1="1068"/>
<Row x0="812" x1="2314" y0="1124" y1="1124"/>
<Row x0="812" x1="2314" y0="1190" y1="1190"/>
<Row x0="812" x1="2314" y0="1360" y1="1360"/>
<Row x0="812" x1="2314" y0="1418" y1="1418"/>
<Row x0="812" x1="2314" y0="1534" y1="1534"/>
<Row x0="812" x1="2314" y0="1590" y1="1590"/>
<Row x0="812" x1="2314" y0="1650" y1="1650"/>
<Row x0="812" x1="2314" y0="1712" y1="1712"/>
<Row x0="812" x1="2314" y0="1774" y1="1774"/>
<Row x0="812" x1="2314" y0="1828" y1="1828"/>
<Column x0="1572" x1="1572" y0="488" y1="1900"/>
<Column x0="1802" x1="1802" y0="488" y1="1900"/>
<Column x0="2066" x1="2066" y0="488" y1="1900"/>
<Cell dontCare="false" endCol="0" endRow="0" startCol="0" startRow="0" x0="812" x1="1572" y0="488" y1="566">(64769,257,257)</Cell>
<Cell dontCare="false" endCol="1" endRow="0" startCol="1" startRow="0" x0="1572" x1="1802" y0="488" y1="566">(64769,257,514)</Cell>
<Cell dontCare="false" endCol="2" endRow="0" startCol="2" startRow="0" x0="1802" x1="2066" y0="488" y1="566">(64769,257,771)</Cell>
<Cell dontCare="false" endCol="3" endRow="0" startCol="3" startRow="0" x0="2066" x1="2314" y0="488" y1="566">(64769,257,1028)</Cell>
<Cell dontCare="false" endCol="0" endRow="1" startCol="0" startRow="1" x0="812" x1="1572" y0="566" y1="662">(64769,514,257)</Cell>
<Cell dontCare="false" endCol="1" endRow="1" startCol="1" startRow="1" x0="1572" x1="1802" y0="566" y1="662">(64769,514,514)</Cell>
<Cell dontCare="false" endCol="2" endRow="1" startCol="2" startRow="1" x0="1802" x1="2066" y0="566" y1="662">(64769,514,771)</Cell>
<Cell dontCare="false" endCol="3" endRow="1" startCol="3" startRow="1" x0="2066" x1="2314" y0="566" y1="662">(64769,514,1028)</Cell>
<Cell dontCare="false" endCol="0" endRow="2" startCol="0" startRow="2" x0="812" x1="1572" y0="662" y1="718">(64769,771,257)</Cell>
<Cell dontCare="false" endCol="1" endRow="2" startCol="1" startRow="2" x0="1572" x1="1802" y0="662" y1="718">(64769,771,514)</Cell>
<Cell dontCare="false" endCol="2" endRow="2" startCol="2" startRow="2" x0="1802" x1="2066" y0="662" y1="718">(64769,771,771)</Cell>
<Cell dontCare="false" endCol="3" endRow="2" startCol="3" startRow="2" x0="2066" x1="2314" y0="662" y1="718">(64769,771,1028)</Cell>
<Cell dontCare="false" endCol="0" endRow="3" startCol="0" startRow="3" x0="812" x1="1572" y0="718" y1="892">(64769,1028,257)</Cell>
<Cell dontCare="false" endCol="1" endRow="3" startCol="1" startRow="3" x0="1572" x1="1802" y0="718" y1="892">(64769,1028,514)</Cell>
<Cell dontCare="false" endCol="2" endRow="3" startCol="2" startRow="3" x0="1802" x1="2066" y0="718" y1="892">(64769,1028,771)</Cell>
<Cell dontCare="false" endCol="3" endRow="3" startCol="3" startRow="3" x0="2066" x1="2314" y0="718" y1="892">(64769,1028,1028)</Cell>
<Cell dontCare="false" endCol="0" endRow="4" startCol="0" startRow="4" x0="812" x1="1572" y0="892" y1="954">(64769,1285,257)</Cell>
<Cell dontCare="false" endCol="1" endRow="4" startCol="1" startRow="4" x0="1572" x1="1802" y0="892" y1="954">(64769,1285,514)</Cell>
<Cell dontCare="false" endCol="2" endRow="4" startCol="2" startRow="4" x0="1802" x1="2066" y0="892" y1="954">(64769,1285,771)</Cell>
<Cell dontCare="false" endCol="3" endRow="4" startCol="3" startRow="4" x0="2066" x1="2314" y0="892" y1="954">(64769,1285,1028)</Cell>
<Cell dontCare="false" endCol="0" endRow="5" startCol="0" startRow="5" x0="812" x1="1572" y0="954" y1="1068">(64769,1542,257)</Cell>
<Cell dontCare="false" endCol="1" endRow="5" startCol="1" startRow="5" x0="1572" x1="1802" y0="954" y1="1068">(64769,1542,514)</Cell>
<Cell dontCare="false" endCol="2" endRow="5" startCol="2" startRow="5" x0="1802" x1="2066" y0="954" y1="1068">(64769,1542,771)</Cell>
<Cell dontCare="false" endCol="3" endRow="5" startCol="3" startRow="5" x0="2066" x1="2314" y0="954" y1="1068">(64769,1542,1028)</Cell>
<Cell dontCare="false" endCol="0" endRow="6" startCol="0" startRow="6" x0="812" x1="1572" y0="1068" y1="1124">(64769,1799,257)</Cell>
<Cell dontCare="false" endCol="1" endRow="6" startCol="1" startRow="6" x0="1572" x1="1802" y0="1068" y1="1124">(64769,1799,514)</Cell>
<Cell dontCare="false" endCol="2" endRow="6" startCol="2" startRow="6" x0="1802" x1="2066" y0="1068" y1="1124">(64769,1799,771)</Cell>
<Cell dontCare="false" endCol="3" endRow="6" startCol="3" startRow="6" x0="2066" x1="2314" y0="1068" y1="1124">(64769,1799,1028)</Cell>
<Cell dontCare="false" endCol="0" endRow="7" startCol="0" startRow="7" x0="812" x1="1572" y0="1124" y1="1190">(64769,2056,257)</Cell>
<Cell dontCare="false" endCol="1" endRow="7" startCol="1" startRow="7" x0="1572" x1="1802" y0="1124" y1="1190">(64769,2056,514)</Cell>
<Cell dontCare="false" endCol="2" endRow="7" startCol="2" startRow="7" x0="1802" x1="2066" y0="1124" y1="1190">(64769,2056,771)</Cell>
<Cell dontCare="false" endCol="3" endRow="7" startCol="3" startRow="7" x0="2066" x1="2314" y0="1124" y1="1190">(64769,2056,1028)</Cell>
<Cell dontCare="false" endCol="0" endRow="8" startCol="0" startRow="8" x0="812" x1="1572" y0="1190" y1="1360">(64769,2313,257)</Cell>
<Cell dontCare="false" endCol="1" endRow="8" startCol="1" startRow="8" x0="1572" x1="1802" y0="1190" y1="1360">(64769,2313,514)</Cell>
<Cell dontCare="false" endCol="2" endRow="8" startCol="2" startRow="8" x0="1802" x1="2066" y0="1190" y1="1360">(64769,2313,771)</Cell>
<Cell dontCare="false" endCol="3" endRow="8" startCol="3" startRow="8" x0="2066" x1="2314" y0="1190" y1="1360">(64769,2313,1028)</Cell>
<Cell dontCare="false" endCol="0" endRow="9" startCol="0" startRow="9" x0="812" x1="1572" y0="1360" y1="1418">(64769,2570,257)</Cell>
<Cell dontCare="false" endCol="1" endRow="9" startCol="1" startRow="9" x0="1572" x1="1802" y0="1360" y1="1418">(64769,2570,514)</Cell>
<Cell dontCare="false" endCol="2" endRow="9" startCol="2" startRow="9" x0="1802" x1="2066" y0="1360" y1="1418">(64769,2570,771)</Cell>
<Cell dontCare="false" endCol="3" endRow="9" startCol="3" startRow="9" x0="2066" x1="2314" y0="1360" y1="1418">(64769,2570,1028)</Cell>
<Cell dontCare="false" endCol="0" endRow="10" startCol="0" startRow="10" x0="812" x1="1572" y0="1418" y1="1534">(64769,2827,257)</Cell>
<Cell dontCare="false" endCol="1" endRow="10" startCol="1" startRow="10" x0="1572" x1="1802" y0="1418" y1="1534">(64769,2827,514)</Cell>
<Cell dontCare="false" endCol="2" endRow="10" startCol="2" startRow="10" x0="1802" x1="2066" y0="1418" y1="1534">(64769,2827,771)</Cell>
<Cell dontCare="false" endCol="3" endRow="10" startCol="3" startRow="10" x0="2066" x1="2314" y0="1418" y1="1534">(64769,2827,1028)</Cell>
<Cell dontCare="false" endCol="0" endRow="11" startCol="0" startRow="11" x0="812" x1="1572" y0="1534" y1="1590">(64769,3084,257)</Cell>
<Cell dontCare="false" endCol="1" endRow="11" startCol="1" startRow="11" x0="1572" x1="1802" y0="1534" y1="1590">(64769,3084,514)</Cell>
<Cell dontCare="false" endCol="2" endRow="11" startCol="2" startRow="11" x0="1802" x1="2066" y0="1534" y1="1590">(64769,3084,771)</Cell>
<Cell dontCare="false" endCol="3" endRow="11" startCol="3" startRow="11" x0="2066" x1="2314" y0="1534" y1="1590">(64769,3084,1028)</Cell>
<Cell dontCare="false" endCol="0" endRow="12" startCol="0" startRow="12" x0="812" x1="1572" y0="1590" y1="1650">(64769,3341,257)</Cell>
<Cell dontCare="false" endCol="1" endRow="12" startCol="1" startRow="12" x0="1572" x1="1802" y0="1590" y1="1650">(64769,3341,514)</Cell>
<Cell dontCare="false" endCol="2" endRow="12" startCol="2" startRow="12" x0="1802" x1="2066" y0="1590" y1="1650">(64769,3341,771)</Cell>
<Cell dontCare="false" endCol="3" endRow="12" startCol="3" startRow="12" x0="2066" x1="2314" y0="1590" y1="1650">(64769,3341,1028)</Cell>
<Cell dontCare="false" endCol="0" endRow="13" startCol="0" startRow="13" x0="812" x1="1572" y0="1650" y1="1712">(64769,3598,257)</Cell>
<Cell dontCare="false" endCol="1" endRow="13" startCol="1" startRow="13" x0="1572" x1="1802" y0="1650" y1="1712">(64769,3598,514)</Cell>
<Cell dontCare="false" endCol="2" endRow="13" startCol="2" startRow="13" x0="1802" x1="2066" y0="1650" y1="1712">(64769,3598,771)</Cell>
<Cell dontCare="false" endCol="3" endRow="13" startCol="3" startRow="13" x0="2066" x1="2314" y0="1650" y1="1712">(64769,3598,1028)</Cell>
<Cell dontCare="false" endCol="0" endRow="14" startCol="0" startRow="14" x0="812" x1="1572" y0="1712" y1="1774">(64769,3855,257)</Cell>
<Cell dontCare="false" endCol="1" endRow="14" startCol="1" startRow="14" x0="1572" x1="1802" y0="1712" y1="1774">(64769,3855,514)</Cell>
<Cell dontCare="false" endCol="2" endRow="14" startCol="2" startRow="14" x0="1802" x1="2066" y0="1712" y1="1774">(64769,3855,771)</Cell>
<Cell dontCare="false" endCol="3" endRow="14" startCol="3" startRow="14" x0="2066" x1="2314" y0="1712" y1="1774">(64769,3855,1028)</Cell>
<Cell dontCare="false" endCol="0" endRow="15" startCol="0" startRow="15" x0="812" x1="1572" y0="1774" y1="1828">(64769,4112,257)</Cell>
<Cell dontCare="false" endCol="1" endRow="15" startCol="1" startRow="15" x0="1572" x1="1802" y0="1774" y1="1828">(64769,4112,514)</Cell>
<Cell dontCare="false" endCol="2" endRow="15" startCol="2" startRow="15" x0="1802" x1="2066" y0="1774" y1="1828">(64769,4112,771)</Cell>
<Cell dontCare="false" endCol="3" endRow="15" startCol="3" startRow="15" x0="2066" x1="2314" y0="1774" y1="1828">(64769,4112,1028)</Cell>
<Cell dontCare="false" endCol="0" endRow="16" startCol="0" startRow="16" x0="812" x1="1572" y0="1828" y1="1900">(64769,4369,257)</Cell>
<Cell dontCare="false" endCol="1" endRow="16" startCol="1" startRow="16" x0="1572" x1="1802" y0="1828" y1="1900">(64769,4369,514)</Cell>
<Cell dontCare="false" endCol="2" endRow="16" startCol="2" startRow="16" x0="1802" x1="2066" y0="1828" y1="1900">(64769,4369,771)</Cell>
<Cell dontCare="false" endCol="3" endRow="16" startCol="3" startRow="16" x0="2066" x1="2314" y0="1828" y1="1900">(64769,4369,1028)</Cell>
</Table>
</Tables>
</GroundTruth>
