<?xml version="1.0" encoding="UTF-8" standalone="no"?>
<GroundTruth InputFile="C:\Dokumente und Einstellungen\mehmood\Desktop\dataset\skew_corrected\unlv_tables_bin_test\9553_023.png">
<Tables>
<Table x0="132" x1="1206" y0="776" y1="1788">
<Row x0="132" x1="1206" y0="821" y1="821"/>
<Row x0="132" x1="1206" y0="915" y1="915"/>
<Row x0="132" x1="1206" y0="962" y1="962"/>
<Row x0="132" x1="1206" y0="1017" y1="1017"/>
<Row x0="132" x1="1206" y0="1055" y1="1055"/>
<Row x0="132" x1="1206" y0="1101" y1="1101"/>
<Row x0="132" x1="1206" y0="1164" y1="1164"/>
<Row x0="132" x1="1206" y0="1204" y1="1204"/>
<Row x0="132" x1="1206" y0="1255" y1="1255"/>
<Row x0="132" x1="1206" y0="1301" y1="1301"/>
<Row x0="132" x1="1206" y0="1357" y1="1357"/>
<Row x0="132" x1="1206" y0="1402" y1="1402"/>
<Row x0="132" x1="1206" y0="1448" y1="1448"/>
<Row x0="132" x1="1206" y0="1495" y1="1495"/>
<Row x0="132" x1="1206" y0="1564" y1="1564"/>
<Row x0="132" x1="1206" y0="1640" y1="1640"/>
<Row x0="132" x1="1206" y0="1687" y1="1687"/>
<Row x0="132" x1="1206" y0="1734" y1="1734"/>
<Column x0="544" x1="544" y0="776" y1="1788"/>
<Column x0="814" x1="814" y0="776" y1="1788"/>
<Column x0="1012" x1="1012" y0="776" y1="1788"/>
<Cell dontCare="false" endCol="0" endRow="0" startCol="0" startRow="0" x0="132" x1="544" y0="776" y1="821">(64769,257,257)</Cell>
<Cell dontCare="false" endCol="1" endRow="1" startCol="1" startRow="0" x0="544" x1="814" y0="776" y1="915">(64769,258,514)</Cell>
<Cell dontCare="false" endCol="3" endRow="0" startCol="2" startRow="0" x0="814" x1="1206" y0="776" y1="821">(64769,257,772)</Cell>
<Cell dontCare="true" endCol="3" endRow="0" startCol="3" startRow="0" x0="1012" x1="1206" y0="776" y1="821">(64769,257,1028)</Cell>
<Cell dontCare="false" endCol="0" endRow="1" startCol="0" startRow="1" x0="132" x1="544" y0="821" y1="915">(64769,514,257)</Cell>
<Cell dontCare="true" endCol="1" endRow="1" startCol="1" startRow="1" x0="544" x1="814" y0="821" y1="915">(64769,514,514)</Cell>
<Cell dontCare="false" endCol="2" endRow="1" startCol="2" startRow="1" x0="814" x1="1012" y0="821" y1="915">(64769,514,771)</Cell>
<Cell dontCare="false" endCol="3" endRow="1" startCol="3" startRow="1" x0="1012" x1="1206" y0="821" y1="915">(64769,514,1028)</Cell>
<Cell dontCare="false" endCol="0" endRow="2" startCol="0" startRow="2" x0="132" x1="544" y0="915" y1="962">(64769,771,257)</Cell>
<Cell dontCare="false" endCol="1" endRow="2" startCol="1" startRow="2" x0="544" x1="814" y0="915" y1="962">(64769,771,514)</Cell>
<Cell dontCare="false" endCol="2" endRow="2" startCol="2" startRow="2" x0="814" x1="1012" y0="915" y1="962">(64769,771,771)</Cell>
<Cell dontCare="false" endCol="3" endRow="2" startCol="3" startRow="2" x0="1012" x1="1206" y0="915" y1="962">(64769,771,1028)</Cell>
<Cell dontCare="false" endCol="0" endRow="3" startCol="0" startRow="3" x0="132" x1="544" y0="962" y1="1017">(64769,1028,257)</Cell>
<Cell dontCare="false" endCol="1" endRow="3" startCol="1" startRow="3" x0="544" x1="814" y0="962" y1="1017">(64769,1028,514)</Cell>
<Cell dontCare="false" endCol="2" endRow="3" startCol="2" startRow="3" x0="814" x1="1012" y0="962" y1="1017">(64769,1028,771)</Cell>
<Cell dontCare="false" endCol="3" endRow="3" startCol="3" startRow="3" x0="1012" x1="1206" y0="962" y1="1017">(64769,1028,1028)</Cell>
<Cell dontCare="false" endCol="0" endRow="4" startCol="0" startRow="4" x0="132" x1="544" y0="1017" y1="1055">(64769,1285,257)</Cell>
<Cell dontCare="false" endCol="1" endRow="4" startCol="1" startRow="4" x0="544" x1="814" y0="1017" y1="1055">(64769,1285,514)</Cell>
<Cell dontCare="false" endCol="2" endRow="4" startCol="2" startRow="4" x0="814" x1="1012" y0="1017" y1="1055">(64769,1285,771)</Cell>
<Cell dontCare="false" endCol="3" endRow="4" startCol="3" startRow="4" x0="1012" x1="1206" y0="1017" y1="1055">(64769,1285,1028)</Cell>
<Cell dontCare="false" endCol="0" endRow="5" startCol="0" startRow="5" x0="132" x1="544" y0="1055" y1="1101">(64769,1542,257)</Cell>
<Cell dontCare="false" endCol="1" endRow="5" startCol="1" startRow="5" x0="544" x1="814" y0="1055" y1="1101">(64769,1542,514)</Cell>
<Cell dontCare="false" endCol="2" endRow="5" startCol="2" startRow="5" x0="814" x1="1012" y0="1055" y1="1101">(64769,1542,771)</Cell>
<Cell dontCare="false" endCol="3" endRow="5" startCol="3" startRow="5" x0="1012" x1="1206" y0="1055" y1="1101">(64769,1542,1028)</Cell>
<Cell dontCare="false" endCol="0" endRow="6" startCol="0" startRow="6" x0="132" x1="544" y0="1101" y1="1164">(64769,1799,257)</Cell>
<Cell dontCare="false" endCol="1" endRow="6" startCol="1" startRow="6" x0="544" x1="814" y0="1101" y1="1164">(64769,1799,514)</Cell>
<Cell dontCare="false" endCol="2" endRow="6" startCol="2" startRow="6" x0="814" x1="1012" y0="1101" y1="1164">(64769,1799,771)</Cell>
<Cell dontCare="false" endCol="3" endRow="6" startCol="3" startRow="6" x0="1012" x1="1206" y0="1101" y1="1164">(64769,1799,1028)</Cell>
<Cell dontCare="false" endCol="0" endRow="7" startCol="0" startRow="7" x0="132" x1="544" y0="1164" y1="1204">(64769,2056,257)</Cell>
<Cell dontCare="false" endCol="1" endRow="7" startCol="1" startRow="7" x0="544" x1="814" y0="1164" y1="1204">(64769,2056,514)</Cell>
<Cell dontCare="false" endCol="2" endRow="7" startCol="2" startRow="7" x0="814" x1="1012" y0="1164" y1="1204">(64769,2056,771)</Cell>
<Cell dontCare="false" endCol="3" endRow="7" startCol="3" startRow="7" x0="1012" x1="1206" y0="1164" y1="1204">(64769,2056,1028)</Cell>
<Cell dontCare="false" endCol="0" endRow="8" startCol="0" startRow="8" x0="132" x1="544" y0="1204" y1="1255">(64769,2313,257)</Cell>
<Cell dontCare="false" endCol="1" endRow="8" startCol="1" startRow="8" x0="544" x1="814" y0="1204" y1="1255">(64769,2313,514)</Cell>
<Cell dontCare="false" endCol="2" endRow="8" startCol="2" startRow="8" x0="814" x1="1012" y0="1204" y1="1255">(64769,2313,771)</Cell>
<Cell dontCare="false" endCol="3" endRow="8" startCol="3" startRow="8" x0="1012" x1="1206" y0="1204" y1="1255">(64769,2313,1028)</Cell>
<Cell dontCare="false" endCol="0" endRow="9" startCol="0" startRow="9" x0="132" x1="544" y0="1255" y1="1301">(64769,2570,257)</Cell>
<Cell dontCare="false" endCol="1" endRow="9" startCol="1" startRow="9" x0="544" x1="814" y0="1255" y1="1301">(64769,2570,514)</Cell>
<Cell dontCare="false" endCol="2" endRow="9" startCol="2" startRow="9" x0="814" x1="1012" y0="1255" y1="1301">(64769,2570,771)</Cell>
<Cell dontCare="false" endCol="3" endRow="9" startCol="3" startRow="9" x0="1012" x1="1206" y0="1255" y1="1301">(64769,2570,1028)</Cell>
<Cell dontCare="false" endCol="0" endRow="10" startCol="0" startRow="10" x0="132" x1="544" y0="1301" y1="1357">(64769,2827,257)</Cell>
<Cell dontCare="false" endCol="1" endRow="10" startCol="1" startRow="10" x0="544" x1="814" y0="1301" y1="1357">(64769,2827,514)</Cell>
<Cell dontCare="false" endCol="2" endRow="10" startCol="2" startRow="10" x0="814" x1="1012" y0="1301" y1="1357">(64769,2827,771)</Cell>
<Cell dontCare="false" endCol="3" endRow="10" startCol="3" startRow="10" x0="1012" x1="1206" y0="1301" y1="1357">(64769,2827,1028)</Cell>
<Cell dontCare="false" endCol="0" endRow="11" startCol="0" startRow="11" x0="132" x1="544" y0="1357" y1="1402">(64769,3084,257)</Cell>
<Cell dontCare="false" endCol="1" endRow="11" startCol="1" startRow="11" x0="544" x1="814" y0="1357" y1="1402">(64769,3084,514)</Cell>
<Cell dontCare="false" endCol="2" endRow="11" startCol="2" startRow="11" x0="814" x1="1012" y0="1357" y1="1402">(64769,3084,771)</Cell>
<Cell dontCare="false" endCol="3" endRow="11" startCol="3" startRow="11" x0="1012" x1="1206" y0="1357" y1="1402">(64769,3084,1028)</Cell>
<Cell dontCare="false" endCol="0" endRow="12" startCol="0" startRow="12" x0="132" x1="544" y0="1402" y1="1448">(64769,3341,257)</Cell>
<Cell dontCare="false" endCol="1" endRow="12" startCol="1" startRow="12" x0="544" x1="814" y0="1402" y1="1448">(64769,3341,514)</Cell>
<Cell dontCare="false" endCol="2" endRow="12" startCol="2" startRow="12" x0="814" x1="1012" y0="1402" y1="1448">(64769,3341,771)</Cell>
<Cell dontCare="false" endCol="3" endRow="12" startCol="3" startRow="12" x0="1012" x1="1206" y0="1402" y1="1448">(64769,3341,1028)</Cell>
<Cell dontCare="false" endCol="0" endRow="13" startCol="0" startRow="13" x0="132" x1="544" y0="1448" y1="1495">(64769,3598,257)</Cell>
<Cell dontCare="false" endCol="1" endRow="13" startCol="1" startRow="13" x0="544" x1="814" y0="1448" y1="1495">(64769,3598,514)</Cell>
<Cell dontCare="false" endCol="2" endRow="13" startCol="2" startRow="13" x0="814" x1="1012" y0="1448" y1="1495">(64769,3598,771)</Cell>
<Cell dontCare="false" endCol="3" endRow="13" startCol="3" startRow="13" x0="1012" x1="1206" y0="1448" y1="1495">(64769,3598,1028)</Cell>
<Cell dontCare="false" endCol="0" endRow="14" startCol="0" startRow="14" x0="132" x1="544" y0="1495" y1="1564">(64769,3855,257)</Cell>
<Cell dontCare="false" endCol="1" endRow="14" startCol="1" startRow="14" x0="544" x1="814" y0="1495" y1="1564">(64769,3855,514)</Cell>
<Cell dontCare="false" endCol="2" endRow="14" startCol="2" startRow="14" x0="814" x1="1012" y0="1495" y1="1564">(64769,3855,771)</Cell>
<Cell dontCare="false" endCol="3" endRow="14" startCol="3" startRow="14" x0="1012" x1="1206" y0="1495" y1="1564">(64769,3855,1028)</Cell>
<Cell dontCare="false" endCol="3" endRow="15" startCol="0" startRow="15" x0="132" x1="1206" y0="1564" y1="1640">(64769,4112,260)</Cell>
<Cell dontCare="true" endCol="1" endRow="15" startCol="1" startRow="15" x0="544" x1="814" y0="1564" y1="1640">(64769,4112,514)</Cell>
<Cell dontCare="true" endCol="2" endRow="15" startCol="2" startRow="15" x0="814" x1="1012" y0="1564" y1="1640">(64769,4112,771)</Cell>
<Cell dontCare="true" endCol="3" endRow="15" startCol="3" startRow="15" x0="1012" x1="1206" y0="1564" y1="1640">(64769,4112,1028)</Cell>
<Cell dontCare="false" endCol="0" endRow="16" startCol="0" startRow="16" x0="132" x1="544" y0="1640" y1="1687">(64769,4369,257)</Cell>
<Cell dontCare="false" endCol="1" endRow="16" startCol="1" startRow="16" x0="544" x1="814" y0="1640" y1="1687">(64769,4369,514)</Cell>
<Cell dontCare="false" endCol="2" endRow="16" startCol="2" startRow="16" x0="814" x1="1012" y0="1640" y1="1687">(64769,4369,771)</Cell>
<Cell dontCare="false" endCol="3" endRow="16" startCol="3" startRow="16" x0="1012" x1="1206" y0="1640" y1="1687">(64769,4369,1028)</Cell>
<Cell dontCare="false" endCol="0" endRow="17" startCol="0" startRow="17" x0="132" x1="544" y0="1687" y1="1734">(64769,4626,257)</Cell>
<Cell dontCare="false" endCol="1" endRow="17" startCol="1" startRow="17" x0="544" x1="814" y0="1687" y1="1734">(64769,4626,514)</Cell>
<Cell dontCare="false" endCol="2" endRow="17" startCol="2" startRow="17" x0="814" x1="1012" y0="1687" y1="1734">(64769,4626,771)</Cell>
<Cell dontCare="false" endCol="3" endRow="17" startCol="3" startRow="17" x0="1012" x1="1206" y0="1687" y1="1734">(64769,4626,1028)</Cell>
<Cell dontCare="false" endCol="0" endRow="18" startCol="0" startRow="18" x0="132" x1="544" y0="1734" y1="1788">(64769,4883,257)</Cell>
<Cell dontCare="false" endCol="1" endRow="18" startCol="1" startRow="18" x0="544" x1="814" y0="1734" y1="1788">(64769,4883,514)</Cell>
<Cell dontCare="false" endCol="2" endRow="18" startCol="2" startRow="18" x0="814" x1="1012" y0="1734" y1="1788">(64769,4883,771)</Cell>
<Cell dontCare="false" endCol="3" endRow="18" startCol="3" startRow="18" x0="1012" x1="1206" y0="1734" y1="1788">(64769,4883,1028)</Cell>
</Table>
<Table x0="138" x1="1202" y0="2166" y1="3024">
<Row x0="138" x1="1202" y0="2227" y1="2227"/>
<Row x0="138" x1="1202" y0="2330" y1="2330"/>
<Row x0="138" x1="1202" y0="2384" y1="2384"/>
<Row x0="138" x1="1202" y0="2427" y1="2427"/>
<Row x0="138" x1="1202" y0="2474" y1="2474"/>
<Row x0="138" x1="1202" y0="2532" y1="2532"/>
<Row x0="138" x1="1202" y0="2584" y1="2584"/>
<Row x0="138" x1="1202" y0="2624" y1="2624"/>
<Row x0="138" x1="1202" y0="2680" y1="2680"/>
<Row x0="138" x1="1202" y0="2727" y1="2727"/>
<Row x0="138" x1="1202" y0="2795" y1="2795"/>
<Row x0="138" x1="1202" y0="2874" y1="2874"/>
<Row x0="138" x1="1202" y0="2918" y1="2918"/>
<Row x0="138" x1="1202" y0="2962" y1="2962"/>
<Column x0="508" x1="508" y0="2166" y1="3024"/>
<Column x0="800" x1="800" y0="2166" y1="3024"/>
<Column x0="1005" x1="1005" y0="2166" y1="3024"/>
<Cell dontCare="false" endCol="0" endRow="0" startCol="0" startRow="0" x0="138" x1="508" y0="2166" y1="2227">(64770,257,257)</Cell>
<Cell dontCare="false" endCol="1" endRow="1" startCol="1" startRow="0" x0="508" x1="800" y0="2166" y1="2330">(64770,258,514)</Cell>
<Cell dontCare="false" endCol="3" endRow="0" startCol="2" startRow="0" x0="800" x1="1202" y0="2166" y1="2227">(64770,257,772)</Cell>
<Cell dontCare="true" endCol="3" endRow="0" startCol="3" startRow="0" x0="1005" x1="1202" y0="2166" y1="2227">(64770,257,1028)</Cell>
<Cell dontCare="false" endCol="0" endRow="1" startCol="0" startRow="1" x0="138" x1="508" y0="2227" y1="2330">(64770,514,257)</Cell>
<Cell dontCare="true" endCol="1" endRow="1" startCol="1" startRow="1" x0="508" x1="800" y0="2227" y1="2330">(64770,514,514)</Cell>
<Cell dontCare="false" endCol="2" endRow="1" startCol="2" startRow="1" x0="800" x1="1005" y0="2227" y1="2330">(64770,514,771)</Cell>
<Cell dontCare="false" endCol="3" endRow="1" startCol="3" startRow="1" x0="1005" x1="1202" y0="2227" y1="2330">(64770,514,1028)</Cell>
<Cell dontCare="false" endCol="0" endRow="2" startCol="0" startRow="2" x0="138" x1="508" y0="2330" y1="2384">(64770,771,257)</Cell>
<Cell dontCare="false" endCol="1" endRow="2" startCol="1" startRow="2" x0="508" x1="800" y0="2330" y1="2384">(64770,771,514)</Cell>
<Cell dontCare="false" endCol="2" endRow="2" startCol="2" startRow="2" x0="800" x1="1005" y0="2330" y1="2384">(64770,771,771)</Cell>
<Cell dontCare="false" endCol="3" endRow="2" startCol="3" startRow="2" x0="1005" x1="1202" y0="2330" y1="2384">(64770,771,1028)</Cell>
<Cell dontCare="false" endCol="0" endRow="3" startCol="0" startRow="3" x0="138" x1="508" y0="2384" y1="2427">(64770,1028,257)</Cell>
<Cell dontCare="false" endCol="1" endRow="3" startCol="1" startRow="3" x0="508" x1="800" y0="2384" y1="2427">(64770,1028,514)</Cell>
<Cell dontCare="false" endCol="2" endRow="3" startCol="2" startRow="3" x0="800" x1="1005" y0="2384" y1="2427">(64770,1028,771)</Cell>
<Cell dontCare="false" endCol="3" endRow="3" startCol="3" startRow="3" x0="1005" x1="1202" y0="2384" y1="2427">(64770,1028,1028)</Cell>
<Cell dontCare="false" endCol="0" endRow="4" startCol="0" startRow="4" x0="138" x1="508" y0="2427" y1="2474">(64770,1285,257)</Cell>
<Cell dontCare="false" endCol="1" endRow="4" startCol="1" startRow="4" x0="508" x1="800" y0="2427" y1="2474">(64770,1285,514)</Cell>
<Cell dontCare="false" endCol="2" endRow="4" startCol="2" startRow="4" x0="800" x1="1005" y0="2427" y1="2474">(64770,1285,771)</Cell>
<Cell dontCare="false" endCol="3" endRow="4" startCol="3" startRow="4" x0="1005" x1="1202" y0="2427" y1="2474">(64770,1285,1028)</Cell>
<Cell dontCare="false" endCol="0" endRow="5" startCol="0" startRow="5" x0="138" x1="508" y0="2474" y1="2532">(64770,1542,257)</Cell>
<Cell dontCare="false" endCol="1" endRow="5" startCol="1" startRow="5" x0="508" x1="800" y0="2474" y1="2532">(64770,1542,514)</Cell>
<Cell dontCare="false" endCol="2" endRow="5" startCol="2" startRow="5" x0="800" x1="1005" y0="2474" y1="2532">(64770,1542,771)</Cell>
<Cell dontCare="false" endCol="3" endRow="5" startCol="3" startRow="5" x0="1005" x1="1202" y0="2474" y1="2532">(64770,1542,1028)</Cell>
<Cell dontCare="false" endCol="0" endRow="6" startCol="0" startRow="6" x0="138" x1="508" y0="2532" y1="2584">(64770,1799,257)</Cell>
<Cell dontCare="false" endCol="1" endRow="6" startCol="1" startRow="6" x0="508" x1="800" y0="2532" y1="2584">(64770,1799,514)</Cell>
<Cell dontCare="false" endCol="2" endRow="6" startCol="2" startRow="6" x0="800" x1="1005" y0="2532" y1="2584">(64770,1799,771)</Cell>
<Cell dontCare="false" endCol="3" endRow="6" startCol="3" startRow="6" x0="1005" x1="1202" y0="2532" y1="2584">(64770,1799,1028)</Cell>
<Cell dontCare="false" endCol="0" endRow="7" startCol="0" startRow="7" x0="138" x1="508" y0="2584" y1="2624">(64770,2056,257)</Cell>
<Cell dontCare="false" endCol="1" endRow="7" startCol="1" startRow="7" x0="508" x1="800" y0="2584" y1="2624">(64770,2056,514)</Cell>
<Cell dontCare="false" endCol="2" endRow="7" startCol="2" startRow="7" x0="800" x1="1005" y0="2584" y1="2624">(64770,2056,771)</Cell>
<Cell dontCare="false" endCol="3" endRow="7" startCol="3" startRow="7" x0="1005" x1="1202" y0="2584" y1="2624">(64770,2056,1028)</Cell>
<Cell dontCare="false" endCol="0" endRow="8" startCol="0" startRow="8" x0="138" x1="508" y0="2624" y1="2680">(64770,2313,257)</Cell>
<Cell dontCare="false" endCol="1" endRow="8" startCol="1" startRow="8" x0="508" x1="800" y0="2624" y1="2680">(64770,2313,514)</Cell>
<Cell dontCare="false" endCol="2" endRow="8" startCol="2" startRow="8" x0="800" x1="1005" y0="2624" y1="2680">(64770,2313,771)</Cell>
<Cell dontCare="false" endCol="3" endRow="8" startCol="3" startRow="8" x0="1005" x1="1202" y0="2624" y1="2680">(64770,2313,1028)</Cell>
<Cell dontCare="false" endCol="0" endRow="9" startCol="0" startRow="9" x0="138" x1="508" y0="2680" y1="2727">(64770,2570,257)</Cell>
<Cell dontCare="false" endCol="1" endRow="9" startCol="1" startRow="9" x0="508" x1="800" y0="2680" y1="2727">(64770,2570,514)</Cell>
<Cell dontCare="false" endCol="2" endRow="9" startCol="2" startRow="9" x0="800" x1="1005" y0="2680" y1="2727">(64770,2570,771)</Cell>
<Cell dontCare="false" endCol="3" endRow="9" startCol="3" startRow="9" x0="1005" x1="1202" y0="2680" y1="2727">(64770,2570,1028)</Cell>
<Cell dontCare="false" endCol="0" endRow="10" startCol="0" startRow="10" x0="138" x1="508" y0="2727" y1="2795">(64770,2827,257)</Cell>
<Cell dontCare="false" endCol="1" endRow="10" startCol="1" startRow="10" x0="508" x1="800" y0="2727" y1="2795">(64770,2827,514)</Cell>
<Cell dontCare="false" endCol="2" endRow="10" startCol="2" startRow="10" x0="800" x1="1005" y0="2727" y1="2795">(64770,2827,771)</Cell>
<Cell dontCare="false" endCol="3" endRow="10" startCol="3" startRow="10" x0="1005" x1="1202" y0="2727" y1="2795">(64770,2827,1028)</Cell>
<Cell dontCare="false" endCol="3" endRow="11" startCol="0" startRow="11" x0="138" x1="1202" y0="2795" y1="2874">(64770,3084,260)</Cell>
<Cell dontCare="true" endCol="1" endRow="11" startCol="1" startRow="11" x0="508" x1="800" y0="2795" y1="2874">(64770,3084,514)</Cell>
<Cell dontCare="true" endCol="2" endRow="11" startCol="2" startRow="11" x0="800" x1="1005" y0="2795" y1="2874">(64770,3084,771)</Cell>
<Cell dontCare="true" endCol="3" endRow="11" startCol="3" startRow="11" x0="1005" x1="1202" y0="2795" y1="2874">(64770,3084,1028)</Cell>
<Cell dontCare="false" endCol="0" endRow="12" startCol="0" startRow="12" x0="138" x1="508" y0="2874" y1="2918">(64770,3341,257)</Cell>
<Cell dontCare="false" endCol="1" endRow="12" startCol="1" startRow="12" x0="508" x1="800" y0="2874" y1="2918">(64770,3341,514)</Cell>
<Cell dontCare="false" endCol="2" endRow="12" startCol="2" startRow="12" x0="800" x1="1005" y0="2874" y1="2918">(64770,3341,771)</Cell>
<Cell dontCare="false" endCol="3" endRow="12" startCol="3" startRow="12" x0="1005" x1="1202" y0="2874" y1="2918">(64770,3341,1028)</Cell>
<Cell dontCare="false" endCol="0" endRow="13" startCol="0" startRow="13" x0="138" x1="508" y0="2918" y1="2962">(64770,3598,257)</Cell>
<Cell dontCare="false" endCol="1" endRow="13" startCol="1" startRow="13" x0="508" x1="800" y0="2918" y1="2962">(64770,3598,514)</Cell>
<Cell dontCare="false" endCol="2" endRow="13" startCol="2" startRow="13" x0="800" x1="1005" y0="2918" y1="2962">(64770,3598,771)</Cell>
<Cell dontCare="false" endCol="3" endRow="13" startCol="3" startRow="13" x0="1005" x1="1202" y0="2918" y1="2962">(64770,3598,1028)</Cell>
<Cell dontCare="false" endCol="0" endRow="14" startCol="0" startRow="14" x0="138" x1="508" y0="2962" y1="3024">(64770,3855,257)</Cell>
<Cell dontCare="false" endCol="1" endRow="14" startCol="1" startRow="14" x0="508" x1="800" y0="2962" y1="3024">(64770,3855,514)</Cell>
<Cell dontCare="false" endCol="2" endRow="14" startCol="2" startRow="14" x0="800" x1="1005" y0="2962" y1="3024">(64770,3855,771)</Cell>
<Cell dontCare="false" endCol="3" endRow="14" startCol="3" startRow="14" x0="1005" x1="1202" y0="2962" y1="3024">(64770,3855,1028)</Cell>
</Table>
</Tables>
</GroundTruth>
