<?xml version="1.0" encoding="UTF-8" standalone="no"?>
<GroundTruth InputFile="C:\Dokumente und Einstellungen\mehmood\Desktop\dataset\skew_corrected\unlv_tables_bin_test\9555_015.png">
<Tables>
<Table x0="10" x1="1786" y0="380" y1="1606">
<Row x0="10" x1="1786" y0="446" y1="446"/>
<Row x0="10" x1="1786" y0="640" y1="640"/>
<Row x0="10" x1="1786" y0="816" y1="816"/>
<Row x0="10" x1="1786" y0="894" y1="894"/>
<Row x0="10" x1="1786" y0="968" y1="968"/>
<Row x0="10" x1="1786" y0="1030" y1="1030"/>
<Row x0="10" x1="1786" y0="1104" y1="1104"/>
<Row x0="10" x1="1786" y0="1176" y1="1176"/>
<Row x0="10" x1="1786" y0="1238" y1="1238"/>
<Row x0="10" x1="1786" y0="1318" y1="1318"/>
<Row x0="10" x1="1786" y0="1396" y1="1396"/>
<Row x0="10" x1="1786" y0="1470" y1="1470"/>
<Row x0="10" x1="1786" y0="1530" y1="1530"/>
<Column x0="182" x1="182" y0="380" y1="1606"/>
<Column x0="482" x1="482" y0="380" y1="1606"/>
<Column x0="706" x1="706" y0="380" y1="1606"/>
<Column x0="968" x1="968" y0="380" y1="1606"/>
<Column x0="1182" x1="1182" y0="380" y1="1606"/>
<Column x0="1516" x1="1516" y0="380" y1="1606"/>
<Cell dontCare="false" endCol="0" endRow="1" startCol="0" startRow="0" x0="10" x1="182" y0="380" y1="640">(64769,258,257)</Cell>
<Cell dontCare="false" endCol="4" endRow="0" startCol="1" startRow="0" x0="182" x1="1182" y0="380" y1="446">(64769,257,517)</Cell>
<Cell dontCare="true" endCol="2" endRow="0" startCol="2" startRow="0" x0="482" x1="706" y0="380" y1="446">(64769,257,771)</Cell>
<Cell dontCare="true" endCol="3" endRow="0" startCol="3" startRow="0" x0="706" x1="968" y0="380" y1="446">(64769,257,1028)</Cell>
<Cell dontCare="true" endCol="4" endRow="0" startCol="4" startRow="0" x0="968" x1="1182" y0="380" y1="446">(64769,257,1285)</Cell>
<Cell dontCare="false" endCol="5" endRow="1" startCol="5" startRow="0" x0="1182" x1="1516" y0="380" y1="640">(64769,258,1542)</Cell>
<Cell dontCare="false" endCol="6" endRow="1" startCol="6" startRow="0" x0="1516" x1="1786" y0="380" y1="640">(64769,258,1799)</Cell>
<Cell dontCare="true" endCol="0" endRow="1" startCol="0" startRow="1" x0="10" x1="182" y0="446" y1="640">(64769,514,257)</Cell>
<Cell dontCare="false" endCol="1" endRow="1" startCol="1" startRow="1" x0="182" x1="482" y0="446" y1="640">(64769,514,514)</Cell>
<Cell dontCare="false" endCol="2" endRow="1" startCol="2" startRow="1" x0="482" x1="706" y0="446" y1="640">(64769,514,771)</Cell>
<Cell dontCare="false" endCol="3" endRow="1" startCol="3" startRow="1" x0="706" x1="968" y0="446" y1="640">(64769,514,1028)</Cell>
<Cell dontCare="false" endCol="4" endRow="1" startCol="4" startRow="1" x0="968" x1="1182" y0="446" y1="640">(64769,514,1285)</Cell>
<Cell dontCare="true" endCol="5" endRow="1" startCol="5" startRow="1" x0="1182" x1="1516" y0="446" y1="640">(64769,514,1542)</Cell>
<Cell dontCare="true" endCol="6" endRow="1" startCol="6" startRow="1" x0="1516" x1="1786" y0="446" y1="640">(64769,514,1799)</Cell>
<Cell dontCare="false" endCol="0" endRow="2" startCol="0" startRow="2" x0="10" x1="182" y0="640" y1="816">(64769,771,257)</Cell>
<Cell dontCare="false" endCol="1" endRow="2" startCol="1" startRow="2" x0="182" x1="482" y0="640" y1="816">(64769,771,514)</Cell>
<Cell dontCare="false" endCol="2" endRow="2" startCol="2" startRow="2" x0="482" x1="706" y0="640" y1="816">(64769,771,771)</Cell>
<Cell dontCare="false" endCol="3" endRow="2" startCol="3" startRow="2" x0="706" x1="968" y0="640" y1="816">(64769,771,1028)</Cell>
<Cell dontCare="false" endCol="4" endRow="2" startCol="4" startRow="2" x0="968" x1="1182" y0="640" y1="816">(64769,771,1285)</Cell>
<Cell dontCare="false" endCol="5" endRow="2" startCol="5" startRow="2" x0="1182" x1="1516" y0="640" y1="816">(64769,771,1542)</Cell>
<Cell dontCare="false" endCol="6" endRow="2" startCol="6" startRow="2" x0="1516" x1="1786" y0="640" y1="816">(64769,771,1799)</Cell>
<Cell dontCare="false" endCol="0" endRow="3" startCol="0" startRow="3" x0="10" x1="182" y0="816" y1="894">(64769,1028,257)</Cell>
<Cell dontCare="false" endCol="1" endRow="3" startCol="1" startRow="3" x0="182" x1="482" y0="816" y1="894">(64769,1028,514)</Cell>
<Cell dontCare="false" endCol="2" endRow="3" startCol="2" startRow="3" x0="482" x1="706" y0="816" y1="894">(64769,1028,771)</Cell>
<Cell dontCare="false" endCol="3" endRow="3" startCol="3" startRow="3" x0="706" x1="968" y0="816" y1="894">(64769,1028,1028)</Cell>
<Cell dontCare="false" endCol="4" endRow="3" startCol="4" startRow="3" x0="968" x1="1182" y0="816" y1="894">(64769,1028,1285)</Cell>
<Cell dontCare="false" endCol="5" endRow="3" startCol="5" startRow="3" x0="1182" x1="1516" y0="816" y1="894">(64769,1028,1542)</Cell>
<Cell dontCare="false" endCol="6" endRow="3" startCol="6" startRow="3" x0="1516" x1="1786" y0="816" y1="894">(64769,1028,1799)</Cell>
<Cell dontCare="false" endCol="0" endRow="4" startCol="0" startRow="4" x0="10" x1="182" y0="894" y1="968">(64769,1285,257)</Cell>
<Cell dontCare="false" endCol="1" endRow="4" startCol="1" startRow="4" x0="182" x1="482" y0="894" y1="968">(64769,1285,514)</Cell>
<Cell dontCare="false" endCol="2" endRow="4" startCol="2" startRow="4" x0="482" x1="706" y0="894" y1="968">(64769,1285,771)</Cell>
<Cell dontCare="false" endCol="3" endRow="4" startCol="3" startRow="4" x0="706" x1="968" y0="894" y1="968">(64769,1285,1028)</Cell>
<Cell dontCare="false" endCol="4" endRow="4" startCol="4" startRow="4" x0="968" x1="1182" y0="894" y1="968">(64769,1285,1285)</Cell>
<Cell dontCare="false" endCol="5" endRow="4" startCol="5" startRow="4" x0="1182" x1="1516" y0="894" y1="968">(64769,1285,1542)</Cell>
<Cell dontCare="false" endCol="6" endRow="4" startCol="6" startRow="4" x0="1516" x1="1786" y0="894" y1="968">(64769,1285,1799)</Cell>
<Cell dontCare="false" endCol="0" endRow="5" startCol="0" startRow="5" x0="10" x1="182" y0="968" y1="1030">(64769,1542,257)</Cell>
<Cell dontCare="false" endCol="1" endRow="5" startCol="1" startRow="5" x0="182" x1="482" y0="968" y1="1030">(64769,1542,514)</Cell>
<Cell dontCare="false" endCol="2" endRow="5" startCol="2" startRow="5" x0="482" x1="706" y0="968" y1="1030">(64769,1542,771)</Cell>
<Cell dontCare="false" endCol="3" endRow="5" startCol="3" startRow="5" x0="706" x1="968" y0="968" y1="1030">(64769,1542,1028)</Cell>
<Cell dontCare="false" endCol="4" endRow="5" startCol="4" startRow="5" x0="968" x1="1182" y0="968" y1="1030">(64769,1542,1285)</Cell>
<Cell dontCare="false" endCol="5" endRow="5" startCol="5" startRow="5" x0="1182" x1="1516" y0="968" y1="1030">(64769,1542,1542)</Cell>
<Cell dontCare="false" endCol="6" endRow="5" startCol="6" startRow="5" x0="1516" x1="1786" y0="968" y1="1030">(64769,1542,1799)</Cell>
<Cell dontCare="false" endCol="0" endRow="6" startCol="0" startRow="6" x0="10" x1="182" y0="1030" y1="1104">(64769,1799,257)</Cell>
<Cell dontCare="false" endCol="1" endRow="6" startCol="1" startRow="6" x0="182" x1="482" y0="1030" y1="1104">(64769,1799,514)</Cell>
<Cell dontCare="false" endCol="2" endRow="6" startCol="2" startRow="6" x0="482" x1="706" y0="1030" y1="1104">(64769,1799,771)</Cell>
<Cell dontCare="false" endCol="3" endRow="6" startCol="3" startRow="6" x0="706" x1="968" y0="1030" y1="1104">(64769,1799,1028)</Cell>
<Cell dontCare="false" endCol="4" endRow="6" startCol="4" startRow="6" x0="968" x1="1182" y0="1030" y1="1104">(64769,1799,1285)</Cell>
<Cell dontCare="false" endCol="5" endRow="6" startCol="5" startRow="6" x0="1182" x1="1516" y0="1030" y1="1104">(64769,1799,1542)</Cell>
<Cell dontCare="false" endCol="6" endRow="6" startCol="6" startRow="6" x0="1516" x1="1786" y0="1030" y1="1104">(64769,1799,1799)</Cell>
<Cell dontCare="false" endCol="0" endRow="7" startCol="0" startRow="7" x0="10" x1="182" y0="1104" y1="1176">(64769,2056,257)</Cell>
<Cell dontCare="false" endCol="1" endRow="7" startCol="1" startRow="7" x0="182" x1="482" y0="1104" y1="1176">(64769,2056,514)</Cell>
<Cell dontCare="false" endCol="2" endRow="7" startCol="2" startRow="7" x0="482" x1="706" y0="1104" y1="1176">(64769,2056,771)</Cell>
<Cell dontCare="false" endCol="3" endRow="7" startCol="3" startRow="7" x0="706" x1="968" y0="1104" y1="1176">(64769,2056,1028)</Cell>
<Cell dontCare="false" endCol="4" endRow="7" startCol="4" startRow="7" x0="968" x1="1182" y0="1104" y1="1176">(64769,2056,1285)</Cell>
<Cell dontCare="false" endCol="5" endRow="7" startCol="5" startRow="7" x0="1182" x1="1516" y0="1104" y1="1176">(64769,2056,1542)</Cell>
<Cell dontCare="false" endCol="6" endRow="7" startCol="6" startRow="7" x0="1516" x1="1786" y0="1104" y1="1176">(64769,2056,1799)</Cell>
<Cell dontCare="false" endCol="0" endRow="8" startCol="0" startRow="8" x0="10" x1="182" y0="1176" y1="1238">(64769,2313,257)</Cell>
<Cell dontCare="false" endCol="1" endRow="8" startCol="1" startRow="8" x0="182" x1="482" y0="1176" y1="1238">(64769,2313,514)</Cell>
<Cell dontCare="false" endCol="2" endRow="8" startCol="2" startRow="8" x0="482" x1="706" y0="1176" y1="1238">(64769,2313,771)</Cell>
<Cell dontCare="false" endCol="3" endRow="8" startCol="3" startRow="8" x0="706" x1="968" y0="1176" y1="1238">(64769,2313,1028)</Cell>
<Cell dontCare="false" endCol="4" endRow="8" startCol="4" startRow="8" x0="968" x1="1182" y0="1176" y1="1238">(64769,2313,1285)</Cell>
<Cell dontCare="false" endCol="5" endRow="8" startCol="5" startRow="8" x0="1182" x1="1516" y0="1176" y1="1238">(64769,2313,1542)</Cell>
<Cell dontCare="false" endCol="6" endRow="8" startCol="6" startRow="8" x0="1516" x1="1786" y0="1176" y1="1238">(64769,2313,1799)</Cell>
<Cell dontCare="false" endCol="0" endRow="9" startCol="0" startRow="9" x0="10" x1="182" y0="1238" y1="1318">(64769,2570,257)</Cell>
<Cell dontCare="false" endCol="1" endRow="9" startCol="1" startRow="9" x0="182" x1="482" y0="1238" y1="1318">(64769,2570,514)</Cell>
<Cell dontCare="false" endCol="2" endRow="9" startCol="2" startRow="9" x0="482" x1="706" y0="1238" y1="1318">(64769,2570,771)</Cell>
<Cell dontCare="false" endCol="3" endRow="9" startCol="3" startRow="9" x0="706" x1="968" y0="1238" y1="1318">(64769,2570,1028)</Cell>
<Cell dontCare="false" endCol="4" endRow="9" startCol="4" startRow="9" x0="968" x1="1182" y0="1238" y1="1318">(64769,2570,1285)</Cell>
<Cell dontCare="false" endCol="5" endRow="9" startCol="5" startRow="9" x0="1182" x1="1516" y0="1238" y1="1318">(64769,2570,1542)</Cell>
<Cell dontCare="false" endCol="6" endRow="9" startCol="6" startRow="9" x0="1516" x1="1786" y0="1238" y1="1318">(64769,2570,1799)</Cell>
<Cell dontCare="false" endCol="0" endRow="10" startCol="0" startRow="10" x0="10" x1="182" y0="1318" y1="1396">(64769,2827,257)</Cell>
<Cell dontCare="false" endCol="1" endRow="10" startCol="1" startRow="10" x0="182" x1="482" y0="1318" y1="1396">(64769,2827,514)</Cell>
<Cell dontCare="false" endCol="2" endRow="10" startCol="2" startRow="10" x0="482" x1="706" y0="1318" y1="1396">(64769,2827,771)</Cell>
<Cell dontCare="false" endCol="3" endRow="10" startCol="3" startRow="10" x0="706" x1="968" y0="1318" y1="1396">(64769,2827,1028)</Cell>
<Cell dontCare="false" endCol="4" endRow="10" startCol="4" startRow="10" x0="968" x1="1182" y0="1318" y1="1396">(64769,2827,1285)</Cell>
<Cell dontCare="false" endCol="5" endRow="10" startCol="5" startRow="10" x0="1182" x1="1516" y0="1318" y1="1396">(64769,2827,1542)</Cell>
<Cell dontCare="false" endCol="6" endRow="10" startCol="6" startRow="10" x0="1516" x1="1786" y0="1318" y1="1396">(64769,2827,1799)</Cell>
<Cell dontCare="false" endCol="0" endRow="11" startCol="0" startRow="11" x0="10" x1="182" y0="1396" y1="1470">(64769,3084,257)</Cell>
<Cell dontCare="false" endCol="1" endRow="11" startCol="1" startRow="11" x0="182" x1="482" y0="1396" y1="1470">(64769,3084,514)</Cell>
<Cell dontCare="false" endCol="2" endRow="11" startCol="2" startRow="11" x0="482" x1="706" y0="1396" y1="1470">(64769,3084,771)</Cell>
<Cell dontCare="false" endCol="3" endRow="11" startCol="3" startRow="11" x0="706" x1="968" y0="1396" y1="1470">(64769,3084,1028)</Cell>
<Cell dontCare="false" endCol="4" endRow="11" startCol="4" startRow="11" x0="968" x1="1182" y0="1396" y1="1470">(64769,3084,1285)</Cell>
<Cell dontCare="false" endCol="5" endRow="11" startCol="5" startRow="11" x0="1182" x1="1516" y0="1396" y1="1470">(64769,3084,1542)</Cell>
<Cell dontCare="false" endCol="6" endRow="11" startCol="6" startRow="11" x0="1516" x1="1786" y0="1396" y1="1470">(64769,3084,1799)</Cell>
<Cell dontCare="false" endCol="0" endRow="12" startCol="0" startRow="12" x0="10" x1="182" y0="1470" y1="1530">(64769,3341,257)</Cell>
<Cell dontCare="false" endCol="1" endRow="12" startCol="1" startRow="12" x0="182" x1="482" y0="1470" y1="1530">(64769,3341,514)</Cell>
<Cell dontCare="false" endCol="2" endRow="12" startCol="2" startRow="12" x0="482" x1="706" y0="1470" y1="1530">(64769,3341,771)</Cell>
<Cell dontCare="false" endCol="3" endRow="12" startCol="3" startRow="12" x0="706" x1="968" y0="1470" y1="1530">(64769,3341,1028)</Cell>
<Cell dontCare="false" endCol="4" endRow="12" startCol="4" startRow="12" x0="968" x1="1182" y0="1470" y1="1530">(64769,3341,1285)</Cell>
<Cell dontCare="false" endCol="5" endRow="12" startCol="5" startRow="12" x0="1182" x1="1516" y0="1470" y1="1530">(64769,3341,1542)</Cell>
<Cell dontCare="false" endCol="6" endRow="12" startCol="6" startRow="12" x0="1516" x1="1786" y0="1470" y1="1530">(64769,3341,1799)</Cell>
<Cell dontCare="false" endCol="0" endRow="13" startCol="0" startRow="13" x0="10" x1="182" y0="1530" y1="1606">(64769,3598,257)</Cell>
<Cell dontCare="false" endCol="1" endRow="13" startCol="1" startRow="13" x0="182" x1="482" y0="1530" y1="1606">(64769,3598,514)</Cell>
<Cell dontCare="false" endCol="2" endRow="13" startCol="2" startRow="13" x0="482" x1="706" y0="1530" y1="1606">(64769,3598,771)</Cell>
<Cell dontCare="false" endCol="3" endRow="13" startCol="3" startRow="13" x0="706" x1="968" y0="1530" y1="1606">(64769,3598,1028)</Cell>
<Cell dontCare="false" endCol="4" endRow="13" startCol="4" startRow="13" x0="968" x1="1182" y0="1530" y1="1606">(64769,3598,1285)</Cell>
<Cell dontCare="false" endCol="5" endRow="13" startCol="5" startRow="13" x0="1182" x1="1516" y0="1530" y1="1606">(64769,3598,1542)</Cell>
<Cell dontCare="false" endCol="6" endRow="13" startCol="6" startRow="13" x0="1516" x1="1786" y0="1530" y1="1606">(64769,3598,1799)</Cell>
</Table>
<Table x0="10" x1="1783" y0="1790" y1="2803">
<Row x0="10" x1="1783" y0="1864" y1="1864"/>
<Row x0="10" x1="1783" y0="2016" y1="2016"/>
<Row x0="10" x1="1783" y0="2088" y1="2088"/>
<Row x0="10" x1="1783" y0="2162" y1="2162"/>
<Row x0="10" x1="1783" y0="2230" y1="2230"/>
<Row x0="10" x1="1783" y0="2304" y1="2304"/>
<Row x0="10" x1="1783" y0="2374" y1="2374"/>
<Row x0="10" x1="1783" y0="2446" y1="2446"/>
<Row x0="10" x1="1783" y0="2514" y1="2514"/>
<Row x0="10" x1="1783" y0="2594" y1="2594"/>
<Row x0="10" x1="1783" y0="2650" y1="2650"/>
<Row x0="10" x1="1783" y0="2728" y1="2728"/>
<Column x0="258" x1="258" y0="1790" y1="2803"/>
<Column x0="590" x1="590" y0="1790" y1="2803"/>
<Column x0="860" x1="860" y0="1790" y1="2803"/>
<Column x0="1146" x1="1146" y0="1790" y1="2803"/>
<Column x0="1472" x1="1472" y0="1790" y1="2803"/>
<Cell dontCare="false" endCol="0" endRow="1" startCol="0" startRow="0" x0="10" x1="258" y0="1790" y1="2016">(64770,258,257)</Cell>
<Cell dontCare="false" endCol="3" endRow="0" startCol="1" startRow="0" x0="258" x1="1146" y0="1790" y1="1864">(64770,257,516)</Cell>
<Cell dontCare="true" endCol="2" endRow="0" startCol="2" startRow="0" x0="590" x1="860" y0="1790" y1="1864">(64770,257,771)</Cell>
<Cell dontCare="true" endCol="3" endRow="0" startCol="3" startRow="0" x0="860" x1="1146" y0="1790" y1="1864">(64770,257,1028)</Cell>
<Cell dontCare="false" endCol="4" endRow="1" startCol="4" startRow="0" x0="1146" x1="1472" y0="1790" y1="2016">(64770,258,1285)</Cell>
<Cell dontCare="false" endCol="5" endRow="1" startCol="5" startRow="0" x0="1472" x1="1783" y0="1790" y1="2016">(64770,258,1542)</Cell>
<Cell dontCare="true" endCol="0" endRow="1" startCol="0" startRow="1" x0="10" x1="258" y0="1864" y1="2016">(64770,514,257)</Cell>
<Cell dontCare="false" endCol="1" endRow="1" startCol="1" startRow="1" x0="258" x1="590" y0="1864" y1="2016">(64770,514,514)</Cell>
<Cell dontCare="false" endCol="2" endRow="1" startCol="2" startRow="1" x0="590" x1="860" y0="1864" y1="2016">(64770,514,771)</Cell>
<Cell dontCare="false" endCol="3" endRow="1" startCol="3" startRow="1" x0="860" x1="1146" y0="1864" y1="2016">(64770,514,1028)</Cell>
<Cell dontCare="true" endCol="4" endRow="1" startCol="4" startRow="1" x0="1146" x1="1472" y0="1864" y1="2016">(64770,514,1285)</Cell>
<Cell dontCare="true" endCol="5" endRow="1" startCol="5" startRow="1" x0="1472" x1="1783" y0="1864" y1="2016">(64770,514,1542)</Cell>
<Cell dontCare="false" endCol="0" endRow="2" startCol="0" startRow="2" x0="10" x1="258" y0="2016" y1="2088">(64770,771,257)</Cell>
<Cell dontCare="false" endCol="1" endRow="2" startCol="1" startRow="2" x0="258" x1="590" y0="2016" y1="2088">(64770,771,514)</Cell>
<Cell dontCare="false" endCol="2" endRow="2" startCol="2" startRow="2" x0="590" x1="860" y0="2016" y1="2088">(64770,771,771)</Cell>
<Cell dontCare="false" endCol="3" endRow="2" startCol="3" startRow="2" x0="860" x1="1146" y0="2016" y1="2088">(64770,771,1028)</Cell>
<Cell dontCare="false" endCol="4" endRow="2" startCol="4" startRow="2" x0="1146" x1="1472" y0="2016" y1="2088">(64770,771,1285)</Cell>
<Cell dontCare="false" endCol="5" endRow="2" startCol="5" startRow="2" x0="1472" x1="1783" y0="2016" y1="2088">(64770,771,1542)</Cell>
<Cell dontCare="false" endCol="0" endRow="3" startCol="0" startRow="3" x0="10" x1="258" y0="2088" y1="2162">(64770,1028,257)</Cell>
<Cell dontCare="false" endCol="1" endRow="3" startCol="1" startRow="3" x0="258" x1="590" y0="2088" y1="2162">(64770,1028,514)</Cell>
<Cell dontCare="false" endCol="2" endRow="3" startCol="2" startRow="3" x0="590" x1="860" y0="2088" y1="2162">(64770,1028,771)</Cell>
<Cell dontCare="false" endCol="3" endRow="3" startCol="3" startRow="3" x0="860" x1="1146" y0="2088" y1="2162">(64770,1028,1028)</Cell>
<Cell dontCare="false" endCol="4" endRow="3" startCol="4" startRow="3" x0="1146" x1="1472" y0="2088" y1="2162">(64770,1028,1285)</Cell>
<Cell dontCare="false" endCol="5" endRow="3" startCol="5" startRow="3" x0="1472" x1="1783" y0="2088" y1="2162">(64770,1028,1542)</Cell>
<Cell dontCare="false" endCol="0" endRow="4" startCol="0" startRow="4" x0="10" x1="258" y0="2162" y1="2230">(64770,1285,257)</Cell>
<Cell dontCare="false" endCol="1" endRow="4" startCol="1" startRow="4" x0="258" x1="590" y0="2162" y1="2230">(64770,1285,514)</Cell>
<Cell dontCare="false" endCol="2" endRow="4" startCol="2" startRow="4" x0="590" x1="860" y0="2162" y1="2230">(64770,1285,771)</Cell>
<Cell dontCare="false" endCol="3" endRow="4" startCol="3" startRow="4" x0="860" x1="1146" y0="2162" y1="2230">(64770,1285,1028)</Cell>
<Cell dontCare="false" endCol="4" endRow="4" startCol="4" startRow="4" x0="1146" x1="1472" y0="2162" y1="2230">(64770,1285,1285)</Cell>
<Cell dontCare="false" endCol="5" endRow="4" startCol="5" startRow="4" x0="1472" x1="1783" y0="2162" y1="2230">(64770,1285,1542)</Cell>
<Cell dontCare="false" endCol="0" endRow="5" startCol="0" startRow="5" x0="10" x1="258" y0="2230" y1="2304">(64770,1542,257)</Cell>
<Cell dontCare="false" endCol="1" endRow="5" startCol="1" startRow="5" x0="258" x1="590" y0="2230" y1="2304">(64770,1542,514)</Cell>
<Cell dontCare="false" endCol="2" endRow="5" startCol="2" startRow="5" x0="590" x1="860" y0="2230" y1="2304">(64770,1542,771)</Cell>
<Cell dontCare="false" endCol="3" endRow="5" startCol="3" startRow="5" x0="860" x1="1146" y0="2230" y1="2304">(64770,1542,1028)</Cell>
<Cell dontCare="false" endCol="4" endRow="5" startCol="4" startRow="5" x0="1146" x1="1472" y0="2230" y1="2304">(64770,1542,1285)</Cell>
<Cell dontCare="false" endCol="5" endRow="5" startCol="5" startRow="5" x0="1472" x1="1783" y0="2230" y1="2304">(64770,1542,1542)</Cell>
<Cell dontCare="false" endCol="0" endRow="6" startCol="0" startRow="6" x0="10" x1="258" y0="2304" y1="2374">(64770,1799,257)</Cell>
<Cell dontCare="false" endCol="1" endRow="6" startCol="1" startRow="6" x0="258" x1="590" y0="2304" y1="2374">(64770,1799,514)</Cell>
<Cell dontCare="false" endCol="2" endRow="6" startCol="2" startRow="6" x0="590" x1="860" y0="2304" y1="2374">(64770,1799,771)</Cell>
<Cell dontCare="false" endCol="3" endRow="6" startCol="3" startRow="6" x0="860" x1="1146" y0="2304" y1="2374">(64770,1799,1028)</Cell>
<Cell dontCare="false" endCol="4" endRow="6" startCol="4" startRow="6" x0="1146" x1="1472" y0="2304" y1="2374">(64770,1799,1285)</Cell>
<Cell dontCare="false" endCol="5" endRow="6" startCol="5" startRow="6" x0="1472" x1="1783" y0="2304" y1="2374">(64770,1799,1542)</Cell>
<Cell dontCare="false" endCol="0" endRow="7" startCol="0" startRow="7" x0="10" x1="258" y0="2374" y1="2446">(64770,2056,257)</Cell>
<Cell dontCare="false" endCol="1" endRow="7" startCol="1" startRow="7" x0="258" x1="590" y0="2374" y1="2446">(64770,2056,514)</Cell>
<Cell dontCare="false" endCol="2" endRow="7" startCol="2" startRow="7" x0="590" x1="860" y0="2374" y1="2446">(64770,2056,771)</Cell>
<Cell dontCare="false" endCol="3" endRow="7" startCol="3" startRow="7" x0="860" x1="1146" y0="2374" y1="2446">(64770,2056,1028)</Cell>
<Cell dontCare="false" endCol="4" endRow="7" startCol="4" startRow="7" x0="1146" x1="1472" y0="2374" y1="2446">(64770,2056,1285)</Cell>
<Cell dontCare="false" endCol="5" endRow="7" startCol="5" startRow="7" x0="1472" x1="1783" y0="2374" y1="2446">(64770,2056,1542)</Cell>
<Cell dontCare="false" endCol="0" endRow="8" startCol="0" startRow="8" x0="10" x1="258" y0="2446" y1="2514">(64770,2313,257)</Cell>
<Cell dontCare="false" endCol="1" endRow="8" startCol="1" startRow="8" x0="258" x1="590" y0="2446" y1="2514">(64770,2313,514)</Cell>
<Cell dontCare="false" endCol="2" endRow="8" startCol="2" startRow="8" x0="590" x1="860" y0="2446" y1="2514">(64770,2313,771)</Cell>
<Cell dontCare="false" endCol="3" endRow="8" startCol="3" startRow="8" x0="860" x1="1146" y0="2446" y1="2514">(64770,2313,1028)</Cell>
<Cell dontCare="false" endCol="4" endRow="8" startCol="4" startRow="8" x0="1146" x1="1472" y0="2446" y1="2514">(64770,2313,1285)</Cell>
<Cell dontCare="false" endCol="5" endRow="8" startCol="5" startRow="8" x0="1472" x1="1783" y0="2446" y1="2514">(64770,2313,1542)</Cell>
<Cell dontCare="false" endCol="0" endRow="9" startCol="0" startRow="9" x0="10" x1="258" y0="2514" y1="2594">(64770,2570,257)</Cell>
<Cell dontCare="false" endCol="1" endRow="9" startCol="1" startRow="9" x0="258" x1="590" y0="2514" y1="2594">(64770,2570,514)</Cell>
<Cell dontCare="false" endCol="2" endRow="9" startCol="2" startRow="9" x0="590" x1="860" y0="2514" y1="2594">(64770,2570,771)</Cell>
<Cell dontCare="false" endCol="3" endRow="9" startCol="3" startRow="9" x0="860" x1="1146" y0="2514" y1="2594">(64770,2570,1028)</Cell>
<Cell dontCare="false" endCol="4" endRow="9" startCol="4" startRow="9" x0="1146" x1="1472" y0="2514" y1="2594">(64770,2570,1285)</Cell>
<Cell dontCare="false" endCol="5" endRow="9" startCol="5" startRow="9" x0="1472" x1="1783" y0="2514" y1="2594">(64770,2570,1542)</Cell>
<Cell dontCare="false" endCol="0" endRow="10" startCol="0" startRow="10" x0="10" x1="258" y0="2594" y1="2650">(64770,2827,257)</Cell>
<Cell dontCare="false" endCol="1" endRow="10" startCol="1" startRow="10" x0="258" x1="590" y0="2594" y1="2650">(64770,2827,514)</Cell>
<Cell dontCare="false" endCol="2" endRow="10" startCol="2" startRow="10" x0="590" x1="860" y0="2594" y1="2650">(64770,2827,771)</Cell>
<Cell dontCare="false" endCol="3" endRow="10" startCol="3" startRow="10" x0="860" x1="1146" y0="2594" y1="2650">(64770,2827,1028)</Cell>
<Cell dontCare="false" endCol="4" endRow="10" startCol="4" startRow="10" x0="1146" x1="1472" y0="2594" y1="2650">(64770,2827,1285)</Cell>
<Cell dontCare="false" endCol="5" endRow="10" startCol="5" startRow="10" x0="1472" x1="1783" y0="2594" y1="2650">(64770,2827,1542)</Cell>
<Cell dontCare="false" endCol="0" endRow="11" startCol="0" startRow="11" x0="10" x1="258" y0="2650" y1="2728">(64770,3084,257)</Cell>
<Cell dontCare="false" endCol="1" endRow="11" startCol="1" startRow="11" x0="258" x1="590" y0="2650" y1="2728">(64770,3084,514)</Cell>
<Cell dontCare="false" endCol="2" endRow="11" startCol="2" startRow="11" x0="590" x1="860" y0="2650" y1="2728">(64770,3084,771)</Cell>
<Cell dontCare="false" endCol="3" endRow="11" startCol="3" startRow="11" x0="860" x1="1146" y0="2650" y1="2728">(64770,3084,1028)</Cell>
<Cell dontCare="false" endCol="4" endRow="11" startCol="4" startRow="11" x0="1146" x1="1472" y0="2650" y1="2728">(64770,3084,1285)</Cell>
<Cell dontCare="false" endCol="5" endRow="11" startCol="5" startRow="11" x0="1472" x1="1783" y0="2650" y1="2728">(64770,3084,1542)</Cell>
<Cell dontCare="false" endCol="0" endRow="12" startCol="0" startRow="12" x0="10" x1="258" y0="2728" y1="2803">(64770,3341,257)</Cell>
<Cell dontCare="false" endCol="1" endRow="12" startCol="1" startRow="12" x0="258" x1="590" y0="2728" y1="2803">(64770,3341,514)</Cell>
<Cell dontCare="false" endCol="2" endRow="12" startCol="2" startRow="12" x0="590" x1="860" y0="2728" y1="2803">(64770,3341,771)</Cell>
<Cell dontCare="false" endCol="3" endRow="12" startCol="3" startRow="12" x0="860" x1="1146" y0="2728" y1="2803">(64770,3341,1028)</Cell>
<Cell dontCare="false" endCol="4" endRow="12" startCol="4" startRow="12" x0="1146" x1="1472" y0="2728" y1="2803">(64770,3341,1285)</Cell>
<Cell dontCare="false" endCol="5" endRow="12" startCol="5" startRow="12" x0="1472" x1="1783" y0="2728" y1="2803">(64770,3341,1542)</Cell>
</Table>
</Tables>
</GroundTruth>
