<?xml version="1.0" encoding="UTF-8" standalone="no"?>
<GroundTruth InputFile="C:\Dokumente und Einstellungen\mehmood\Desktop\dataset\skew_corrected\unlv_tables_bin_test\9557_035.png">
<Tables>
<Table x0="310" x1="2092" y0="810" y1="1528">
<Row x0="310" x1="2092" y0="866" y1="866"/>
<Row x0="310" x1="2092" y0="922" y1="922"/>
<Row x0="310" x1="2092" y0="1000" y1="1000"/>
<Row x0="310" x1="2092" y0="1138" y1="1138"/>
<Row x0="310" x1="2092" y0="1220" y1="1220"/>
<Row x0="310" x1="2092" y0="1292" y1="1292"/>
<Row x0="310" x1="2092" y0="1348" y1="1348"/>
<Row x0="310" x1="2092" y0="1404" y1="1404"/>
<Row x0="310" x1="2092" y0="1472" y1="1472"/>
<Column x0="1418" x1="1418" y0="810" y1="1528"/>
<Column x0="1682" x1="1682" y0="810" y1="1528"/>
<Column x0="1890" x1="1890" y0="810" y1="1528"/>
<Cell dontCare="false" endCol="0" endRow="0" startCol="0" startRow="0" x0="310" x1="1418" y0="810" y1="866">(64769,257,257)</Cell>
<Cell dontCare="false" endCol="3" endRow="0" startCol="1" startRow="0" x0="1418" x1="2092" y0="810" y1="866">(64769,257,516)</Cell>
<Cell dontCare="true" endCol="2" endRow="0" startCol="2" startRow="0" x0="1682" x1="1890" y0="810" y1="866">(64769,257,771)</Cell>
<Cell dontCare="true" endCol="3" endRow="0" startCol="3" startRow="0" x0="1890" x1="2092" y0="810" y1="866">(64769,257,1028)</Cell>
<Cell dontCare="false" endCol="0" endRow="1" startCol="0" startRow="1" x0="310" x1="1418" y0="866" y1="922">(64769,514,257)</Cell>
<Cell dontCare="false" endCol="1" endRow="1" startCol="1" startRow="1" x0="1418" x1="1682" y0="866" y1="922">(64769,514,514)</Cell>
<Cell dontCare="false" endCol="2" endRow="1" startCol="2" startRow="1" x0="1682" x1="1890" y0="866" y1="922">(64769,514,771)</Cell>
<Cell dontCare="false" endCol="3" endRow="1" startCol="3" startRow="1" x0="1890" x1="2092" y0="866" y1="922">(64769,514,1028)</Cell>
<Cell dontCare="false" endCol="3" endRow="2" startCol="0" startRow="2" x0="310" x1="2092" y0="922" y1="1000">(64769,771,260)</Cell>
<Cell dontCare="true" endCol="1" endRow="2" startCol="1" startRow="2" x0="1418" x1="1682" y0="922" y1="1000">(64769,771,514)</Cell>
<Cell dontCare="true" endCol="2" endRow="2" startCol="2" startRow="2" x0="1682" x1="1890" y0="922" y1="1000">(64769,771,771)</Cell>
<Cell dontCare="true" endCol="3" endRow="2" startCol="3" startRow="2" x0="1890" x1="2092" y0="922" y1="1000">(64769,771,1028)</Cell>
<Cell dontCare="false" endCol="0" endRow="3" startCol="0" startRow="3" x0="310" x1="1418" y0="1000" y1="1138">(64769,1028,257)</Cell>
<Cell dontCare="false" endCol="1" endRow="3" startCol="1" startRow="3" x0="1418" x1="1682" y0="1000" y1="1138">(64769,1028,514)</Cell>
<Cell dontCare="false" endCol="2" endRow="3" startCol="2" startRow="3" x0="1682" x1="1890" y0="1000" y1="1138">(64769,1028,771)</Cell>
<Cell dontCare="false" endCol="3" endRow="3" startCol="3" startRow="3" x0="1890" x1="2092" y0="1000" y1="1138">(64769,1028,1028)</Cell>
<Cell dontCare="false" endCol="0" endRow="4" startCol="0" startRow="4" x0="310" x1="1418" y0="1138" y1="1220">(64769,1285,257)</Cell>
<Cell dontCare="false" endCol="1" endRow="4" startCol="1" startRow="4" x0="1418" x1="1682" y0="1138" y1="1220">(64769,1285,514)</Cell>
<Cell dontCare="false" endCol="2" endRow="4" startCol="2" startRow="4" x0="1682" x1="1890" y0="1138" y1="1220">(64769,1285,771)</Cell>
<Cell dontCare="false" endCol="3" endRow="4" startCol="3" startRow="4" x0="1890" x1="2092" y0="1138" y1="1220">(64769,1285,1028)</Cell>
<Cell dontCare="false" endCol="0" endRow="5" startCol="0" startRow="5" x0="310" x1="1418" y0="1220" y1="1292">(64769,1542,257)</Cell>
<Cell dontCare="false" endCol="1" endRow="5" startCol="1" startRow="5" x0="1418" x1="1682" y0="1220" y1="1292">(64769,1542,514)</Cell>
<Cell dontCare="false" endCol="2" endRow="5" startCol="2" startRow="5" x0="1682" x1="1890" y0="1220" y1="1292">(64769,1542,771)</Cell>
<Cell dontCare="false" endCol="3" endRow="5" startCol="3" startRow="5" x0="1890" x1="2092" y0="1220" y1="1292">(64769,1542,1028)</Cell>
<Cell dontCare="false" endCol="0" endRow="6" startCol="0" startRow="6" x0="310" x1="1418" y0="1292" y1="1348">(64769,1799,257)</Cell>
<Cell dontCare="false" endCol="1" endRow="6" startCol="1" startRow="6" x0="1418" x1="1682" y0="1292" y1="1348">(64769,1799,514)</Cell>
<Cell dontCare="false" endCol="2" endRow="6" startCol="2" startRow="6" x0="1682" x1="1890" y0="1292" y1="1348">(64769,1799,771)</Cell>
<Cell dontCare="false" endCol="3" endRow="6" startCol="3" startRow="6" x0="1890" x1="2092" y0="1292" y1="1348">(64769,1799,1028)</Cell>
<Cell dontCare="false" endCol="0" endRow="7" startCol="0" startRow="7" x0="310" x1="1418" y0="1348" y1="1404">(64769,2056,257)</Cell>
<Cell dontCare="false" endCol="1" endRow="7" startCol="1" startRow="7" x0="1418" x1="1682" y0="1348" y1="1404">(64769,2056,514)</Cell>
<Cell dontCare="false" endCol="2" endRow="7" startCol="2" startRow="7" x0="1682" x1="1890" y0="1348" y1="1404">(64769,2056,771)</Cell>
<Cell dontCare="false" endCol="3" endRow="7" startCol="3" startRow="7" x0="1890" x1="2092" y0="1348" y1="1404">(64769,2056,1028)</Cell>
<Cell dontCare="false" endCol="0" endRow="8" startCol="0" startRow="8" x0="310" x1="1418" y0="1404" y1="1472">(64769,2313,257)</Cell>
<Cell dontCare="false" endCol="1" endRow="8" startCol="1" startRow="8" x0="1418" x1="1682" y0="1404" y1="1472">(64769,2313,514)</Cell>
<Cell dontCare="false" endCol="2" endRow="8" startCol="2" startRow="8" x0="1682" x1="1890" y0="1404" y1="1472">(64769,2313,771)</Cell>
<Cell dontCare="false" endCol="3" endRow="8" startCol="3" startRow="8" x0="1890" x1="2092" y0="1404" y1="1472">(64769,2313,1028)</Cell>
<Cell dontCare="false" endCol="0" endRow="9" startCol="0" startRow="9" x0="310" x1="1418" y0="1472" y1="1528">(64769,2570,257)</Cell>
<Cell dontCare="false" endCol="1" endRow="9" startCol="1" startRow="9" x0="1418" x1="1682" y0="1472" y1="1528">(64769,2570,514)</Cell>
<Cell dontCare="false" endCol="2" endRow="9" startCol="2" startRow="9" x0="1682" x1="1890" y0="1472" y1="1528">(64769,2570,771)</Cell>
<Cell dontCare="false" endCol="3" endRow="9" startCol="3" startRow="9" x0="1890" x1="2092" y0="1472" y1="1528">(64769,2570,1028)</Cell>
</Table>
</Tables>
</GroundTruth>
