<?xml version="1.0" encoding="UTF-8" standalone="no"?>
<GroundTruth InputFile="C:\Dokumente und Einstellungen\mehmood\Desktop\dataset\skew_corrected\unlv_tables_bin_test\9561_044.png">
<Tables>
<Table x0="168" x1="2218" y0="456" y1="932">
<Row x0="168" x1="2218" y0="536" y1="536"/>
<Row x0="168" x1="2218" y0="596" y1="596"/>
<Row x0="168" x1="2218" y0="640" y1="640"/>
<Row x0="168" x1="2218" y0="686" y1="686"/>
<Row x0="168" x1="2218" y0="752" y1="752"/>
<Row x0="168" x1="2218" y0="796" y1="796"/>
<Row x0="168" x1="2218" y0="860" y1="860"/>
<Column x0="1810" x1="1810" y0="456" y1="932"/>
<Column x0="2018" x1="2018" y0="456" y1="932"/>
<Cell dontCare="false" endCol="0" endRow="0" startCol="0" startRow="0" x0="168" x1="1810" y0="456" y1="536">(64769,257,257)</Cell>
<Cell dontCare="false" endCol="1" endRow="0" startCol="1" startRow="0" x0="1810" x1="2018" y0="456" y1="536">(64769,257,514)</Cell>
<Cell dontCare="false" endCol="2" endRow="0" startCol="2" startRow="0" x0="2018" x1="2218" y0="456" y1="536">(64769,257,771)</Cell>
<Cell dontCare="false" endCol="0" endRow="1" startCol="0" startRow="1" x0="168" x1="1810" y0="536" y1="596">(64769,514,257)</Cell>
<Cell dontCare="false" endCol="1" endRow="1" startCol="1" startRow="1" x0="1810" x1="2018" y0="536" y1="596">(64769,514,514)</Cell>
<Cell dontCare="false" endCol="2" endRow="1" startCol="2" startRow="1" x0="2018" x1="2218" y0="536" y1="596">(64769,514,771)</Cell>
<Cell dontCare="false" endCol="0" endRow="2" startCol="0" startRow="2" x0="168" x1="1810" y0="596" y1="640">(64769,771,257)</Cell>
<Cell dontCare="false" endCol="1" endRow="2" startCol="1" startRow="2" x0="1810" x1="2018" y0="596" y1="640">(64769,771,514)</Cell>
<Cell dontCare="false" endCol="2" endRow="2" startCol="2" startRow="2" x0="2018" x1="2218" y0="596" y1="640">(64769,771,771)</Cell>
<Cell dontCare="false" endCol="0" endRow="3" startCol="0" startRow="3" x0="168" x1="1810" y0="640" y1="686">(64769,1028,257)</Cell>
<Cell dontCare="false" endCol="1" endRow="3" startCol="1" startRow="3" x0="1810" x1="2018" y0="640" y1="686">(64769,1028,514)</Cell>
<Cell dontCare="false" endCol="2" endRow="3" startCol="2" startRow="3" x0="2018" x1="2218" y0="640" y1="686">(64769,1028,771)</Cell>
<Cell dontCare="false" endCol="0" endRow="4" startCol="0" startRow="4" x0="168" x1="1810" y0="686" y1="752">(64769,1285,257)</Cell>
<Cell dontCare="false" endCol="1" endRow="4" startCol="1" startRow="4" x0="1810" x1="2018" y0="686" y1="752">(64769,1285,514)</Cell>
<Cell dontCare="false" endCol="2" endRow="4" startCol="2" startRow="4" x0="2018" x1="2218" y0="686" y1="752">(64769,1285,771)</Cell>
<Cell dontCare="false" endCol="0" endRow="5" startCol="0" startRow="5" x0="168" x1="1810" y0="752" y1="796">(64769,1542,257)</Cell>
<Cell dontCare="false" endCol="1" endRow="5" startCol="1" startRow="5" x0="1810" x1="2018" y0="752" y1="796">(64769,1542,514)</Cell>
<Cell dontCare="false" endCol="2" endRow="5" startCol="2" startRow="5" x0="2018" x1="2218" y0="752" y1="796">(64769,1542,771)</Cell>
<Cell dontCare="false" endCol="0" endRow="6" startCol="0" startRow="6" x0="168" x1="1810" y0="796" y1="860">(64769,1799,257)</Cell>
<Cell dontCare="false" endCol="1" endRow="6" startCol="1" startRow="6" x0="1810" x1="2018" y0="796" y1="860">(64769,1799,514)</Cell>
<Cell dontCare="false" endCol="2" endRow="6" startCol="2" startRow="6" x0="2018" x1="2218" y0="796" y1="860">(64769,1799,771)</Cell>
<Cell dontCare="false" endCol="0" endRow="7" startCol="0" startRow="7" x0="168" x1="1810" y0="860" y1="932">(64769,2056,257)</Cell>
<Cell dontCare="false" endCol="1" endRow="7" startCol="1" startRow="7" x0="1810" x1="2018" y0="860" y1="932">(64769,2056,514)</Cell>
<Cell dontCare="false" endCol="2" endRow="7" startCol="2" startRow="7" x0="2018" x1="2218" y0="860" y1="932">(64769,2056,771)</Cell>
</Table>
<Table x0="168" x1="2222" y0="1236" y1="1890">
<Row x0="168" x1="2222" y0="1308" y1="1308"/>
<Row x0="168" x1="2222" y0="1412" y1="1412"/>
<Row x0="168" x1="2222" y0="1502" y1="1502"/>
<Row x0="168" x1="2222" y0="1650" y1="1650"/>
<Row x0="168" x1="2222" y0="1706" y1="1706"/>
<Row x0="168" x1="2222" y0="1756" y1="1756"/>
<Row x0="168" x1="2222" y0="1806" y1="1806"/>
<Column x0="1818" x1="1818" y0="1236" y1="1890"/>
<Column x0="2030" x1="2030" y0="1236" y1="1890"/>
<Cell dontCare="false" endCol="0" endRow="0" startCol="0" startRow="0" x0="168" x1="1818" y0="1236" y1="1308">(64770,257,257)</Cell>
<Cell dontCare="false" endCol="1" endRow="0" startCol="1" startRow="0" x0="1818" x1="2030" y0="1236" y1="1308">(64770,257,514)</Cell>
<Cell dontCare="false" endCol="2" endRow="0" startCol="2" startRow="0" x0="2030" x1="2222" y0="1236" y1="1308">(64770,257,771)</Cell>
<Cell dontCare="false" endCol="0" endRow="1" startCol="0" startRow="1" x0="168" x1="1818" y0="1308" y1="1412">(64770,514,257)</Cell>
<Cell dontCare="false" endCol="1" endRow="1" startCol="1" startRow="1" x0="1818" x1="2030" y0="1308" y1="1412">(64770,514,514)</Cell>
<Cell dontCare="false" endCol="2" endRow="1" startCol="2" startRow="1" x0="2030" x1="2222" y0="1308" y1="1412">(64770,514,771)</Cell>
<Cell dontCare="false" endCol="0" endRow="2" startCol="0" startRow="2" x0="168" x1="1818" y0="1412" y1="1502">(64770,771,257)</Cell>
<Cell dontCare="false" endCol="1" endRow="2" startCol="1" startRow="2" x0="1818" x1="2030" y0="1412" y1="1502">(64770,771,514)</Cell>
<Cell dontCare="false" endCol="2" endRow="2" startCol="2" startRow="2" x0="2030" x1="2222" y0="1412" y1="1502">(64770,771,771)</Cell>
<Cell dontCare="false" endCol="0" endRow="3" startCol="0" startRow="3" x0="168" x1="1818" y0="1502" y1="1650">(64770,1028,257)</Cell>
<Cell dontCare="false" endCol="1" endRow="3" startCol="1" startRow="3" x0="1818" x1="2030" y0="1502" y1="1650">(64770,1028,514)</Cell>
<Cell dontCare="false" endCol="2" endRow="3" startCol="2" startRow="3" x0="2030" x1="2222" y0="1502" y1="1650">(64770,1028,771)</Cell>
<Cell dontCare="false" endCol="0" endRow="4" startCol="0" startRow="4" x0="168" x1="1818" y0="1650" y1="1706">(64770,1285,257)</Cell>
<Cell dontCare="false" endCol="1" endRow="4" startCol="1" startRow="4" x0="1818" x1="2030" y0="1650" y1="1706">(64770,1285,514)</Cell>
<Cell dontCare="false" endCol="2" endRow="4" startCol="2" startRow="4" x0="2030" x1="2222" y0="1650" y1="1706">(64770,1285,771)</Cell>
<Cell dontCare="false" endCol="0" endRow="5" startCol="0" startRow="5" x0="168" x1="1818" y0="1706" y1="1756">(64770,1542,257)</Cell>
<Cell dontCare="false" endCol="1" endRow="5" startCol="1" startRow="5" x0="1818" x1="2030" y0="1706" y1="1756">(64770,1542,514)</Cell>
<Cell dontCare="false" endCol="2" endRow="5" startCol="2" startRow="5" x0="2030" x1="2222" y0="1706" y1="1756">(64770,1542,771)</Cell>
<Cell dontCare="false" endCol="0" endRow="6" startCol="0" startRow="6" x0="168" x1="1818" y0="1756" y1="1806">(64770,1799,257)</Cell>
<Cell dontCare="false" endCol="1" endRow="6" startCol="1" startRow="6" x0="1818" x1="2030" y0="1756" y1="1806">(64770,1799,514)</Cell>
<Cell dontCare="false" endCol="2" endRow="6" startCol="2" startRow="6" x0="2030" x1="2222" y0="1756" y1="1806">(64770,1799,771)</Cell>
<Cell dontCare="false" endCol="0" endRow="7" startCol="0" startRow="7" x0="168" x1="1818" y0="1806" y1="1890">(64770,2056,257)</Cell>
<Cell dontCare="false" endCol="1" endRow="7" startCol="1" startRow="7" x0="1818" x1="2030" y0="1806" y1="1890">(64770,2056,514)</Cell>
<Cell dontCare="false" endCol="2" endRow="7" startCol="2" startRow="7" x0="2030" x1="2222" y0="1806" y1="1890">(64770,2056,771)</Cell>
</Table>
</Tables>
</GroundTruth>
