<?xml version="1.0" encoding="UTF-8" standalone="no"?>
<GroundTruth InputFile="C:\Dokumente und Einstellungen\mehmood\Desktop\dataset\skew_corrected\unlv_tables_bin_test\9563_061.png">
<Tables>
<Table x0="36" x1="2046" y0="528" y1="1234">
<Row x0="36" x1="2046" y0="596" y1="596"/>
<Row x0="36" x1="2046" y0="678" y1="678"/>
<Row x0="36" x1="2046" y0="738" y1="738"/>
<Row x0="36" x1="2046" y0="794" y1="794"/>
<Row x0="36" x1="2046" y0="860" y1="860"/>
<Row x0="36" x1="2046" y0="914" y1="914"/>
<Row x0="36" x1="2046" y0="974" y1="974"/>
<Row x0="36" x1="2046" y0="1026" y1="1026"/>
<Row x0="36" x1="2046" y0="1092" y1="1092"/>
<Row x0="36" x1="2046" y0="1164" y1="1164"/>
<Column x0="1074" x1="1074" y0="528" y1="1234"/>
<Column x0="1302" x1="1302" y0="528" y1="1234"/>
<Column x0="1550" x1="1550" y0="528" y1="1234"/>
<Column x0="1798" x1="1798" y0="528" y1="1234"/>
<Cell dontCare="false" endCol="0" endRow="0" startCol="0" startRow="0" x0="36" x1="1074" y0="528" y1="596">(64769,257,257)</Cell>
<Cell dontCare="false" endCol="2" endRow="0" startCol="1" startRow="0" x0="1074" x1="1550" y0="528" y1="596">(64769,257,515)</Cell>
<Cell dontCare="true" endCol="2" endRow="0" startCol="2" startRow="0" x0="1302" x1="1550" y0="528" y1="596">(64769,257,771)</Cell>
<Cell dontCare="false" endCol="4" endRow="0" startCol="3" startRow="0" x0="1550" x1="2046" y0="528" y1="596">(64769,257,1029)</Cell>
<Cell dontCare="true" endCol="4" endRow="0" startCol="4" startRow="0" x0="1798" x1="2046" y0="528" y1="596">(64769,257,1285)</Cell>
<Cell dontCare="false" endCol="0" endRow="1" startCol="0" startRow="1" x0="36" x1="1074" y0="596" y1="678">(64769,514,257)</Cell>
<Cell dontCare="false" endCol="1" endRow="1" startCol="1" startRow="1" x0="1074" x1="1302" y0="596" y1="678">(64769,514,514)</Cell>
<Cell dontCare="false" endCol="2" endRow="1" startCol="2" startRow="1" x0="1302" x1="1550" y0="596" y1="678">(64769,514,771)</Cell>
<Cell dontCare="false" endCol="3" endRow="1" startCol="3" startRow="1" x0="1550" x1="1798" y0="596" y1="678">(64769,514,1028)</Cell>
<Cell dontCare="false" endCol="4" endRow="1" startCol="4" startRow="1" x0="1798" x1="2046" y0="596" y1="678">(64769,514,1285)</Cell>
<Cell dontCare="false" endCol="0" endRow="2" startCol="0" startRow="2" x0="36" x1="1074" y0="678" y1="738">(64769,771,257)</Cell>
<Cell dontCare="false" endCol="1" endRow="2" startCol="1" startRow="2" x0="1074" x1="1302" y0="678" y1="738">(64769,771,514)</Cell>
<Cell dontCare="false" endCol="2" endRow="2" startCol="2" startRow="2" x0="1302" x1="1550" y0="678" y1="738">(64769,771,771)</Cell>
<Cell dontCare="false" endCol="3" endRow="2" startCol="3" startRow="2" x0="1550" x1="1798" y0="678" y1="738">(64769,771,1028)</Cell>
<Cell dontCare="false" endCol="4" endRow="2" startCol="4" startRow="2" x0="1798" x1="2046" y0="678" y1="738">(64769,771,1285)</Cell>
<Cell dontCare="false" endCol="0" endRow="3" startCol="0" startRow="3" x0="36" x1="1074" y0="738" y1="794">(64769,1028,257)</Cell>
<Cell dontCare="false" endCol="1" endRow="3" startCol="1" startRow="3" x0="1074" x1="1302" y0="738" y1="794">(64769,1028,514)</Cell>
<Cell dontCare="false" endCol="2" endRow="3" startCol="2" startRow="3" x0="1302" x1="1550" y0="738" y1="794">(64769,1028,771)</Cell>
<Cell dontCare="false" endCol="3" endRow="3" startCol="3" startRow="3" x0="1550" x1="1798" y0="738" y1="794">(64769,1028,1028)</Cell>
<Cell dontCare="false" endCol="4" endRow="3" startCol="4" startRow="3" x0="1798" x1="2046" y0="738" y1="794">(64769,1028,1285)</Cell>
<Cell dontCare="false" endCol="0" endRow="4" startCol="0" startRow="4" x0="36" x1="1074" y0="794" y1="860">(64769,1285,257)</Cell>
<Cell dontCare="false" endCol="1" endRow="4" startCol="1" startRow="4" x0="1074" x1="1302" y0="794" y1="860">(64769,1285,514)</Cell>
<Cell dontCare="false" endCol="2" endRow="4" startCol="2" startRow="4" x0="1302" x1="1550" y0="794" y1="860">(64769,1285,771)</Cell>
<Cell dontCare="false" endCol="3" endRow="4" startCol="3" startRow="4" x0="1550" x1="1798" y0="794" y1="860">(64769,1285,1028)</Cell>
<Cell dontCare="false" endCol="4" endRow="4" startCol="4" startRow="4" x0="1798" x1="2046" y0="794" y1="860">(64769,1285,1285)</Cell>
<Cell dontCare="false" endCol="0" endRow="5" startCol="0" startRow="5" x0="36" x1="1074" y0="860" y1="914">(64769,1542,257)</Cell>
<Cell dontCare="false" endCol="1" endRow="5" startCol="1" startRow="5" x0="1074" x1="1302" y0="860" y1="914">(64769,1542,514)</Cell>
<Cell dontCare="false" endCol="2" endRow="5" startCol="2" startRow="5" x0="1302" x1="1550" y0="860" y1="914">(64769,1542,771)</Cell>
<Cell dontCare="false" endCol="3" endRow="5" startCol="3" startRow="5" x0="1550" x1="1798" y0="860" y1="914">(64769,1542,1028)</Cell>
<Cell dontCare="false" endCol="4" endRow="5" startCol="4" startRow="5" x0="1798" x1="2046" y0="860" y1="914">(64769,1542,1285)</Cell>
<Cell dontCare="false" endCol="0" endRow="6" startCol="0" startRow="6" x0="36" x1="1074" y0="914" y1="974">(64769,1799,257)</Cell>
<Cell dontCare="false" endCol="1" endRow="6" startCol="1" startRow="6" x0="1074" x1="1302" y0="914" y1="974">(64769,1799,514)</Cell>
<Cell dontCare="false" endCol="2" endRow="6" startCol="2" startRow="6" x0="1302" x1="1550" y0="914" y1="974">(64769,1799,771)</Cell>
<Cell dontCare="false" endCol="3" endRow="6" startCol="3" startRow="6" x0="1550" x1="1798" y0="914" y1="974">(64769,1799,1028)</Cell>
<Cell dontCare="false" endCol="4" endRow="6" startCol="4" startRow="6" x0="1798" x1="2046" y0="914" y1="974">(64769,1799,1285)</Cell>
<Cell dontCare="false" endCol="0" endRow="7" startCol="0" startRow="7" x0="36" x1="1074" y0="974" y1="1026">(64769,2056,257)</Cell>
<Cell dontCare="false" endCol="1" endRow="7" startCol="1" startRow="7" x0="1074" x1="1302" y0="974" y1="1026">(64769,2056,514)</Cell>
<Cell dontCare="false" endCol="2" endRow="7" startCol="2" startRow="7" x0="1302" x1="1550" y0="974" y1="1026">(64769,2056,771)</Cell>
<Cell dontCare="false" endCol="3" endRow="7" startCol="3" startRow="7" x0="1550" x1="1798" y0="974" y1="1026">(64769,2056,1028)</Cell>
<Cell dontCare="false" endCol="4" endRow="7" startCol="4" startRow="7" x0="1798" x1="2046" y0="974" y1="1026">(64769,2056,1285)</Cell>
<Cell dontCare="false" endCol="0" endRow="8" startCol="0" startRow="8" x0="36" x1="1074" y0="1026" y1="1092">(64769,2313,257)</Cell>
<Cell dontCare="false" endCol="1" endRow="8" startCol="1" startRow="8" x0="1074" x1="1302" y0="1026" y1="1092">(64769,2313,514)</Cell>
<Cell dontCare="false" endCol="2" endRow="8" startCol="2" startRow="8" x0="1302" x1="1550" y0="1026" y1="1092">(64769,2313,771)</Cell>
<Cell dontCare="false" endCol="3" endRow="8" startCol="3" startRow="8" x0="1550" x1="1798" y0="1026" y1="1092">(64769,2313,1028)</Cell>
<Cell dontCare="false" endCol="4" endRow="8" startCol="4" startRow="8" x0="1798" x1="2046" y0="1026" y1="1092">(64769,2313,1285)</Cell>
<Cell dontCare="false" endCol="0" endRow="9" startCol="0" startRow="9" x0="36" x1="1074" y0="1092" y1="1164">(64769,2570,257)</Cell>
<Cell dontCare="false" endCol="1" endRow="9" startCol="1" startRow="9" x0="1074" x1="1302" y0="1092" y1="1164">(64769,2570,514)</Cell>
<Cell dontCare="false" endCol="2" endRow="9" startCol="2" startRow="9" x0="1302" x1="1550" y0="1092" y1="1164">(64769,2570,771)</Cell>
<Cell dontCare="false" endCol="3" endRow="9" startCol="3" startRow="9" x0="1550" x1="1798" y0="1092" y1="1164">(64769,2570,1028)</Cell>
<Cell dontCare="false" endCol="4" endRow="9" startCol="4" startRow="9" x0="1798" x1="2046" y0="1092" y1="1164">(64769,2570,1285)</Cell>
<Cell dontCare="false" endCol="0" endRow="10" startCol="0" startRow="10" x0="36" x1="1074" y0="1164" y1="1234">(64769,2827,257)</Cell>
<Cell dontCare="false" endCol="1" endRow="10" startCol="1" startRow="10" x0="1074" x1="1302" y0="1164" y1="1234">(64769,2827,514)</Cell>
<Cell dontCare="false" endCol="2" endRow="10" startCol="2" startRow="10" x0="1302" x1="1550" y0="1164" y1="1234">(64769,2827,771)</Cell>
<Cell dontCare="false" endCol="3" endRow="10" startCol="3" startRow="10" x0="1550" x1="1798" y0="1164" y1="1234">(64769,2827,1028)</Cell>
<Cell dontCare="false" endCol="4" endRow="10" startCol="4" startRow="10" x0="1798" x1="2046" y0="1164" y1="1234">(64769,2827,1285)</Cell>
</Table>
<Table x0="276" x1="1732" y0="1868" y1="2126">
<Row x0="276" x1="1732" y0="1940" y1="1940"/>
<Row x0="276" x1="1732" y0="2006" y1="2006"/>
<Column x0="1120" x1="1120" y0="1868" y1="2126"/>
<Column x0="1310" x1="1310" y0="1868" y1="2126"/>
<Column x0="1558" x1="1558" y0="1868" y1="2126"/>
<Cell dontCare="false" endCol="0" endRow="0" startCol="0" startRow="0" x0="276" x1="1120" y0="1868" y1="1940">(64770,257,257)</Cell>
<Cell dontCare="false" endCol="1" endRow="0" startCol="1" startRow="0" x0="1120" x1="1310" y0="1868" y1="1940">(64770,257,514)</Cell>
<Cell dontCare="false" endCol="2" endRow="0" startCol="2" startRow="0" x0="1310" x1="1558" y0="1868" y1="1940">(64770,257,771)</Cell>
<Cell dontCare="false" endCol="3" endRow="0" startCol="3" startRow="0" x0="1558" x1="1732" y0="1868" y1="1940">(64770,257,1028)</Cell>
<Cell dontCare="false" endCol="0" endRow="1" startCol="0" startRow="1" x0="276" x1="1120" y0="1940" y1="2006">(64770,514,257)</Cell>
<Cell dontCare="false" endCol="1" endRow="1" startCol="1" startRow="1" x0="1120" x1="1310" y0="1940" y1="2006">(64770,514,514)</Cell>
<Cell dontCare="false" endCol="2" endRow="1" startCol="2" startRow="1" x0="1310" x1="1558" y0="1940" y1="2006">(64770,514,771)</Cell>
<Cell dontCare="false" endCol="3" endRow="1" startCol="3" startRow="1" x0="1558" x1="1732" y0="1940" y1="2006">(64770,514,1028)</Cell>
<Cell dontCare="false" endCol="0" endRow="2" startCol="0" startRow="2" x0="276" x1="1120" y0="2006" y1="2126">(64770,771,257)</Cell>
<Cell dontCare="false" endCol="1" endRow="2" startCol="1" startRow="2" x0="1120" x1="1310" y0="2006" y1="2126">(64770,771,514)</Cell>
<Cell dontCare="false" endCol="2" endRow="2" startCol="2" startRow="2" x0="1310" x1="1558" y0="2006" y1="2126">(64770,771,771)</Cell>
<Cell dontCare="false" endCol="3" endRow="2" startCol="3" startRow="2" x0="1558" x1="1732" y0="2006" y1="2126">(64770,771,1028)</Cell>
</Table>
</Tables>
</GroundTruth>
