<?xml version="1.0" encoding="UTF-8" standalone="no"?>
<GroundTruth InputFile="C:\Dokumente und Einstellungen\mehmood\Desktop\dataset\skew_corrected\unlv_tables_bin_test\9563_080.png">
<Tables>
<Table x0="532" x1="2062" y0="2438" y1="2886">
<Row x0="532" x1="2062" y0="2572" y1="2572"/>
<Row x0="532" x1="2062" y0="2632" y1="2632"/>
<Row x0="532" x1="2062" y0="2688" y1="2688"/>
<Row x0="532" x1="2062" y0="2758" y1="2758"/>
<Row x0="532" x1="2062" y0="2812" y1="2812"/>
<Column x0="1850" x1="1850" y0="2438" y1="2886"/>
<Cell dontCare="false" endCol="0" endRow="0" startCol="0" startRow="0" x0="532" x1="1850" y0="2438" y1="2572">(64769,257,257)</Cell>
<Cell dontCare="false" endCol="1" endRow="0" startCol="1" startRow="0" x0="1850" x1="2062" y0="2438" y1="2572">(64769,257,514)</Cell>
<Cell dontCare="false" endCol="0" endRow="1" startCol="0" startRow="1" x0="532" x1="1850" y0="2572" y1="2632">(64769,514,257)</Cell>
<Cell dontCare="false" endCol="1" endRow="1" startCol="1" startRow="1" x0="1850" x1="2062" y0="2572" y1="2632">(64769,514,514)</Cell>
<Cell dontCare="false" endCol="0" endRow="2" startCol="0" startRow="2" x0="532" x1="1850" y0="2632" y1="2688">(64769,771,257)</Cell>
<Cell dontCare="false" endCol="1" endRow="2" startCol="1" startRow="2" x0="1850" x1="2062" y0="2632" y1="2688">(64769,771,514)</Cell>
<Cell dontCare="false" endCol="0" endRow="3" startCol="0" startRow="3" x0="532" x1="1850" y0="2688" y1="2758">(64769,1028,257)</Cell>
<Cell dontCare="false" endCol="1" endRow="3" startCol="1" startRow="3" x0="1850" x1="2062" y0="2688" y1="2758">(64769,1028,514)</Cell>
<Cell dontCare="false" endCol="0" endRow="4" startCol="0" startRow="4" x0="532" x1="1850" y0="2758" y1="2812">(64769,1285,257)</Cell>
<Cell dontCare="false" endCol="1" endRow="4" startCol="1" startRow="4" x0="1850" x1="2062" y0="2758" y1="2812">(64769,1285,514)</Cell>
<Cell dontCare="false" endCol="0" endRow="5" startCol="0" startRow="5" x0="532" x1="1850" y0="2812" y1="2886">(64769,1542,257)</Cell>
<Cell dontCare="false" endCol="1" endRow="5" startCol="1" startRow="5" x0="1850" x1="2062" y0="2812" y1="2886">(64769,1542,514)</Cell>
</Table>
</Tables>
</GroundTruth>
