<?xml version="1.0" encoding="UTF-8" standalone="no"?>
<GroundTruth InputFile="C:\Dokumente und Einstellungen\mehmood\Desktop\dataset\skew_corrected\unlv_tables_bin_test\9566_031.png">
<Tables>
<Table x0="30" x1="2176" y0="536" y1="2094">
<Row x0="30" x1="2176" y0="618" y1="618"/>
<Row x0="30" x1="2176" y0="674" y1="674"/>
<Row x0="30" x1="2176" y0="730" y1="730"/>
<Row x0="30" x1="2176" y0="784" y1="784"/>
<Row x0="30" x1="2176" y0="840" y1="840"/>
<Row x0="30" x1="2176" y0="898" y1="898"/>
<Row x0="30" x1="2176" y0="950" y1="950"/>
<Row x0="30" x1="2176" y0="996" y1="996"/>
<Row x0="30" x1="2176" y0="1060" y1="1060"/>
<Row x0="30" x1="2176" y0="1118" y1="1118"/>
<Row x0="30" x1="2176" y0="1170" y1="1170"/>
<Row x0="30" x1="2176" y0="1224" y1="1224"/>
<Row x0="30" x1="2176" y0="1286" y1="1286"/>
<Row x0="30" x1="2176" y0="1330" y1="1330"/>
<Row x0="30" x1="2176" y0="1382" y1="1382"/>
<Row x0="30" x1="2176" y0="1432" y1="1432"/>
<Row x0="30" x1="2176" y0="1486" y1="1486"/>
<Row x0="30" x1="2176" y0="1540" y1="1540"/>
<Row x0="30" x1="2176" y0="1592" y1="1592"/>
<Row x0="30" x1="2176" y0="1650" y1="1650"/>
<Row x0="30" x1="2176" y0="1708" y1="1708"/>
<Row x0="30" x1="2176" y0="1764" y1="1764"/>
<Row x0="30" x1="2176" y0="1816" y1="1816"/>
<Row x0="30" x1="2176" y0="1864" y1="1864"/>
<Row x0="30" x1="2176" y0="1920" y1="1920"/>
<Row x0="30" x1="2176" y0="1972" y1="1972"/>
<Row x0="30" x1="2176" y0="2030" y1="2030"/>
<Column x0="420" x1="420" y0="536" y1="2094"/>
<Column x0="1376" x1="1376" y0="536" y1="2094"/>
<Column x0="1620" x1="1620" y0="536" y1="2094"/>
<Column x0="1963" x1="1963" y0="536" y1="2094"/>
<Cell dontCare="false" endCol="0" endRow="0" startCol="0" startRow="0" x0="30" x1="420" y0="536" y1="618">(64769,257,257)</Cell>
<Cell dontCare="false" endCol="1" endRow="0" startCol="1" startRow="0" x0="420" x1="1376" y0="536" y1="618">(64769,257,514)</Cell>
<Cell dontCare="false" endCol="2" endRow="0" startCol="2" startRow="0" x0="1376" x1="1620" y0="536" y1="618">(64769,257,771)</Cell>
<Cell dontCare="false" endCol="3" endRow="0" startCol="3" startRow="0" x0="1620" x1="1963" y0="536" y1="618">(64769,257,1028)</Cell>
<Cell dontCare="false" endCol="4" endRow="0" startCol="4" startRow="0" x0="1963" x1="2176" y0="536" y1="618">(64769,257,1285)</Cell>
<Cell dontCare="false" endCol="0" endRow="3" startCol="0" startRow="1" x0="30" x1="420" y0="618" y1="784">(64769,516,257)</Cell>
<Cell dontCare="false" endCol="1" endRow="1" startCol="1" startRow="1" x0="420" x1="1376" y0="618" y1="674">(64769,514,514)</Cell>
<Cell dontCare="false" endCol="2" endRow="1" startCol="2" startRow="1" x0="1376" x1="1620" y0="618" y1="674">(64769,514,771)</Cell>
<Cell dontCare="false" endCol="3" endRow="1" startCol="3" startRow="1" x0="1620" x1="1963" y0="618" y1="674">(64769,514,1028)</Cell>
<Cell dontCare="false" endCol="4" endRow="1" startCol="4" startRow="1" x0="1963" x1="2176" y0="618" y1="674">(64769,514,1285)</Cell>
<Cell dontCare="true" endCol="0" endRow="2" startCol="0" startRow="2" x0="30" x1="420" y0="674" y1="730">(64769,771,257)</Cell>
<Cell dontCare="false" endCol="1" endRow="2" startCol="1" startRow="2" x0="420" x1="1376" y0="674" y1="730">(64769,771,514)</Cell>
<Cell dontCare="false" endCol="2" endRow="2" startCol="2" startRow="2" x0="1376" x1="1620" y0="674" y1="730">(64769,771,771)</Cell>
<Cell dontCare="false" endCol="3" endRow="2" startCol="3" startRow="2" x0="1620" x1="1963" y0="674" y1="730">(64769,771,1028)</Cell>
<Cell dontCare="false" endCol="4" endRow="2" startCol="4" startRow="2" x0="1963" x1="2176" y0="674" y1="730">(64769,771,1285)</Cell>
<Cell dontCare="true" endCol="0" endRow="3" startCol="0" startRow="3" x0="30" x1="420" y0="730" y1="784">(64769,1028,257)</Cell>
<Cell dontCare="false" endCol="1" endRow="3" startCol="1" startRow="3" x0="420" x1="1376" y0="730" y1="784">(64769,1028,514)</Cell>
<Cell dontCare="false" endCol="2" endRow="3" startCol="2" startRow="3" x0="1376" x1="1620" y0="730" y1="784">(64769,1028,771)</Cell>
<Cell dontCare="false" endCol="3" endRow="3" startCol="3" startRow="3" x0="1620" x1="1963" y0="730" y1="784">(64769,1028,1028)</Cell>
<Cell dontCare="false" endCol="4" endRow="3" startCol="4" startRow="3" x0="1963" x1="2176" y0="730" y1="784">(64769,1028,1285)</Cell>
<Cell dontCare="false" endCol="0" endRow="4" startCol="0" startRow="4" x0="30" x1="420" y0="784" y1="840">(64769,1285,257)</Cell>
<Cell dontCare="false" endCol="1" endRow="4" startCol="1" startRow="4" x0="420" x1="1376" y0="784" y1="840">(64769,1285,514)</Cell>
<Cell dontCare="false" endCol="2" endRow="4" startCol="2" startRow="4" x0="1376" x1="1620" y0="784" y1="840">(64769,1285,771)</Cell>
<Cell dontCare="false" endCol="3" endRow="4" startCol="3" startRow="4" x0="1620" x1="1963" y0="784" y1="840">(64769,1285,1028)</Cell>
<Cell dontCare="false" endCol="4" endRow="4" startCol="4" startRow="4" x0="1963" x1="2176" y0="784" y1="840">(64769,1285,1285)</Cell>
<Cell dontCare="false" endCol="0" endRow="8" startCol="0" startRow="5" x0="30" x1="420" y0="840" y1="1060">(64769,1545,257)</Cell>
<Cell dontCare="false" endCol="1" endRow="5" startCol="1" startRow="5" x0="420" x1="1376" y0="840" y1="898">(64769,1542,514)</Cell>
<Cell dontCare="false" endCol="2" endRow="5" startCol="2" startRow="5" x0="1376" x1="1620" y0="840" y1="898">(64769,1542,771)</Cell>
<Cell dontCare="false" endCol="3" endRow="5" startCol="3" startRow="5" x0="1620" x1="1963" y0="840" y1="898">(64769,1542,1028)</Cell>
<Cell dontCare="false" endCol="4" endRow="5" startCol="4" startRow="5" x0="1963" x1="2176" y0="840" y1="898">(64769,1542,1285)</Cell>
<Cell dontCare="true" endCol="0" endRow="6" startCol="0" startRow="6" x0="30" x1="420" y0="898" y1="950">(64769,1799,257)</Cell>
<Cell dontCare="false" endCol="1" endRow="6" startCol="1" startRow="6" x0="420" x1="1376" y0="898" y1="950">(64769,1799,514)</Cell>
<Cell dontCare="false" endCol="2" endRow="6" startCol="2" startRow="6" x0="1376" x1="1620" y0="898" y1="950">(64769,1799,771)</Cell>
<Cell dontCare="false" endCol="3" endRow="6" startCol="3" startRow="6" x0="1620" x1="1963" y0="898" y1="950">(64769,1799,1028)</Cell>
<Cell dontCare="false" endCol="4" endRow="6" startCol="4" startRow="6" x0="1963" x1="2176" y0="898" y1="950">(64769,1799,1285)</Cell>
<Cell dontCare="true" endCol="0" endRow="7" startCol="0" startRow="7" x0="30" x1="420" y0="950" y1="996">(64769,2056,257)</Cell>
<Cell dontCare="false" endCol="1" endRow="7" startCol="1" startRow="7" x0="420" x1="1376" y0="950" y1="996">(64769,2056,514)</Cell>
<Cell dontCare="false" endCol="2" endRow="7" startCol="2" startRow="7" x0="1376" x1="1620" y0="950" y1="996">(64769,2056,771)</Cell>
<Cell dontCare="false" endCol="3" endRow="7" startCol="3" startRow="7" x0="1620" x1="1963" y0="950" y1="996">(64769,2056,1028)</Cell>
<Cell dontCare="false" endCol="4" endRow="7" startCol="4" startRow="7" x0="1963" x1="2176" y0="950" y1="996">(64769,2056,1285)</Cell>
<Cell dontCare="true" endCol="0" endRow="8" startCol="0" startRow="8" x0="30" x1="420" y0="996" y1="1060">(64769,2313,257)</Cell>
<Cell dontCare="false" endCol="1" endRow="8" startCol="1" startRow="8" x0="420" x1="1376" y0="996" y1="1060">(64769,2313,514)</Cell>
<Cell dontCare="false" endCol="2" endRow="8" startCol="2" startRow="8" x0="1376" x1="1620" y0="996" y1="1060">(64769,2313,771)</Cell>
<Cell dontCare="false" endCol="3" endRow="8" startCol="3" startRow="8" x0="1620" x1="1963" y0="996" y1="1060">(64769,2313,1028)</Cell>
<Cell dontCare="false" endCol="4" endRow="8" startCol="4" startRow="8" x0="1963" x1="2176" y0="996" y1="1060">(64769,2313,1285)</Cell>
<Cell dontCare="false" endCol="0" endRow="11" startCol="0" startRow="9" x0="30" x1="420" y0="1060" y1="1224">(64769,2572,257)</Cell>
<Cell dontCare="false" endCol="1" endRow="9" startCol="1" startRow="9" x0="420" x1="1376" y0="1060" y1="1118">(64769,2570,514)</Cell>
<Cell dontCare="false" endCol="2" endRow="9" startCol="2" startRow="9" x0="1376" x1="1620" y0="1060" y1="1118">(64769,2570,771)</Cell>
<Cell dontCare="false" endCol="3" endRow="9" startCol="3" startRow="9" x0="1620" x1="1963" y0="1060" y1="1118">(64769,2570,1028)</Cell>
<Cell dontCare="false" endCol="4" endRow="9" startCol="4" startRow="9" x0="1963" x1="2176" y0="1060" y1="1118">(64769,2570,1285)</Cell>
<Cell dontCare="true" endCol="0" endRow="10" startCol="0" startRow="10" x0="30" x1="420" y0="1118" y1="1170">(64769,2827,257)</Cell>
<Cell dontCare="false" endCol="1" endRow="10" startCol="1" startRow="10" x0="420" x1="1376" y0="1118" y1="1170">(64769,2827,514)</Cell>
<Cell dontCare="false" endCol="2" endRow="10" startCol="2" startRow="10" x0="1376" x1="1620" y0="1118" y1="1170">(64769,2827,771)</Cell>
<Cell dontCare="false" endCol="3" endRow="10" startCol="3" startRow="10" x0="1620" x1="1963" y0="1118" y1="1170">(64769,2827,1028)</Cell>
<Cell dontCare="false" endCol="4" endRow="10" startCol="4" startRow="10" x0="1963" x1="2176" y0="1118" y1="1170">(64769,2827,1285)</Cell>
<Cell dontCare="true" endCol="0" endRow="11" startCol="0" startRow="11" x0="30" x1="420" y0="1170" y1="1224">(64769,3084,257)</Cell>
<Cell dontCare="false" endCol="1" endRow="11" startCol="1" startRow="11" x0="420" x1="1376" y0="1170" y1="1224">(64769,3084,514)</Cell>
<Cell dontCare="false" endCol="2" endRow="11" startCol="2" startRow="11" x0="1376" x1="1620" y0="1170" y1="1224">(64769,3084,771)</Cell>
<Cell dontCare="false" endCol="3" endRow="11" startCol="3" startRow="11" x0="1620" x1="1963" y0="1170" y1="1224">(64769,3084,1028)</Cell>
<Cell dontCare="false" endCol="4" endRow="11" startCol="4" startRow="11" x0="1963" x1="2176" y0="1170" y1="1224">(64769,3084,1285)</Cell>
<Cell dontCare="false" endCol="0" endRow="18" startCol="0" startRow="12" x0="30" x1="420" y0="1224" y1="1592">(64769,3347,257)</Cell>
<Cell dontCare="false" endCol="1" endRow="12" startCol="1" startRow="12" x0="420" x1="1376" y0="1224" y1="1286">(64769,3341,514)</Cell>
<Cell dontCare="false" endCol="2" endRow="12" startCol="2" startRow="12" x0="1376" x1="1620" y0="1224" y1="1286">(64769,3341,771)</Cell>
<Cell dontCare="false" endCol="3" endRow="12" startCol="3" startRow="12" x0="1620" x1="1963" y0="1224" y1="1286">(64769,3341,1028)</Cell>
<Cell dontCare="false" endCol="4" endRow="12" startCol="4" startRow="12" x0="1963" x1="2176" y0="1224" y1="1286">(64769,3341,1285)</Cell>
<Cell dontCare="true" endCol="0" endRow="13" startCol="0" startRow="13" x0="30" x1="420" y0="1286" y1="1330">(64769,3598,257)</Cell>
<Cell dontCare="false" endCol="1" endRow="13" startCol="1" startRow="13" x0="420" x1="1376" y0="1286" y1="1330">(64769,3598,514)</Cell>
<Cell dontCare="false" endCol="2" endRow="13" startCol="2" startRow="13" x0="1376" x1="1620" y0="1286" y1="1330">(64769,3598,771)</Cell>
<Cell dontCare="false" endCol="3" endRow="13" startCol="3" startRow="13" x0="1620" x1="1963" y0="1286" y1="1330">(64769,3598,1028)</Cell>
<Cell dontCare="false" endCol="4" endRow="13" startCol="4" startRow="13" x0="1963" x1="2176" y0="1286" y1="1330">(64769,3598,1285)</Cell>
<Cell dontCare="true" endCol="0" endRow="14" startCol="0" startRow="14" x0="30" x1="420" y0="1330" y1="1382">(64769,3855,257)</Cell>
<Cell dontCare="false" endCol="4" endRow="14" startCol="1" startRow="14" x0="420" x1="2176" y0="1330" y1="1382">(64769,3855,517)</Cell>
<Cell dontCare="true" endCol="2" endRow="14" startCol="2" startRow="14" x0="1376" x1="1620" y0="1330" y1="1382">(64769,3855,771)</Cell>
<Cell dontCare="true" endCol="3" endRow="14" startCol="3" startRow="14" x0="1620" x1="1963" y0="1330" y1="1382">(64769,3855,1028)</Cell>
<Cell dontCare="true" endCol="4" endRow="14" startCol="4" startRow="14" x0="1963" x1="2176" y0="1330" y1="1382">(64769,3855,1285)</Cell>
<Cell dontCare="true" endCol="0" endRow="15" startCol="0" startRow="15" x0="30" x1="420" y0="1382" y1="1432">(64769,4112,257)</Cell>
<Cell dontCare="false" endCol="1" endRow="15" startCol="1" startRow="15" x0="420" x1="1376" y0="1382" y1="1432">(64769,4112,514)</Cell>
<Cell dontCare="false" endCol="2" endRow="15" startCol="2" startRow="15" x0="1376" x1="1620" y0="1382" y1="1432">(64769,4112,771)</Cell>
<Cell dontCare="false" endCol="3" endRow="15" startCol="3" startRow="15" x0="1620" x1="1963" y0="1382" y1="1432">(64769,4112,1028)</Cell>
<Cell dontCare="false" endCol="4" endRow="15" startCol="4" startRow="15" x0="1963" x1="2176" y0="1382" y1="1432">(64769,4112,1285)</Cell>
<Cell dontCare="true" endCol="0" endRow="16" startCol="0" startRow="16" x0="30" x1="420" y0="1432" y1="1486">(64769,4369,257)</Cell>
<Cell dontCare="false" endCol="1" endRow="16" startCol="1" startRow="16" x0="420" x1="1376" y0="1432" y1="1486">(64769,4369,514)</Cell>
<Cell dontCare="false" endCol="2" endRow="16" startCol="2" startRow="16" x0="1376" x1="1620" y0="1432" y1="1486">(64769,4369,771)</Cell>
<Cell dontCare="false" endCol="3" endRow="16" startCol="3" startRow="16" x0="1620" x1="1963" y0="1432" y1="1486">(64769,4369,1028)</Cell>
<Cell dontCare="false" endCol="4" endRow="16" startCol="4" startRow="16" x0="1963" x1="2176" y0="1432" y1="1486">(64769,4369,1285)</Cell>
<Cell dontCare="true" endCol="0" endRow="17" startCol="0" startRow="17" x0="30" x1="420" y0="1486" y1="1540">(64769,4626,257)</Cell>
<Cell dontCare="false" endCol="1" endRow="17" startCol="1" startRow="17" x0="420" x1="1376" y0="1486" y1="1540">(64769,4626,514)</Cell>
<Cell dontCare="false" endCol="2" endRow="17" startCol="2" startRow="17" x0="1376" x1="1620" y0="1486" y1="1540">(64769,4626,771)</Cell>
<Cell dontCare="false" endCol="3" endRow="17" startCol="3" startRow="17" x0="1620" x1="1963" y0="1486" y1="1540">(64769,4626,1028)</Cell>
<Cell dontCare="false" endCol="4" endRow="17" startCol="4" startRow="17" x0="1963" x1="2176" y0="1486" y1="1540">(64769,4626,1285)</Cell>
<Cell dontCare="true" endCol="0" endRow="18" startCol="0" startRow="18" x0="30" x1="420" y0="1540" y1="1592">(64769,4883,257)</Cell>
<Cell dontCare="false" endCol="1" endRow="18" startCol="1" startRow="18" x0="420" x1="1376" y0="1540" y1="1592">(64769,4883,514)</Cell>
<Cell dontCare="false" endCol="2" endRow="18" startCol="2" startRow="18" x0="1376" x1="1620" y0="1540" y1="1592">(64769,4883,771)</Cell>
<Cell dontCare="false" endCol="3" endRow="18" startCol="3" startRow="18" x0="1620" x1="1963" y0="1540" y1="1592">(64769,4883,1028)</Cell>
<Cell dontCare="false" endCol="4" endRow="18" startCol="4" startRow="18" x0="1963" x1="2176" y0="1540" y1="1592">(64769,4883,1285)</Cell>
<Cell dontCare="false" endCol="0" endRow="22" startCol="0" startRow="19" x0="30" x1="420" y0="1592" y1="1816">(64769,5143,257)</Cell>
<Cell dontCare="false" endCol="1" endRow="19" startCol="1" startRow="19" x0="420" x1="1376" y0="1592" y1="1650">(64769,5140,514)</Cell>
<Cell dontCare="false" endCol="2" endRow="19" startCol="2" startRow="19" x0="1376" x1="1620" y0="1592" y1="1650">(64769,5140,771)</Cell>
<Cell dontCare="false" endCol="3" endRow="19" startCol="3" startRow="19" x0="1620" x1="1963" y0="1592" y1="1650">(64769,5140,1028)</Cell>
<Cell dontCare="false" endCol="4" endRow="19" startCol="4" startRow="19" x0="1963" x1="2176" y0="1592" y1="1650">(64769,5140,1285)</Cell>
<Cell dontCare="true" endCol="0" endRow="20" startCol="0" startRow="20" x0="30" x1="420" y0="1650" y1="1708">(64769,5397,257)</Cell>
<Cell dontCare="false" endCol="1" endRow="20" startCol="1" startRow="20" x0="420" x1="1376" y0="1650" y1="1708">(64769,5397,514)</Cell>
<Cell dontCare="false" endCol="2" endRow="20" startCol="2" startRow="20" x0="1376" x1="1620" y0="1650" y1="1708">(64769,5397,771)</Cell>
<Cell dontCare="false" endCol="3" endRow="20" startCol="3" startRow="20" x0="1620" x1="1963" y0="1650" y1="1708">(64769,5397,1028)</Cell>
<Cell dontCare="false" endCol="4" endRow="20" startCol="4" startRow="20" x0="1963" x1="2176" y0="1650" y1="1708">(64769,5397,1285)</Cell>
<Cell dontCare="true" endCol="0" endRow="21" startCol="0" startRow="21" x0="30" x1="420" y0="1708" y1="1764">(64769,5654,257)</Cell>
<Cell dontCare="false" endCol="1" endRow="21" startCol="1" startRow="21" x0="420" x1="1376" y0="1708" y1="1764">(64769,5654,514)</Cell>
<Cell dontCare="false" endCol="2" endRow="21" startCol="2" startRow="21" x0="1376" x1="1620" y0="1708" y1="1764">(64769,5654,771)</Cell>
<Cell dontCare="false" endCol="3" endRow="21" startCol="3" startRow="21" x0="1620" x1="1963" y0="1708" y1="1764">(64769,5654,1028)</Cell>
<Cell dontCare="false" endCol="4" endRow="21" startCol="4" startRow="21" x0="1963" x1="2176" y0="1708" y1="1764">(64769,5654,1285)</Cell>
<Cell dontCare="true" endCol="0" endRow="22" startCol="0" startRow="22" x0="30" x1="420" y0="1764" y1="1816">(64769,5911,257)</Cell>
<Cell dontCare="false" endCol="1" endRow="22" startCol="1" startRow="22" x0="420" x1="1376" y0="1764" y1="1816">(64769,5911,514)</Cell>
<Cell dontCare="false" endCol="2" endRow="22" startCol="2" startRow="22" x0="1376" x1="1620" y0="1764" y1="1816">(64769,5911,771)</Cell>
<Cell dontCare="false" endCol="3" endRow="22" startCol="3" startRow="22" x0="1620" x1="1963" y0="1764" y1="1816">(64769,5911,1028)</Cell>
<Cell dontCare="false" endCol="4" endRow="22" startCol="4" startRow="22" x0="1963" x1="2176" y0="1764" y1="1816">(64769,5911,1285)</Cell>
<Cell dontCare="false" endCol="0" endRow="27" startCol="0" startRow="23" x0="30" x1="420" y0="1816" y1="2094">(64769,6172,257)</Cell>
<Cell dontCare="false" endCol="1" endRow="23" startCol="1" startRow="23" x0="420" x1="1376" y0="1816" y1="1864">(64769,6168,514)</Cell>
<Cell dontCare="false" endCol="2" endRow="23" startCol="2" startRow="23" x0="1376" x1="1620" y0="1816" y1="1864">(64769,6168,771)</Cell>
<Cell dontCare="false" endCol="3" endRow="23" startCol="3" startRow="23" x0="1620" x1="1963" y0="1816" y1="1864">(64769,6168,1028)</Cell>
<Cell dontCare="false" endCol="4" endRow="23" startCol="4" startRow="23" x0="1963" x1="2176" y0="1816" y1="1864">(64769,6168,1285)</Cell>
<Cell dontCare="true" endCol="0" endRow="24" startCol="0" startRow="24" x0="30" x1="420" y0="1864" y1="1920">(64769,6425,257)</Cell>
<Cell dontCare="false" endCol="1" endRow="24" startCol="1" startRow="24" x0="420" x1="1376" y0="1864" y1="1920">(64769,6425,514)</Cell>
<Cell dontCare="false" endCol="2" endRow="24" startCol="2" startRow="24" x0="1376" x1="1620" y0="1864" y1="1920">(64769,6425,771)</Cell>
<Cell dontCare="false" endCol="3" endRow="24" startCol="3" startRow="24" x0="1620" x1="1963" y0="1864" y1="1920">(64769,6425,1028)</Cell>
<Cell dontCare="false" endCol="4" endRow="24" startCol="4" startRow="24" x0="1963" x1="2176" y0="1864" y1="1920">(64769,6425,1285)</Cell>
<Cell dontCare="true" endCol="0" endRow="25" startCol="0" startRow="25" x0="30" x1="420" y0="1920" y1="1972">(64769,6682,257)</Cell>
<Cell dontCare="false" endCol="1" endRow="25" startCol="1" startRow="25" x0="420" x1="1376" y0="1920" y1="1972">(64769,6682,514)</Cell>
<Cell dontCare="false" endCol="2" endRow="25" startCol="2" startRow="25" x0="1376" x1="1620" y0="1920" y1="1972">(64769,6682,771)</Cell>
<Cell dontCare="false" endCol="3" endRow="25" startCol="3" startRow="25" x0="1620" x1="1963" y0="1920" y1="1972">(64769,6682,1028)</Cell>
<Cell dontCare="false" endCol="4" endRow="25" startCol="4" startRow="25" x0="1963" x1="2176" y0="1920" y1="1972">(64769,6682,1285)</Cell>
<Cell dontCare="true" endCol="0" endRow="26" startCol="0" startRow="26" x0="30" x1="420" y0="1972" y1="2030">(64769,6939,257)</Cell>
<Cell dontCare="false" endCol="1" endRow="26" startCol="1" startRow="26" x0="420" x1="1376" y0="1972" y1="2030">(64769,6939,514)</Cell>
<Cell dontCare="false" endCol="2" endRow="26" startCol="2" startRow="26" x0="1376" x1="1620" y0="1972" y1="2030">(64769,6939,771)</Cell>
<Cell dontCare="false" endCol="3" endRow="26" startCol="3" startRow="26" x0="1620" x1="1963" y0="1972" y1="2030">(64769,6939,1028)</Cell>
<Cell dontCare="false" endCol="4" endRow="26" startCol="4" startRow="26" x0="1963" x1="2176" y0="1972" y1="2030">(64769,6939,1285)</Cell>
<Cell dontCare="true" endCol="0" endRow="27" startCol="0" startRow="27" x0="30" x1="420" y0="2030" y1="2094">(64769,7196,257)</Cell>
<Cell dontCare="false" endCol="1" endRow="27" startCol="1" startRow="27" x0="420" x1="1376" y0="2030" y1="2094">(64769,7196,514)</Cell>
<Cell dontCare="false" endCol="2" endRow="27" startCol="2" startRow="27" x0="1376" x1="1620" y0="2030" y1="2094">(64769,7196,771)</Cell>
<Cell dontCare="false" endCol="3" endRow="27" startCol="3" startRow="27" x0="1620" x1="1963" y0="2030" y1="2094">(64769,7196,1028)</Cell>
<Cell dontCare="false" endCol="4" endRow="27" startCol="4" startRow="27" x0="1963" x1="2176" y0="2030" y1="2094">(64769,7196,1285)</Cell>
</Table>
</Tables>
</GroundTruth>
