<?xml version="1.0" encoding="UTF-8" standalone="no"?>
<GroundTruth InputFile="">
<Tables>
<Table x0="158" x1="2268" y0="330" y1="1630">
<Row x0="158" x1="2268" y0="372" y1="372"/>
<Row x0="158" x1="2268" y0="452" y1="452"/>
<Row x0="158" x1="2268" y0="552" y1="552"/>
<Row x0="158" x1="2268" y0="600" y1="600"/>
<Row x0="158" x1="2268" y0="648" y1="648"/>
<Row x0="158" x1="2268" y0="710" y1="710"/>
<Row x0="158" x1="2268" y0="760" y1="760"/>
<Row x0="158" x1="2268" y0="880" y1="880"/>
<Row x0="158" x1="2268" y0="940" y1="940"/>
<Row x0="158" x1="2268" y0="996" y1="996"/>
<Row x0="158" x1="2268" y0="1044" y1="1044"/>
<Row x0="158" x1="2268" y0="1094" y1="1094"/>
<Row x0="158" x1="2268" y0="1138" y1="1138"/>
<Row x0="158" x1="2268" y0="1188" y1="1188"/>
<Row x0="158" x1="2268" y0="1250" y1="1250"/>
<Row x0="158" x1="2268" y0="1308" y1="1308"/>
<Row x0="158" x1="2268" y0="1408" y1="1408"/>
<Row x0="158" x1="2268" y0="1450" y1="1450"/>
<Row x0="158" x1="2268" y0="1496" y1="1496"/>
<Row x0="158" x1="2268" y0="1564" y1="1564"/>
<Column x0="790" x1="790" y0="330" y1="1630"/>
<Column x0="932" x1="932" y0="330" y1="1630"/>
<Column x0="1078" x1="1078" y0="330" y1="1630"/>
<Column x0="1222" x1="1222" y0="330" y1="1630"/>
<Column x0="1378" x1="1378" y0="330" y1="1630"/>
<Column x0="1520" x1="1520" y0="330" y1="1630"/>
<Column x0="1660" x1="1660" y0="330" y1="1630"/>
<Column x0="1824" x1="1824" y0="330" y1="1630"/>
<Column x0="1954" x1="1954" y0="330" y1="1630"/>
<Column x0="2108" x1="2108" y0="330" y1="1630"/>
<Cell dontCare="false" endCol="0" endRow="0" startCol="0" startRow="0" x0="158" x1="790" y0="330" y1="372">(64769,257,257)</Cell>
<Cell dontCare="false" endCol="2" endRow="0" startCol="1" startRow="0" x0="790" x1="1078" y0="330" y1="372">(64769,257,515)</Cell>
<Cell dontCare="true" endCol="2" endRow="0" startCol="2" startRow="0" x0="932" x1="1078" y0="330" y1="372">(64769,257,771)</Cell>
<Cell dontCare="false" endCol="4" endRow="0" startCol="3" startRow="0" x0="1078" x1="1378" y0="330" y1="372">(64769,257,1029)</Cell>
<Cell dontCare="true" endCol="4" endRow="0" startCol="4" startRow="0" x0="1222" x1="1378" y0="330" y1="372">(64769,257,1285)</Cell>
<Cell dontCare="false" endCol="5" endRow="0" startCol="5" startRow="0" x0="1378" x1="1520" y0="330" y1="372">(64769,257,1542)</Cell>
<Cell dontCare="false" endCol="6" endRow="0" startCol="6" startRow="0" x0="1520" x1="1660" y0="330" y1="372">(64769,257,1799)</Cell>
<Cell dontCare="false" endCol="7" endRow="0" startCol="7" startRow="0" x0="1660" x1="1824" y0="330" y1="372">(64769,257,2056)</Cell>
<Cell dontCare="false" endCol="8" endRow="0" startCol="8" startRow="0" x0="1824" x1="1954" y0="330" y1="372">(64769,257,2313)</Cell>
<Cell dontCare="false" endCol="9" endRow="0" startCol="9" startRow="0" x0="1954" x1="2108" y0="330" y1="372">(64769,257,2570)</Cell>
<Cell dontCare="false" endCol="10" endRow="0" startCol="10" startRow="0" x0="2108" x1="2268" y0="330" y1="372">(64769,257,2827)</Cell>
<Cell dontCare="false" endCol="0" endRow="1" startCol="0" startRow="1" x0="158" x1="790" y0="372" y1="452">(64769,514,257)</Cell>
<Cell dontCare="false" endCol="1" endRow="1" startCol="1" startRow="1" x0="790" x1="932" y0="372" y1="452">(64769,514,514)</Cell>
<Cell dontCare="false" endCol="2" endRow="1" startCol="2" startRow="1" x0="932" x1="1078" y0="372" y1="452">(64769,514,771)</Cell>
<Cell dontCare="false" endCol="3" endRow="1" startCol="3" startRow="1" x0="1078" x1="1222" y0="372" y1="452">(64769,514,1028)</Cell>
<Cell dontCare="false" endCol="4" endRow="1" startCol="4" startRow="1" x0="1222" x1="1378" y0="372" y1="452">(64769,514,1285)</Cell>
<Cell dontCare="false" endCol="5" endRow="1" startCol="5" startRow="1" x0="1378" x1="1520" y0="372" y1="452">(64769,514,1542)</Cell>
<Cell dontCare="false" endCol="6" endRow="1" startCol="6" startRow="1" x0="1520" x1="1660" y0="372" y1="452">(64769,514,1799)</Cell>
<Cell dontCare="false" endCol="7" endRow="1" startCol="7" startRow="1" x0="1660" x1="1824" y0="372" y1="452">(64769,514,2056)</Cell>
<Cell dontCare="false" endCol="8" endRow="1" startCol="8" startRow="1" x0="1824" x1="1954" y0="372" y1="452">(64769,514,2313)</Cell>
<Cell dontCare="false" endCol="9" endRow="1" startCol="9" startRow="1" x0="1954" x1="2108" y0="372" y1="452">(64769,514,2570)</Cell>
<Cell dontCare="false" endCol="10" endRow="1" startCol="10" startRow="1" x0="2108" x1="2268" y0="372" y1="452">(64769,514,2827)</Cell>
<Cell dontCare="false" endCol="10" endRow="2" startCol="0" startRow="2" x0="158" x1="2268" y0="452" y1="552">(64769,771,267)</Cell>
<Cell dontCare="true" endCol="1" endRow="2" startCol="1" startRow="2" x0="790" x1="932" y0="452" y1="552">(64769,771,514)</Cell>
<Cell dontCare="true" endCol="2" endRow="2" startCol="2" startRow="2" x0="932" x1="1078" y0="452" y1="552">(64769,771,771)</Cell>
<Cell dontCare="true" endCol="3" endRow="2" startCol="3" startRow="2" x0="1078" x1="1222" y0="452" y1="552">(64769,771,1028)</Cell>
<Cell dontCare="true" endCol="4" endRow="2" startCol="4" startRow="2" x0="1222" x1="1378" y0="452" y1="552">(64769,771,1285)</Cell>
<Cell dontCare="true" endCol="5" endRow="2" startCol="5" startRow="2" x0="1378" x1="1520" y0="452" y1="552">(64769,771,1542)</Cell>
<Cell dontCare="true" endCol="6" endRow="2" startCol="6" startRow="2" x0="1520" x1="1660" y0="452" y1="552">(64769,771,1799)</Cell>
<Cell dontCare="true" endCol="7" endRow="2" startCol="7" startRow="2" x0="1660" x1="1824" y0="452" y1="552">(64769,771,2056)</Cell>
<Cell dontCare="true" endCol="8" endRow="2" startCol="8" startRow="2" x0="1824" x1="1954" y0="452" y1="552">(64769,771,2313)</Cell>
<Cell dontCare="true" endCol="9" endRow="2" startCol="9" startRow="2" x0="1954" x1="2108" y0="452" y1="552">(64769,771,2570)</Cell>
<Cell dontCare="true" endCol="10" endRow="2" startCol="10" startRow="2" x0="2108" x1="2268" y0="452" y1="552">(64769,771,2827)</Cell>
<Cell dontCare="false" endCol="0" endRow="3" startCol="0" startRow="3" x0="158" x1="790" y0="552" y1="600">(64769,1028,257)</Cell>
<Cell dontCare="false" endCol="1" endRow="3" startCol="1" startRow="3" x0="790" x1="932" y0="552" y1="600">(64769,1028,514)</Cell>
<Cell dontCare="false" endCol="2" endRow="3" startCol="2" startRow="3" x0="932" x1="1078" y0="552" y1="600">(64769,1028,771)</Cell>
<Cell dontCare="false" endCol="3" endRow="3" startCol="3" startRow="3" x0="1078" x1="1222" y0="552" y1="600">(64769,1028,1028)</Cell>
<Cell dontCare="false" endCol="4" endRow="3" startCol="4" startRow="3" x0="1222" x1="1378" y0="552" y1="600">(64769,1028,1285)</Cell>
<Cell dontCare="false" endCol="5" endRow="3" startCol="5" startRow="3" x0="1378" x1="1520" y0="552" y1="600">(64769,1028,1542)</Cell>
<Cell dontCare="false" endCol="6" endRow="3" startCol="6" startRow="3" x0="1520" x1="1660" y0="552" y1="600">(64769,1028,1799)</Cell>
<Cell dontCare="false" endCol="7" endRow="3" startCol="7" startRow="3" x0="1660" x1="1824" y0="552" y1="600">(64769,1028,2056)</Cell>
<Cell dontCare="false" endCol="8" endRow="3" startCol="8" startRow="3" x0="1824" x1="1954" y0="552" y1="600">(64769,1028,2313)</Cell>
<Cell dontCare="false" endCol="9" endRow="3" startCol="9" startRow="3" x0="1954" x1="2108" y0="552" y1="600">(64769,1028,2570)</Cell>
<Cell dontCare="false" endCol="10" endRow="3" startCol="10" startRow="3" x0="2108" x1="2268" y0="552" y1="600">(64769,1028,2827)</Cell>
<Cell dontCare="false" endCol="0" endRow="4" startCol="0" startRow="4" x0="158" x1="790" y0="600" y1="648">(64769,1285,257)</Cell>
<Cell dontCare="false" endCol="1" endRow="4" startCol="1" startRow="4" x0="790" x1="932" y0="600" y1="648">(64769,1285,514)</Cell>
<Cell dontCare="false" endCol="2" endRow="4" startCol="2" startRow="4" x0="932" x1="1078" y0="600" y1="648">(64769,1285,771)</Cell>
<Cell dontCare="false" endCol="3" endRow="4" startCol="3" startRow="4" x0="1078" x1="1222" y0="600" y1="648">(64769,1285,1028)</Cell>
<Cell dontCare="false" endCol="4" endRow="4" startCol="4" startRow="4" x0="1222" x1="1378" y0="600" y1="648">(64769,1285,1285)</Cell>
<Cell dontCare="false" endCol="5" endRow="4" startCol="5" startRow="4" x0="1378" x1="1520" y0="600" y1="648">(64769,1285,1542)</Cell>
<Cell dontCare="false" endCol="6" endRow="4" startCol="6" startRow="4" x0="1520" x1="1660" y0="600" y1="648">(64769,1285,1799)</Cell>
<Cell dontCare="false" endCol="7" endRow="4" startCol="7" startRow="4" x0="1660" x1="1824" y0="600" y1="648">(64769,1285,2056)</Cell>
<Cell dontCare="false" endCol="8" endRow="4" startCol="8" startRow="4" x0="1824" x1="1954" y0="600" y1="648">(64769,1285,2313)</Cell>
<Cell dontCare="false" endCol="9" endRow="4" startCol="9" startRow="4" x0="1954" x1="2108" y0="600" y1="648">(64769,1285,2570)</Cell>
<Cell dontCare="false" endCol="10" endRow="4" startCol="10" startRow="4" x0="2108" x1="2268" y0="600" y1="648">(64769,1285,2827)</Cell>
<Cell dontCare="false" endCol="0" endRow="6" startCol="0" startRow="5" x0="158" x1="790" y0="648" y1="760">(64769,1543,257)</Cell>
<Cell dontCare="false" endCol="1" endRow="5" startCol="1" startRow="5" x0="790" x1="932" y0="648" y1="710">(64769,1542,514)</Cell>
<Cell dontCare="false" endCol="2" endRow="5" startCol="2" startRow="5" x0="932" x1="1078" y0="648" y1="710">(64769,1542,771)</Cell>
<Cell dontCare="false" endCol="3" endRow="5" startCol="3" startRow="5" x0="1078" x1="1222" y0="648" y1="710">(64769,1542,1028)</Cell>
<Cell dontCare="false" endCol="4" endRow="5" startCol="4" startRow="5" x0="1222" x1="1378" y0="648" y1="710">(64769,1542,1285)</Cell>
<Cell dontCare="false" endCol="5" endRow="5" startCol="5" startRow="5" x0="1378" x1="1520" y0="648" y1="710">(64769,1542,1542)</Cell>
<Cell dontCare="false" endCol="6" endRow="5" startCol="6" startRow="5" x0="1520" x1="1660" y0="648" y1="710">(64769,1542,1799)</Cell>
<Cell dontCare="false" endCol="7" endRow="5" startCol="7" startRow="5" x0="1660" x1="1824" y0="648" y1="710">(64769,1542,2056)</Cell>
<Cell dontCare="false" endCol="8" endRow="5" startCol="8" startRow="5" x0="1824" x1="1954" y0="648" y1="710">(64769,1542,2313)</Cell>
<Cell dontCare="false" endCol="9" endRow="5" startCol="9" startRow="5" x0="1954" x1="2108" y0="648" y1="710">(64769,1542,2570)</Cell>
<Cell dontCare="false" endCol="10" endRow="5" startCol="10" startRow="5" x0="2108" x1="2268" y0="648" y1="710">(64769,1542,2827)</Cell>
<Cell dontCare="true" endCol="0" endRow="6" startCol="0" startRow="6" x0="158" x1="790" y0="710" y1="760">(64769,1799,257)</Cell>
<Cell dontCare="false" endCol="1" endRow="6" startCol="1" startRow="6" x0="790" x1="932" y0="710" y1="760">(64769,1799,514)</Cell>
<Cell dontCare="false" endCol="2" endRow="6" startCol="2" startRow="6" x0="932" x1="1078" y0="710" y1="760">(64769,1799,771)</Cell>
<Cell dontCare="false" endCol="3" endRow="6" startCol="3" startRow="6" x0="1078" x1="1222" y0="710" y1="760">(64769,1799,1028)</Cell>
<Cell dontCare="false" endCol="4" endRow="6" startCol="4" startRow="6" x0="1222" x1="1378" y0="710" y1="760">(64769,1799,1285)</Cell>
<Cell dontCare="false" endCol="5" endRow="6" startCol="5" startRow="6" x0="1378" x1="1520" y0="710" y1="760">(64769,1799,1542)</Cell>
<Cell dontCare="false" endCol="6" endRow="6" startCol="6" startRow="6" x0="1520" x1="1660" y0="710" y1="760">(64769,1799,1799)</Cell>
<Cell dontCare="false" endCol="7" endRow="6" startCol="7" startRow="6" x0="1660" x1="1824" y0="710" y1="760">(64769,1799,2056)</Cell>
<Cell dontCare="false" endCol="8" endRow="6" startCol="8" startRow="6" x0="1824" x1="1954" y0="710" y1="760">(64769,1799,2313)</Cell>
<Cell dontCare="false" endCol="9" endRow="6" startCol="9" startRow="6" x0="1954" x1="2108" y0="710" y1="760">(64769,1799,2570)</Cell>
<Cell dontCare="false" endCol="10" endRow="6" startCol="10" startRow="6" x0="2108" x1="2268" y0="710" y1="760">(64769,1799,2827)</Cell>
<Cell dontCare="false" endCol="0" endRow="7" startCol="0" startRow="7" x0="158" x1="790" y0="760" y1="880">(64769,2056,257)</Cell>
<Cell dontCare="false" endCol="1" endRow="7" startCol="1" startRow="7" x0="790" x1="932" y0="760" y1="880">(64769,2056,514)</Cell>
<Cell dontCare="false" endCol="2" endRow="7" startCol="2" startRow="7" x0="932" x1="1078" y0="760" y1="880">(64769,2056,771)</Cell>
<Cell dontCare="false" endCol="3" endRow="7" startCol="3" startRow="7" x0="1078" x1="1222" y0="760" y1="880">(64769,2056,1028)</Cell>
<Cell dontCare="false" endCol="4" endRow="7" startCol="4" startRow="7" x0="1222" x1="1378" y0="760" y1="880">(64769,2056,1285)</Cell>
<Cell dontCare="false" endCol="5" endRow="7" startCol="5" startRow="7" x0="1378" x1="1520" y0="760" y1="880">(64769,2056,1542)</Cell>
<Cell dontCare="false" endCol="6" endRow="7" startCol="6" startRow="7" x0="1520" x1="1660" y0="760" y1="880">(64769,2056,1799)</Cell>
<Cell dontCare="false" endCol="7" endRow="7" startCol="7" startRow="7" x0="1660" x1="1824" y0="760" y1="880">(64769,2056,2056)</Cell>
<Cell dontCare="false" endCol="8" endRow="7" startCol="8" startRow="7" x0="1824" x1="1954" y0="760" y1="880">(64769,2056,2313)</Cell>
<Cell dontCare="false" endCol="9" endRow="7" startCol="9" startRow="7" x0="1954" x1="2108" y0="760" y1="880">(64769,2056,2570)</Cell>
<Cell dontCare="false" endCol="10" endRow="7" startCol="10" startRow="7" x0="2108" x1="2268" y0="760" y1="880">(64769,2056,2827)</Cell>
<Cell dontCare="false" endCol="0" endRow="8" startCol="0" startRow="8" x0="158" x1="790" y0="880" y1="940">(64769,2313,257)</Cell>
<Cell dontCare="false" endCol="1" endRow="8" startCol="1" startRow="8" x0="790" x1="932" y0="880" y1="940">(64769,2313,514)</Cell>
<Cell dontCare="false" endCol="2" endRow="8" startCol="2" startRow="8" x0="932" x1="1078" y0="880" y1="940">(64769,2313,771)</Cell>
<Cell dontCare="false" endCol="3" endRow="8" startCol="3" startRow="8" x0="1078" x1="1222" y0="880" y1="940">(64769,2313,1028)</Cell>
<Cell dontCare="false" endCol="4" endRow="8" startCol="4" startRow="8" x0="1222" x1="1378" y0="880" y1="940">(64769,2313,1285)</Cell>
<Cell dontCare="false" endCol="5" endRow="8" startCol="5" startRow="8" x0="1378" x1="1520" y0="880" y1="940">(64769,2313,1542)</Cell>
<Cell dontCare="false" endCol="6" endRow="8" startCol="6" startRow="8" x0="1520" x1="1660" y0="880" y1="940">(64769,2313,1799)</Cell>
<Cell dontCare="false" endCol="7" endRow="8" startCol="7" startRow="8" x0="1660" x1="1824" y0="880" y1="940">(64769,2313,2056)</Cell>
<Cell dontCare="false" endCol="8" endRow="8" startCol="8" startRow="8" x0="1824" x1="1954" y0="880" y1="940">(64769,2313,2313)</Cell>
<Cell dontCare="false" endCol="9" endRow="8" startCol="9" startRow="8" x0="1954" x1="2108" y0="880" y1="940">(64769,2313,2570)</Cell>
<Cell dontCare="false" endCol="10" endRow="8" startCol="10" startRow="8" x0="2108" x1="2268" y0="880" y1="940">(64769,2313,2827)</Cell>
<Cell dontCare="false" endCol="10" endRow="9" startCol="0" startRow="9" x0="158" x1="2268" y0="940" y1="996">(64769,2570,267)</Cell>
<Cell dontCare="true" endCol="1" endRow="9" startCol="1" startRow="9" x0="790" x1="932" y0="940" y1="996">(64769,2570,514)</Cell>
<Cell dontCare="true" endCol="2" endRow="9" startCol="2" startRow="9" x0="932" x1="1078" y0="940" y1="996">(64769,2570,771)</Cell>
<Cell dontCare="true" endCol="3" endRow="9" startCol="3" startRow="9" x0="1078" x1="1222" y0="940" y1="996">(64769,2570,1028)</Cell>
<Cell dontCare="true" endCol="4" endRow="9" startCol="4" startRow="9" x0="1222" x1="1378" y0="940" y1="996">(64769,2570,1285)</Cell>
<Cell dontCare="true" endCol="5" endRow="9" startCol="5" startRow="9" x0="1378" x1="1520" y0="940" y1="996">(64769,2570,1542)</Cell>
<Cell dontCare="true" endCol="6" endRow="9" startCol="6" startRow="9" x0="1520" x1="1660" y0="940" y1="996">(64769,2570,1799)</Cell>
<Cell dontCare="true" endCol="7" endRow="9" startCol="7" startRow="9" x0="1660" x1="1824" y0="940" y1="996">(64769,2570,2056)</Cell>
<Cell dontCare="true" endCol="8" endRow="9" startCol="8" startRow="9" x0="1824" x1="1954" y0="940" y1="996">(64769,2570,2313)</Cell>
<Cell dontCare="true" endCol="9" endRow="9" startCol="9" startRow="9" x0="1954" x1="2108" y0="940" y1="996">(64769,2570,2570)</Cell>
<Cell dontCare="true" endCol="10" endRow="9" startCol="10" startRow="9" x0="2108" x1="2268" y0="940" y1="996">(64769,2570,2827)</Cell>
<Cell dontCare="false" endCol="0" endRow="10" startCol="0" startRow="10" x0="158" x1="790" y0="996" y1="1044">(64769,2827,257)</Cell>
<Cell dontCare="false" endCol="1" endRow="10" startCol="1" startRow="10" x0="790" x1="932" y0="996" y1="1044">(64769,2827,514)</Cell>
<Cell dontCare="false" endCol="2" endRow="10" startCol="2" startRow="10" x0="932" x1="1078" y0="996" y1="1044">(64769,2827,771)</Cell>
<Cell dontCare="false" endCol="3" endRow="10" startCol="3" startRow="10" x0="1078" x1="1222" y0="996" y1="1044">(64769,2827,1028)</Cell>
<Cell dontCare="false" endCol="4" endRow="10" startCol="4" startRow="10" x0="1222" x1="1378" y0="996" y1="1044">(64769,2827,1285)</Cell>
<Cell dontCare="false" endCol="5" endRow="10" startCol="5" startRow="10" x0="1378" x1="1520" y0="996" y1="1044">(64769,2827,1542)</Cell>
<Cell dontCare="false" endCol="6" endRow="10" startCol="6" startRow="10" x0="1520" x1="1660" y0="996" y1="1044">(64769,2827,1799)</Cell>
<Cell dontCare="false" endCol="7" endRow="10" startCol="7" startRow="10" x0="1660" x1="1824" y0="996" y1="1044">(64769,2827,2056)</Cell>
<Cell dontCare="false" endCol="8" endRow="10" startCol="8" startRow="10" x0="1824" x1="1954" y0="996" y1="1044">(64769,2827,2313)</Cell>
<Cell dontCare="false" endCol="9" endRow="10" startCol="9" startRow="10" x0="1954" x1="2108" y0="996" y1="1044">(64769,2827,2570)</Cell>
<Cell dontCare="false" endCol="10" endRow="10" startCol="10" startRow="10" x0="2108" x1="2268" y0="996" y1="1044">(64769,2827,2827)</Cell>
<Cell dontCare="false" endCol="0" endRow="11" startCol="0" startRow="11" x0="158" x1="790" y0="1044" y1="1094">(64769,3084,257)</Cell>
<Cell dontCare="false" endCol="1" endRow="11" startCol="1" startRow="11" x0="790" x1="932" y0="1044" y1="1094">(64769,3084,514)</Cell>
<Cell dontCare="false" endCol="2" endRow="11" startCol="2" startRow="11" x0="932" x1="1078" y0="1044" y1="1094">(64769,3084,771)</Cell>
<Cell dontCare="false" endCol="3" endRow="11" startCol="3" startRow="11" x0="1078" x1="1222" y0="1044" y1="1094">(64769,3084,1028)</Cell>
<Cell dontCare="false" endCol="4" endRow="11" startCol="4" startRow="11" x0="1222" x1="1378" y0="1044" y1="1094">(64769,3084,1285)</Cell>
<Cell dontCare="false" endCol="5" endRow="11" startCol="5" startRow="11" x0="1378" x1="1520" y0="1044" y1="1094">(64769,3084,1542)</Cell>
<Cell dontCare="false" endCol="6" endRow="11" startCol="6" startRow="11" x0="1520" x1="1660" y0="1044" y1="1094">(64769,3084,1799)</Cell>
<Cell dontCare="false" endCol="7" endRow="11" startCol="7" startRow="11" x0="1660" x1="1824" y0="1044" y1="1094">(64769,3084,2056)</Cell>
<Cell dontCare="false" endCol="8" endRow="11" startCol="8" startRow="11" x0="1824" x1="1954" y0="1044" y1="1094">(64769,3084,2313)</Cell>
<Cell dontCare="false" endCol="9" endRow="11" startCol="9" startRow="11" x0="1954" x1="2108" y0="1044" y1="1094">(64769,3084,2570)</Cell>
<Cell dontCare="false" endCol="10" endRow="11" startCol="10" startRow="11" x0="2108" x1="2268" y0="1044" y1="1094">(64769,3084,2827)</Cell>
<Cell dontCare="false" endCol="0" endRow="12" startCol="0" startRow="12" x0="158" x1="790" y0="1094" y1="1138">(64769,3341,257)</Cell>
<Cell dontCare="false" endCol="1" endRow="12" startCol="1" startRow="12" x0="790" x1="932" y0="1094" y1="1138">(64769,3341,514)</Cell>
<Cell dontCare="false" endCol="2" endRow="12" startCol="2" startRow="12" x0="932" x1="1078" y0="1094" y1="1138">(64769,3341,771)</Cell>
<Cell dontCare="false" endCol="3" endRow="12" startCol="3" startRow="12" x0="1078" x1="1222" y0="1094" y1="1138">(64769,3341,1028)</Cell>
<Cell dontCare="false" endCol="4" endRow="12" startCol="4" startRow="12" x0="1222" x1="1378" y0="1094" y1="1138">(64769,3341,1285)</Cell>
<Cell dontCare="false" endCol="5" endRow="12" startCol="5" startRow="12" x0="1378" x1="1520" y0="1094" y1="1138">(64769,3341,1542)</Cell>
<Cell dontCare="false" endCol="6" endRow="12" startCol="6" startRow="12" x0="1520" x1="1660" y0="1094" y1="1138">(64769,3341,1799)</Cell>
<Cell dontCare="false" endCol="7" endRow="12" startCol="7" startRow="12" x0="1660" x1="1824" y0="1094" y1="1138">(64769,3341,2056)</Cell>
<Cell dontCare="false" endCol="8" endRow="12" startCol="8" startRow="12" x0="1824" x1="1954" y0="1094" y1="1138">(64769,3341,2313)</Cell>
<Cell dontCare="false" endCol="9" endRow="12" startCol="9" startRow="12" x0="1954" x1="2108" y0="1094" y1="1138">(64769,3341,2570)</Cell>
<Cell dontCare="false" endCol="10" endRow="12" startCol="10" startRow="12" x0="2108" x1="2268" y0="1094" y1="1138">(64769,3341,2827)</Cell>
<Cell dontCare="false" endCol="0" endRow="13" startCol="0" startRow="13" x0="158" x1="790" y0="1138" y1="1188">(64769,3598,257)</Cell>
<Cell dontCare="false" endCol="1" endRow="13" startCol="1" startRow="13" x0="790" x1="932" y0="1138" y1="1188">(64769,3598,514)</Cell>
<Cell dontCare="false" endCol="2" endRow="13" startCol="2" startRow="13" x0="932" x1="1078" y0="1138" y1="1188">(64769,3598,771)</Cell>
<Cell dontCare="false" endCol="3" endRow="13" startCol="3" startRow="13" x0="1078" x1="1222" y0="1138" y1="1188">(64769,3598,1028)</Cell>
<Cell dontCare="false" endCol="4" endRow="13" startCol="4" startRow="13" x0="1222" x1="1378" y0="1138" y1="1188">(64769,3598,1285)</Cell>
<Cell dontCare="false" endCol="5" endRow="13" startCol="5" startRow="13" x0="1378" x1="1520" y0="1138" y1="1188">(64769,3598,1542)</Cell>
<Cell dontCare="false" endCol="6" endRow="13" startCol="6" startRow="13" x0="1520" x1="1660" y0="1138" y1="1188">(64769,3598,1799)</Cell>
<Cell dontCare="false" endCol="7" endRow="13" startCol="7" startRow="13" x0="1660" x1="1824" y0="1138" y1="1188">(64769,3598,2056)</Cell>
<Cell dontCare="false" endCol="8" endRow="13" startCol="8" startRow="13" x0="1824" x1="1954" y0="1138" y1="1188">(64769,3598,2313)</Cell>
<Cell dontCare="false" endCol="9" endRow="13" startCol="9" startRow="13" x0="1954" x1="2108" y0="1138" y1="1188">(64769,3598,2570)</Cell>
<Cell dontCare="false" endCol="10" endRow="13" startCol="10" startRow="13" x0="2108" x1="2268" y0="1138" y1="1188">(64769,3598,2827)</Cell>
<Cell dontCare="false" endCol="0" endRow="14" startCol="0" startRow="14" x0="158" x1="790" y0="1188" y1="1250">(64769,3855,257)</Cell>
<Cell dontCare="false" endCol="1" endRow="14" startCol="1" startRow="14" x0="790" x1="932" y0="1188" y1="1250">(64769,3855,514)</Cell>
<Cell dontCare="false" endCol="2" endRow="14" startCol="2" startRow="14" x0="932" x1="1078" y0="1188" y1="1250">(64769,3855,771)</Cell>
<Cell dontCare="false" endCol="3" endRow="14" startCol="3" startRow="14" x0="1078" x1="1222" y0="1188" y1="1250">(64769,3855,1028)</Cell>
<Cell dontCare="false" endCol="4" endRow="14" startCol="4" startRow="14" x0="1222" x1="1378" y0="1188" y1="1250">(64769,3855,1285)</Cell>
<Cell dontCare="false" endCol="5" endRow="14" startCol="5" startRow="14" x0="1378" x1="1520" y0="1188" y1="1250">(64769,3855,1542)</Cell>
<Cell dontCare="false" endCol="6" endRow="14" startCol="6" startRow="14" x0="1520" x1="1660" y0="1188" y1="1250">(64769,3855,1799)</Cell>
<Cell dontCare="false" endCol="7" endRow="14" startCol="7" startRow="14" x0="1660" x1="1824" y0="1188" y1="1250">(64769,3855,2056)</Cell>
<Cell dontCare="false" endCol="8" endRow="14" startCol="8" startRow="14" x0="1824" x1="1954" y0="1188" y1="1250">(64769,3855,2313)</Cell>
<Cell dontCare="false" endCol="9" endRow="14" startCol="9" startRow="14" x0="1954" x1="2108" y0="1188" y1="1250">(64769,3855,2570)</Cell>
<Cell dontCare="false" endCol="10" endRow="14" startCol="10" startRow="14" x0="2108" x1="2268" y0="1188" y1="1250">(64769,3855,2827)</Cell>
<Cell dontCare="false" endCol="10" endRow="15" startCol="0" startRow="15" x0="158" x1="2268" y0="1250" y1="1308">(64769,4112,267)</Cell>
<Cell dontCare="true" endCol="1" endRow="15" startCol="1" startRow="15" x0="790" x1="932" y0="1250" y1="1308">(64769,4112,514)</Cell>
<Cell dontCare="true" endCol="2" endRow="15" startCol="2" startRow="15" x0="932" x1="1078" y0="1250" y1="1308">(64769,4112,771)</Cell>
<Cell dontCare="true" endCol="3" endRow="15" startCol="3" startRow="15" x0="1078" x1="1222" y0="1250" y1="1308">(64769,4112,1028)</Cell>
<Cell dontCare="true" endCol="4" endRow="15" startCol="4" startRow="15" x0="1222" x1="1378" y0="1250" y1="1308">(64769,4112,1285)</Cell>
<Cell dontCare="true" endCol="5" endRow="15" startCol="5" startRow="15" x0="1378" x1="1520" y0="1250" y1="1308">(64769,4112,1542)</Cell>
<Cell dontCare="true" endCol="6" endRow="15" startCol="6" startRow="15" x0="1520" x1="1660" y0="1250" y1="1308">(64769,4112,1799)</Cell>
<Cell dontCare="true" endCol="7" endRow="15" startCol="7" startRow="15" x0="1660" x1="1824" y0="1250" y1="1308">(64769,4112,2056)</Cell>
<Cell dontCare="true" endCol="8" endRow="15" startCol="8" startRow="15" x0="1824" x1="1954" y0="1250" y1="1308">(64769,4112,2313)</Cell>
<Cell dontCare="true" endCol="9" endRow="15" startCol="9" startRow="15" x0="1954" x1="2108" y0="1250" y1="1308">(64769,4112,2570)</Cell>
<Cell dontCare="true" endCol="10" endRow="15" startCol="10" startRow="15" x0="2108" x1="2268" y0="1250" y1="1308">(64769,4112,2827)</Cell>
<Cell dontCare="false" endCol="0" endRow="16" startCol="0" startRow="16" x0="158" x1="790" y0="1308" y1="1408">(64769,4369,257)</Cell>
<Cell dontCare="false" endCol="1" endRow="16" startCol="1" startRow="16" x0="790" x1="932" y0="1308" y1="1408">(64769,4369,514)</Cell>
<Cell dontCare="false" endCol="2" endRow="16" startCol="2" startRow="16" x0="932" x1="1078" y0="1308" y1="1408">(64769,4369,771)</Cell>
<Cell dontCare="false" endCol="3" endRow="16" startCol="3" startRow="16" x0="1078" x1="1222" y0="1308" y1="1408">(64769,4369,1028)</Cell>
<Cell dontCare="false" endCol="4" endRow="16" startCol="4" startRow="16" x0="1222" x1="1378" y0="1308" y1="1408">(64769,4369,1285)</Cell>
<Cell dontCare="false" endCol="5" endRow="16" startCol="5" startRow="16" x0="1378" x1="1520" y0="1308" y1="1408">(64769,4369,1542)</Cell>
<Cell dontCare="false" endCol="6" endRow="16" startCol="6" startRow="16" x0="1520" x1="1660" y0="1308" y1="1408">(64769,4369,1799)</Cell>
<Cell dontCare="false" endCol="7" endRow="16" startCol="7" startRow="16" x0="1660" x1="1824" y0="1308" y1="1408">(64769,4369,2056)</Cell>
<Cell dontCare="false" endCol="8" endRow="16" startCol="8" startRow="16" x0="1824" x1="1954" y0="1308" y1="1408">(64769,4369,2313)</Cell>
<Cell dontCare="false" endCol="9" endRow="16" startCol="9" startRow="16" x0="1954" x1="2108" y0="1308" y1="1408">(64769,4369,2570)</Cell>
<Cell dontCare="false" endCol="10" endRow="16" startCol="10" startRow="16" x0="2108" x1="2268" y0="1308" y1="1408">(64769,4369,2827)</Cell>
<Cell dontCare="false" endCol="0" endRow="17" startCol="0" startRow="17" x0="158" x1="790" y0="1408" y1="1450">(64769,4626,257)</Cell>
<Cell dontCare="false" endCol="1" endRow="17" startCol="1" startRow="17" x0="790" x1="932" y0="1408" y1="1450">(64769,4626,514)</Cell>
<Cell dontCare="false" endCol="2" endRow="17" startCol="2" startRow="17" x0="932" x1="1078" y0="1408" y1="1450">(64769,4626,771)</Cell>
<Cell dontCare="false" endCol="3" endRow="17" startCol="3" startRow="17" x0="1078" x1="1222" y0="1408" y1="1450">(64769,4626,1028)</Cell>
<Cell dontCare="false" endCol="4" endRow="17" startCol="4" startRow="17" x0="1222" x1="1378" y0="1408" y1="1450">(64769,4626,1285)</Cell>
<Cell dontCare="false" endCol="5" endRow="17" startCol="5" startRow="17" x0="1378" x1="1520" y0="1408" y1="1450">(64769,4626,1542)</Cell>
<Cell dontCare="false" endCol="6" endRow="17" startCol="6" startRow="17" x0="1520" x1="1660" y0="1408" y1="1450">(64769,4626,1799)</Cell>
<Cell dontCare="false" endCol="7" endRow="17" startCol="7" startRow="17" x0="1660" x1="1824" y0="1408" y1="1450">(64769,4626,2056)</Cell>
<Cell dontCare="false" endCol="8" endRow="17" startCol="8" startRow="17" x0="1824" x1="1954" y0="1408" y1="1450">(64769,4626,2313)</Cell>
<Cell dontCare="false" endCol="9" endRow="17" startCol="9" startRow="17" x0="1954" x1="2108" y0="1408" y1="1450">(64769,4626,2570)</Cell>
<Cell dontCare="false" endCol="10" endRow="17" startCol="10" startRow="17" x0="2108" x1="2268" y0="1408" y1="1450">(64769,4626,2827)</Cell>
<Cell dontCare="false" endCol="0" endRow="18" startCol="0" startRow="18" x0="158" x1="790" y0="1450" y1="1496">(64769,4883,257)</Cell>
<Cell dontCare="false" endCol="1" endRow="18" startCol="1" startRow="18" x0="790" x1="932" y0="1450" y1="1496">(64769,4883,514)</Cell>
<Cell dontCare="false" endCol="2" endRow="18" startCol="2" startRow="18" x0="932" x1="1078" y0="1450" y1="1496">(64769,4883,771)</Cell>
<Cell dontCare="false" endCol="3" endRow="18" startCol="3" startRow="18" x0="1078" x1="1222" y0="1450" y1="1496">(64769,4883,1028)</Cell>
<Cell dontCare="false" endCol="4" endRow="18" startCol="4" startRow="18" x0="1222" x1="1378" y0="1450" y1="1496">(64769,4883,1285)</Cell>
<Cell dontCare="false" endCol="5" endRow="18" startCol="5" startRow="18" x0="1378" x1="1520" y0="1450" y1="1496">(64769,4883,1542)</Cell>
<Cell dontCare="false" endCol="6" endRow="18" startCol="6" startRow="18" x0="1520" x1="1660" y0="1450" y1="1496">(64769,4883,1799)</Cell>
<Cell dontCare="false" endCol="7" endRow="18" startCol="7" startRow="18" x0="1660" x1="1824" y0="1450" y1="1496">(64769,4883,2056)</Cell>
<Cell dontCare="false" endCol="8" endRow="18" startCol="8" startRow="18" x0="1824" x1="1954" y0="1450" y1="1496">(64769,4883,2313)</Cell>
<Cell dontCare="false" endCol="9" endRow="18" startCol="9" startRow="18" x0="1954" x1="2108" y0="1450" y1="1496">(64769,4883,2570)</Cell>
<Cell dontCare="false" endCol="10" endRow="18" startCol="10" startRow="18" x0="2108" x1="2268" y0="1450" y1="1496">(64769,4883,2827)</Cell>
<Cell dontCare="false" endCol="0" endRow="19" startCol="0" startRow="19" x0="158" x1="790" y0="1496" y1="1564">(64769,5140,257)</Cell>
<Cell dontCare="false" endCol="1" endRow="19" startCol="1" startRow="19" x0="790" x1="932" y0="1496" y1="1564">(64769,5140,514)</Cell>
<Cell dontCare="false" endCol="2" endRow="19" startCol="2" startRow="19" x0="932" x1="1078" y0="1496" y1="1564">(64769,5140,771)</Cell>
<Cell dontCare="false" endCol="3" endRow="19" startCol="3" startRow="19" x0="1078" x1="1222" y0="1496" y1="1564">(64769,5140,1028)</Cell>
<Cell dontCare="false" endCol="4" endRow="19" startCol="4" startRow="19" x0="1222" x1="1378" y0="1496" y1="1564">(64769,5140,1285)</Cell>
<Cell dontCare="false" endCol="5" endRow="19" startCol="5" startRow="19" x0="1378" x1="1520" y0="1496" y1="1564">(64769,5140,1542)</Cell>
<Cell dontCare="false" endCol="6" endRow="19" startCol="6" startRow="19" x0="1520" x1="1660" y0="1496" y1="1564">(64769,5140,1799)</Cell>
<Cell dontCare="false" endCol="7" endRow="19" startCol="7" startRow="19" x0="1660" x1="1824" y0="1496" y1="1564">(64769,5140,2056)</Cell>
<Cell dontCare="false" endCol="8" endRow="19" startCol="8" startRow="19" x0="1824" x1="1954" y0="1496" y1="1564">(64769,5140,2313)</Cell>
<Cell dontCare="false" endCol="9" endRow="19" startCol="9" startRow="19" x0="1954" x1="2108" y0="1496" y1="1564">(64769,5140,2570)</Cell>
<Cell dontCare="false" endCol="10" endRow="19" startCol="10" startRow="19" x0="2108" x1="2268" y0="1496" y1="1564">(64769,5140,2827)</Cell>
<Cell dontCare="false" endCol="0" endRow="20" startCol="0" startRow="20" x0="158" x1="790" y0="1564" y1="1630">(64769,5397,257)</Cell>
<Cell dontCare="false" endCol="1" endRow="20" startCol="1" startRow="20" x0="790" x1="932" y0="1564" y1="1630">(64769,5397,514)</Cell>
<Cell dontCare="false" endCol="2" endRow="20" startCol="2" startRow="20" x0="932" x1="1078" y0="1564" y1="1630">(64769,5397,771)</Cell>
<Cell dontCare="false" endCol="3" endRow="20" startCol="3" startRow="20" x0="1078" x1="1222" y0="1564" y1="1630">(64769,5397,1028)</Cell>
<Cell dontCare="false" endCol="4" endRow="20" startCol="4" startRow="20" x0="1222" x1="1378" y0="1564" y1="1630">(64769,5397,1285)</Cell>
<Cell dontCare="false" endCol="5" endRow="20" startCol="5" startRow="20" x0="1378" x1="1520" y0="1564" y1="1630">(64769,5397,1542)</Cell>
<Cell dontCare="false" endCol="6" endRow="20" startCol="6" startRow="20" x0="1520" x1="1660" y0="1564" y1="1630">(64769,5397,1799)</Cell>
<Cell dontCare="false" endCol="7" endRow="20" startCol="7" startRow="20" x0="1660" x1="1824" y0="1564" y1="1630">(64769,5397,2056)</Cell>
<Cell dontCare="false" endCol="8" endRow="20" startCol="8" startRow="20" x0="1824" x1="1954" y0="1564" y1="1630">(64769,5397,2313)</Cell>
<Cell dontCare="false" endCol="9" endRow="20" startCol="9" startRow="20" x0="1954" x1="2108" y0="1564" y1="1630">(64769,5397,2570)</Cell>
<Cell dontCare="false" endCol="10" endRow="20" startCol="10" startRow="20" x0="2108" x1="2268" y0="1564" y1="1630">(64769,5397,2827)</Cell>
</Table>
<Table x0="156" x1="1192" y0="2338" y1="2942">
<Row x0="156" x1="1192" y0="2408" y1="2408"/>
<Row x0="156" x1="1192" y0="2454" y1="2454"/>
<Row x0="156" x1="1192" y0="2502" y1="2502"/>
<Row x0="156" x1="1192" y0="2554" y1="2554"/>
<Row x0="156" x1="1192" y0="2598" y1="2598"/>
<Row x0="156" x1="1192" y0="2658" y1="2658"/>
<Row x0="156" x1="1192" y0="2740" y1="2740"/>
<Row x0="156" x1="1192" y0="2788" y1="2788"/>
<Row x0="156" x1="1192" y0="2840" y1="2840"/>
<Row x0="156" x1="1192" y0="2884" y1="2884"/>
<Column x0="682" x1="682" y0="2338" y1="2942"/>
<Column x0="1012" x1="1012" y0="2338" y1="2942"/>
<Cell dontCare="false" endCol="0" endRow="0" startCol="0" startRow="0" x0="156" x1="682" y0="2338" y1="2408">(64770,257,257)</Cell>
<Cell dontCare="false" endCol="1" endRow="0" startCol="1" startRow="0" x0="682" x1="1012" y0="2338" y1="2408">(64770,257,514)</Cell>
<Cell dontCare="false" endCol="2" endRow="0" startCol="2" startRow="0" x0="1012" x1="1192" y0="2338" y1="2408">(64770,257,771)</Cell>
<Cell dontCare="false" endCol="0" endRow="1" startCol="0" startRow="1" x0="156" x1="682" y0="2408" y1="2454">(64770,514,257)</Cell>
<Cell dontCare="false" endCol="1" endRow="1" startCol="1" startRow="1" x0="682" x1="1012" y0="2408" y1="2454">(64770,514,514)</Cell>
<Cell dontCare="false" endCol="2" endRow="1" startCol="2" startRow="1" x0="1012" x1="1192" y0="2408" y1="2454">(64770,514,771)</Cell>
<Cell dontCare="false" endCol="0" endRow="2" startCol="0" startRow="2" x0="156" x1="682" y0="2454" y1="2502">(64770,771,257)</Cell>
<Cell dontCare="false" endCol="1" endRow="2" startCol="1" startRow="2" x0="682" x1="1012" y0="2454" y1="2502">(64770,771,514)</Cell>
<Cell dontCare="false" endCol="2" endRow="2" startCol="2" startRow="2" x0="1012" x1="1192" y0="2454" y1="2502">(64770,771,771)</Cell>
<Cell dontCare="false" endCol="0" endRow="3" startCol="0" startRow="3" x0="156" x1="682" y0="2502" y1="2554">(64770,1028,257)</Cell>
<Cell dontCare="false" endCol="1" endRow="3" startCol="1" startRow="3" x0="682" x1="1012" y0="2502" y1="2554">(64770,1028,514)</Cell>
<Cell dontCare="false" endCol="2" endRow="3" startCol="2" startRow="3" x0="1012" x1="1192" y0="2502" y1="2554">(64770,1028,771)</Cell>
<Cell dontCare="false" endCol="0" endRow="4" startCol="0" startRow="4" x0="156" x1="682" y0="2554" y1="2598">(64770,1285,257)</Cell>
<Cell dontCare="false" endCol="1" endRow="4" startCol="1" startRow="4" x0="682" x1="1012" y0="2554" y1="2598">(64770,1285,514)</Cell>
<Cell dontCare="false" endCol="2" endRow="4" startCol="2" startRow="4" x0="1012" x1="1192" y0="2554" y1="2598">(64770,1285,771)</Cell>
<Cell dontCare="false" endCol="0" endRow="5" startCol="0" startRow="5" x0="156" x1="682" y0="2598" y1="2658">(64770,1542,257)</Cell>
<Cell dontCare="false" endCol="1" endRow="5" startCol="1" startRow="5" x0="682" x1="1012" y0="2598" y1="2658">(64770,1542,514)</Cell>
<Cell dontCare="false" endCol="2" endRow="5" startCol="2" startRow="5" x0="1012" x1="1192" y0="2598" y1="2658">(64770,1542,771)</Cell>
<Cell dontCare="false" endCol="0" endRow="6" startCol="0" startRow="6" x0="156" x1="682" y0="2658" y1="2740">(64770,1799,257)</Cell>
<Cell dontCare="false" endCol="1" endRow="6" startCol="1" startRow="6" x0="682" x1="1012" y0="2658" y1="2740">(64770,1799,514)</Cell>
<Cell dontCare="false" endCol="2" endRow="6" startCol="2" startRow="6" x0="1012" x1="1192" y0="2658" y1="2740">(64770,1799,771)</Cell>
<Cell dontCare="false" endCol="0" endRow="7" startCol="0" startRow="7" x0="156" x1="682" y0="2740" y1="2788">(64770,2056,257)</Cell>
<Cell dontCare="false" endCol="1" endRow="7" startCol="1" startRow="7" x0="682" x1="1012" y0="2740" y1="2788">(64770,2056,514)</Cell>
<Cell dontCare="false" endCol="2" endRow="7" startCol="2" startRow="7" x0="1012" x1="1192" y0="2740" y1="2788">(64770,2056,771)</Cell>
<Cell dontCare="false" endCol="0" endRow="8" startCol="0" startRow="8" x0="156" x1="682" y0="2788" y1="2840">(64770,2313,257)</Cell>
<Cell dontCare="false" endCol="1" endRow="8" startCol="1" startRow="8" x0="682" x1="1012" y0="2788" y1="2840">(64770,2313,514)</Cell>
<Cell dontCare="false" endCol="2" endRow="8" startCol="2" startRow="8" x0="1012" x1="1192" y0="2788" y1="2840">(64770,2313,771)</Cell>
<Cell dontCare="false" endCol="0" endRow="9" startCol="0" startRow="9" x0="156" x1="682" y0="2840" y1="2884">(64770,2570,257)</Cell>
<Cell dontCare="false" endCol="1" endRow="9" startCol="1" startRow="9" x0="682" x1="1012" y0="2840" y1="2884">(64770,2570,514)</Cell>
<Cell dontCare="false" endCol="2" endRow="9" startCol="2" startRow="9" x0="1012" x1="1192" y0="2840" y1="2884">(64770,2570,771)</Cell>
<Cell dontCare="false" endCol="0" endRow="10" startCol="0" startRow="10" x0="156" x1="682" y0="2884" y1="2942">(64770,2827,257)</Cell>
<Cell dontCare="false" endCol="1" endRow="10" startCol="1" startRow="10" x0="682" x1="1012" y0="2884" y1="2942">(64770,2827,514)</Cell>
<Cell dontCare="false" endCol="2" endRow="10" startCol="2" startRow="10" x0="1012" x1="1192" y0="2884" y1="2942">(64770,2827,771)</Cell>
</Table>
</Tables>
</GroundTruth>
