<?xml version="1.0" encoding="UTF-8" standalone="no"?>
<GroundTruth InputFile="C:\Dokumente und Einstellungen\mehmood\Desktop\dataset\skew_corrected\unlv_tables_bin_test\9570_027.png">
<Tables>
<Table x0="50" x1="2386" y0="386" y1="2873">
<Row x0="50" x1="2386" y0="468" y1="468"/>
<Row x0="50" x1="2386" y0="522" y1="522"/>
<Row x0="50" x1="2386" y0="592" y1="592"/>
<Row x0="50" x1="2386" y0="702" y1="702"/>
<Row x0="50" x1="2386" y0="754" y1="754"/>
<Row x0="50" x1="2386" y0="828" y1="828"/>
<Row x0="50" x1="2386" y0="876" y1="876"/>
<Row x0="50" x1="2386" y0="930" y1="930"/>
<Row x0="50" x1="2386" y0="986" y1="986"/>
<Row x0="50" x1="2386" y0="1054" y1="1054"/>
<Row x0="50" x1="2386" y0="1114" y1="1114"/>
<Row x0="50" x1="2386" y0="1170" y1="1170"/>
<Row x0="50" x1="2386" y0="1236" y1="1236"/>
<Row x0="50" x1="2386" y0="1280" y1="1280"/>
<Row x0="50" x1="2386" y0="1348" y1="1348"/>
<Row x0="50" x1="2386" y0="1402" y1="1402"/>
<Row x0="50" x1="2386" y0="1462" y1="1462"/>
<Row x0="50" x1="2386" y0="1536" y1="1536"/>
<Row x0="50" x1="2386" y0="1602" y1="1602"/>
<Row x0="50" x1="2386" y0="1666" y1="1666"/>
<Row x0="50" x1="2386" y0="1718" y1="1718"/>
<Row x0="50" x1="2386" y0="1772" y1="1772"/>
<Row x0="50" x1="2386" y0="1830" y1="1830"/>
<Row x0="50" x1="2386" y0="1898" y1="1898"/>
<Row x0="50" x1="2386" y0="1956" y1="1956"/>
<Row x0="50" x1="2386" y0="2022" y1="2022"/>
<Row x0="50" x1="2386" y0="2066" y1="2066"/>
<Row x0="50" x1="2386" y0="2138" y1="2138"/>
<Row x0="50" x1="2386" y0="2210" y1="2210"/>
<Row x0="50" x1="2386" y0="2256" y1="2256"/>
<Row x0="50" x1="2386" y0="2328" y1="2328"/>
<Row x0="50" x1="2386" y0="2386" y1="2386"/>
<Row x0="50" x1="2386" y0="2454" y1="2454"/>
<Row x0="50" x1="2386" y0="2508" y1="2508"/>
<Row x0="50" x1="2386" y0="2576" y1="2576"/>
<Row x0="50" x1="2386" y0="2644" y1="2644"/>
<Row x0="50" x1="2386" y0="2714" y1="2714"/>
<Row x0="50" x1="2386" y0="2784" y1="2784"/>
<Column x0="1186" x1="1186" y0="386" y1="2873"/>
<Column x0="1583" x1="1583" y0="386" y1="2873"/>
<Column x0="2063" x1="2063" y0="386" y1="2873"/>
<Cell dontCare="false" endCol="0" endRow="0" startCol="0" startRow="0" x0="50" x1="1186" y0="386" y1="468">(64769,257,257)</Cell>
<Cell dontCare="false" endCol="1" endRow="0" startCol="1" startRow="0" x0="1186" x1="1583" y0="386" y1="468">(64769,257,514)</Cell>
<Cell dontCare="false" endCol="2" endRow="0" startCol="2" startRow="0" x0="1583" x1="2063" y0="386" y1="468">(64769,257,771)</Cell>
<Cell dontCare="false" endCol="3" endRow="0" startCol="3" startRow="0" x0="2063" x1="2386" y0="386" y1="468">(64769,257,1028)</Cell>
<Cell dontCare="false" endCol="3" endRow="1" startCol="0" startRow="1" x0="50" x1="2386" y0="468" y1="522">(64769,514,260)</Cell>
<Cell dontCare="true" endCol="1" endRow="1" startCol="1" startRow="1" x0="1186" x1="1583" y0="468" y1="522">(64769,514,514)</Cell>
<Cell dontCare="true" endCol="2" endRow="1" startCol="2" startRow="1" x0="1583" x1="2063" y0="468" y1="522">(64769,514,771)</Cell>
<Cell dontCare="true" endCol="3" endRow="1" startCol="3" startRow="1" x0="2063" x1="2386" y0="468" y1="522">(64769,514,1028)</Cell>
<Cell dontCare="false" endCol="0" endRow="2" startCol="0" startRow="2" x0="50" x1="1186" y0="522" y1="592">(64769,771,257)</Cell>
<Cell dontCare="false" endCol="1" endRow="2" startCol="1" startRow="2" x0="1186" x1="1583" y0="522" y1="592">(64769,771,514)</Cell>
<Cell dontCare="false" endCol="2" endRow="2" startCol="2" startRow="2" x0="1583" x1="2063" y0="522" y1="592">(64769,771,771)</Cell>
<Cell dontCare="false" endCol="3" endRow="2" startCol="3" startRow="2" x0="2063" x1="2386" y0="522" y1="592">(64769,771,1028)</Cell>
<Cell dontCare="false" endCol="3" endRow="3" startCol="0" startRow="3" x0="50" x1="2386" y0="592" y1="702">(64769,1028,260)</Cell>
<Cell dontCare="true" endCol="1" endRow="3" startCol="1" startRow="3" x0="1186" x1="1583" y0="592" y1="702">(64769,1028,514)</Cell>
<Cell dontCare="true" endCol="2" endRow="3" startCol="2" startRow="3" x0="1583" x1="2063" y0="592" y1="702">(64769,1028,771)</Cell>
<Cell dontCare="true" endCol="3" endRow="3" startCol="3" startRow="3" x0="2063" x1="2386" y0="592" y1="702">(64769,1028,1028)</Cell>
<Cell dontCare="false" endCol="0" endRow="4" startCol="0" startRow="4" x0="50" x1="1186" y0="702" y1="754">(64769,1285,257)</Cell>
<Cell dontCare="false" endCol="1" endRow="4" startCol="1" startRow="4" x0="1186" x1="1583" y0="702" y1="754">(64769,1285,514)</Cell>
<Cell dontCare="false" endCol="2" endRow="4" startCol="2" startRow="4" x0="1583" x1="2063" y0="702" y1="754">(64769,1285,771)</Cell>
<Cell dontCare="false" endCol="3" endRow="4" startCol="3" startRow="4" x0="2063" x1="2386" y0="702" y1="754">(64769,1285,1028)</Cell>
<Cell dontCare="false" endCol="0" endRow="5" startCol="0" startRow="5" x0="50" x1="1186" y0="754" y1="828">(64769,1542,257)</Cell>
<Cell dontCare="false" endCol="1" endRow="5" startCol="1" startRow="5" x0="1186" x1="1583" y0="754" y1="828">(64769,1542,514)</Cell>
<Cell dontCare="false" endCol="2" endRow="5" startCol="2" startRow="5" x0="1583" x1="2063" y0="754" y1="828">(64769,1542,771)</Cell>
<Cell dontCare="false" endCol="3" endRow="5" startCol="3" startRow="5" x0="2063" x1="2386" y0="754" y1="828">(64769,1542,1028)</Cell>
<Cell dontCare="false" endCol="0" endRow="6" startCol="0" startRow="6" x0="50" x1="1186" y0="828" y1="876">(64769,1799,257)</Cell>
<Cell dontCare="false" endCol="1" endRow="6" startCol="1" startRow="6" x0="1186" x1="1583" y0="828" y1="876">(64769,1799,514)</Cell>
<Cell dontCare="false" endCol="2" endRow="6" startCol="2" startRow="6" x0="1583" x1="2063" y0="828" y1="876">(64769,1799,771)</Cell>
<Cell dontCare="false" endCol="3" endRow="6" startCol="3" startRow="6" x0="2063" x1="2386" y0="828" y1="876">(64769,1799,1028)</Cell>
<Cell dontCare="false" endCol="0" endRow="7" startCol="0" startRow="7" x0="50" x1="1186" y0="876" y1="930">(64769,2056,257)</Cell>
<Cell dontCare="false" endCol="1" endRow="7" startCol="1" startRow="7" x0="1186" x1="1583" y0="876" y1="930">(64769,2056,514)</Cell>
<Cell dontCare="false" endCol="2" endRow="7" startCol="2" startRow="7" x0="1583" x1="2063" y0="876" y1="930">(64769,2056,771)</Cell>
<Cell dontCare="false" endCol="3" endRow="7" startCol="3" startRow="7" x0="2063" x1="2386" y0="876" y1="930">(64769,2056,1028)</Cell>
<Cell dontCare="false" endCol="0" endRow="8" startCol="0" startRow="8" x0="50" x1="1186" y0="930" y1="986">(64769,2313,257)</Cell>
<Cell dontCare="false" endCol="1" endRow="8" startCol="1" startRow="8" x0="1186" x1="1583" y0="930" y1="986">(64769,2313,514)</Cell>
<Cell dontCare="false" endCol="2" endRow="8" startCol="2" startRow="8" x0="1583" x1="2063" y0="930" y1="986">(64769,2313,771)</Cell>
<Cell dontCare="false" endCol="3" endRow="8" startCol="3" startRow="8" x0="2063" x1="2386" y0="930" y1="986">(64769,2313,1028)</Cell>
<Cell dontCare="false" endCol="0" endRow="9" startCol="0" startRow="9" x0="50" x1="1186" y0="986" y1="1054">(64769,2570,257)</Cell>
<Cell dontCare="false" endCol="1" endRow="9" startCol="1" startRow="9" x0="1186" x1="1583" y0="986" y1="1054">(64769,2570,514)</Cell>
<Cell dontCare="false" endCol="2" endRow="9" startCol="2" startRow="9" x0="1583" x1="2063" y0="986" y1="1054">(64769,2570,771)</Cell>
<Cell dontCare="false" endCol="3" endRow="9" startCol="3" startRow="9" x0="2063" x1="2386" y0="986" y1="1054">(64769,2570,1028)</Cell>
<Cell dontCare="false" endCol="0" endRow="10" startCol="0" startRow="10" x0="50" x1="1186" y0="1054" y1="1114">(64769,2827,257)</Cell>
<Cell dontCare="false" endCol="1" endRow="10" startCol="1" startRow="10" x0="1186" x1="1583" y0="1054" y1="1114">(64769,2827,514)</Cell>
<Cell dontCare="false" endCol="2" endRow="10" startCol="2" startRow="10" x0="1583" x1="2063" y0="1054" y1="1114">(64769,2827,771)</Cell>
<Cell dontCare="false" endCol="3" endRow="10" startCol="3" startRow="10" x0="2063" x1="2386" y0="1054" y1="1114">(64769,2827,1028)</Cell>
<Cell dontCare="false" endCol="0" endRow="11" startCol="0" startRow="11" x0="50" x1="1186" y0="1114" y1="1170">(64769,3084,257)</Cell>
<Cell dontCare="false" endCol="1" endRow="11" startCol="1" startRow="11" x0="1186" x1="1583" y0="1114" y1="1170">(64769,3084,514)</Cell>
<Cell dontCare="false" endCol="2" endRow="11" startCol="2" startRow="11" x0="1583" x1="2063" y0="1114" y1="1170">(64769,3084,771)</Cell>
<Cell dontCare="false" endCol="3" endRow="11" startCol="3" startRow="11" x0="2063" x1="2386" y0="1114" y1="1170">(64769,3084,1028)</Cell>
<Cell dontCare="false" endCol="0" endRow="12" startCol="0" startRow="12" x0="50" x1="1186" y0="1170" y1="1236">(64769,3341,257)</Cell>
<Cell dontCare="false" endCol="1" endRow="12" startCol="1" startRow="12" x0="1186" x1="1583" y0="1170" y1="1236">(64769,3341,514)</Cell>
<Cell dontCare="false" endCol="2" endRow="12" startCol="2" startRow="12" x0="1583" x1="2063" y0="1170" y1="1236">(64769,3341,771)</Cell>
<Cell dontCare="false" endCol="3" endRow="12" startCol="3" startRow="12" x0="2063" x1="2386" y0="1170" y1="1236">(64769,3341,1028)</Cell>
<Cell dontCare="false" endCol="0" endRow="13" startCol="0" startRow="13" x0="50" x1="1186" y0="1236" y1="1280">(64769,3598,257)</Cell>
<Cell dontCare="false" endCol="1" endRow="13" startCol="1" startRow="13" x0="1186" x1="1583" y0="1236" y1="1280">(64769,3598,514)</Cell>
<Cell dontCare="false" endCol="2" endRow="13" startCol="2" startRow="13" x0="1583" x1="2063" y0="1236" y1="1280">(64769,3598,771)</Cell>
<Cell dontCare="false" endCol="3" endRow="13" startCol="3" startRow="13" x0="2063" x1="2386" y0="1236" y1="1280">(64769,3598,1028)</Cell>
<Cell dontCare="false" endCol="0" endRow="14" startCol="0" startRow="14" x0="50" x1="1186" y0="1280" y1="1348">(64769,3855,257)</Cell>
<Cell dontCare="false" endCol="1" endRow="14" startCol="1" startRow="14" x0="1186" x1="1583" y0="1280" y1="1348">(64769,3855,514)</Cell>
<Cell dontCare="false" endCol="2" endRow="14" startCol="2" startRow="14" x0="1583" x1="2063" y0="1280" y1="1348">(64769,3855,771)</Cell>
<Cell dontCare="false" endCol="3" endRow="14" startCol="3" startRow="14" x0="2063" x1="2386" y0="1280" y1="1348">(64769,3855,1028)</Cell>
<Cell dontCare="false" endCol="0" endRow="15" startCol="0" startRow="15" x0="50" x1="1186" y0="1348" y1="1402">(64769,4112,257)</Cell>
<Cell dontCare="false" endCol="1" endRow="15" startCol="1" startRow="15" x0="1186" x1="1583" y0="1348" y1="1402">(64769,4112,514)</Cell>
<Cell dontCare="false" endCol="2" endRow="15" startCol="2" startRow="15" x0="1583" x1="2063" y0="1348" y1="1402">(64769,4112,771)</Cell>
<Cell dontCare="false" endCol="3" endRow="15" startCol="3" startRow="15" x0="2063" x1="2386" y0="1348" y1="1402">(64769,4112,1028)</Cell>
<Cell dontCare="false" endCol="0" endRow="16" startCol="0" startRow="16" x0="50" x1="1186" y0="1402" y1="1462">(64769,4369,257)</Cell>
<Cell dontCare="false" endCol="1" endRow="16" startCol="1" startRow="16" x0="1186" x1="1583" y0="1402" y1="1462">(64769,4369,514)</Cell>
<Cell dontCare="false" endCol="2" endRow="16" startCol="2" startRow="16" x0="1583" x1="2063" y0="1402" y1="1462">(64769,4369,771)</Cell>
<Cell dontCare="false" endCol="3" endRow="16" startCol="3" startRow="16" x0="2063" x1="2386" y0="1402" y1="1462">(64769,4369,1028)</Cell>
<Cell dontCare="false" endCol="0" endRow="17" startCol="0" startRow="17" x0="50" x1="1186" y0="1462" y1="1536">(64769,4626,257)</Cell>
<Cell dontCare="false" endCol="1" endRow="17" startCol="1" startRow="17" x0="1186" x1="1583" y0="1462" y1="1536">(64769,4626,514)</Cell>
<Cell dontCare="false" endCol="2" endRow="17" startCol="2" startRow="17" x0="1583" x1="2063" y0="1462" y1="1536">(64769,4626,771)</Cell>
<Cell dontCare="false" endCol="3" endRow="17" startCol="3" startRow="17" x0="2063" x1="2386" y0="1462" y1="1536">(64769,4626,1028)</Cell>
<Cell dontCare="false" endCol="3" endRow="18" startCol="0" startRow="18" x0="50" x1="2386" y0="1536" y1="1602">(64769,4883,260)</Cell>
<Cell dontCare="true" endCol="1" endRow="18" startCol="1" startRow="18" x0="1186" x1="1583" y0="1536" y1="1602">(64769,4883,514)</Cell>
<Cell dontCare="true" endCol="2" endRow="18" startCol="2" startRow="18" x0="1583" x1="2063" y0="1536" y1="1602">(64769,4883,771)</Cell>
<Cell dontCare="true" endCol="3" endRow="18" startCol="3" startRow="18" x0="2063" x1="2386" y0="1536" y1="1602">(64769,4883,1028)</Cell>
<Cell dontCare="false" endCol="0" endRow="19" startCol="0" startRow="19" x0="50" x1="1186" y0="1602" y1="1666">(64769,5140,257)</Cell>
<Cell dontCare="false" endCol="1" endRow="19" startCol="1" startRow="19" x0="1186" x1="1583" y0="1602" y1="1666">(64769,5140,514)</Cell>
<Cell dontCare="false" endCol="2" endRow="19" startCol="2" startRow="19" x0="1583" x1="2063" y0="1602" y1="1666">(64769,5140,771)</Cell>
<Cell dontCare="false" endCol="3" endRow="19" startCol="3" startRow="19" x0="2063" x1="2386" y0="1602" y1="1666">(64769,5140,1028)</Cell>
<Cell dontCare="false" endCol="0" endRow="20" startCol="0" startRow="20" x0="50" x1="1186" y0="1666" y1="1718">(64769,5397,257)</Cell>
<Cell dontCare="false" endCol="1" endRow="20" startCol="1" startRow="20" x0="1186" x1="1583" y0="1666" y1="1718">(64769,5397,514)</Cell>
<Cell dontCare="false" endCol="2" endRow="20" startCol="2" startRow="20" x0="1583" x1="2063" y0="1666" y1="1718">(64769,5397,771)</Cell>
<Cell dontCare="false" endCol="3" endRow="20" startCol="3" startRow="20" x0="2063" x1="2386" y0="1666" y1="1718">(64769,5397,1028)</Cell>
<Cell dontCare="false" endCol="0" endRow="21" startCol="0" startRow="21" x0="50" x1="1186" y0="1718" y1="1772">(64769,5654,257)</Cell>
<Cell dontCare="false" endCol="1" endRow="21" startCol="1" startRow="21" x0="1186" x1="1583" y0="1718" y1="1772">(64769,5654,514)</Cell>
<Cell dontCare="false" endCol="2" endRow="21" startCol="2" startRow="21" x0="1583" x1="2063" y0="1718" y1="1772">(64769,5654,771)</Cell>
<Cell dontCare="false" endCol="3" endRow="21" startCol="3" startRow="21" x0="2063" x1="2386" y0="1718" y1="1772">(64769,5654,1028)</Cell>
<Cell dontCare="false" endCol="0" endRow="22" startCol="0" startRow="22" x0="50" x1="1186" y0="1772" y1="1830">(64769,5911,257)</Cell>
<Cell dontCare="false" endCol="1" endRow="22" startCol="1" startRow="22" x0="1186" x1="1583" y0="1772" y1="1830">(64769,5911,514)</Cell>
<Cell dontCare="false" endCol="2" endRow="22" startCol="2" startRow="22" x0="1583" x1="2063" y0="1772" y1="1830">(64769,5911,771)</Cell>
<Cell dontCare="false" endCol="3" endRow="22" startCol="3" startRow="22" x0="2063" x1="2386" y0="1772" y1="1830">(64769,5911,1028)</Cell>
<Cell dontCare="false" endCol="0" endRow="23" startCol="0" startRow="23" x0="50" x1="1186" y0="1830" y1="1898">(64769,6168,257)</Cell>
<Cell dontCare="false" endCol="1" endRow="23" startCol="1" startRow="23" x0="1186" x1="1583" y0="1830" y1="1898">(64769,6168,514)</Cell>
<Cell dontCare="false" endCol="2" endRow="23" startCol="2" startRow="23" x0="1583" x1="2063" y0="1830" y1="1898">(64769,6168,771)</Cell>
<Cell dontCare="false" endCol="3" endRow="23" startCol="3" startRow="23" x0="2063" x1="2386" y0="1830" y1="1898">(64769,6168,1028)</Cell>
<Cell dontCare="false" endCol="0" endRow="24" startCol="0" startRow="24" x0="50" x1="1186" y0="1898" y1="1956">(64769,6425,257)</Cell>
<Cell dontCare="false" endCol="1" endRow="24" startCol="1" startRow="24" x0="1186" x1="1583" y0="1898" y1="1956">(64769,6425,514)</Cell>
<Cell dontCare="false" endCol="2" endRow="24" startCol="2" startRow="24" x0="1583" x1="2063" y0="1898" y1="1956">(64769,6425,771)</Cell>
<Cell dontCare="false" endCol="3" endRow="24" startCol="3" startRow="24" x0="2063" x1="2386" y0="1898" y1="1956">(64769,6425,1028)</Cell>
<Cell dontCare="false" endCol="0" endRow="25" startCol="0" startRow="25" x0="50" x1="1186" y0="1956" y1="2022">(64769,6682,257)</Cell>
<Cell dontCare="false" endCol="1" endRow="25" startCol="1" startRow="25" x0="1186" x1="1583" y0="1956" y1="2022">(64769,6682,514)</Cell>
<Cell dontCare="false" endCol="2" endRow="25" startCol="2" startRow="25" x0="1583" x1="2063" y0="1956" y1="2022">(64769,6682,771)</Cell>
<Cell dontCare="false" endCol="3" endRow="25" startCol="3" startRow="25" x0="2063" x1="2386" y0="1956" y1="2022">(64769,6682,1028)</Cell>
<Cell dontCare="false" endCol="0" endRow="26" startCol="0" startRow="26" x0="50" x1="1186" y0="2022" y1="2066">(64769,6939,257)</Cell>
<Cell dontCare="false" endCol="1" endRow="26" startCol="1" startRow="26" x0="1186" x1="1583" y0="2022" y1="2066">(64769,6939,514)</Cell>
<Cell dontCare="false" endCol="2" endRow="26" startCol="2" startRow="26" x0="1583" x1="2063" y0="2022" y1="2066">(64769,6939,771)</Cell>
<Cell dontCare="false" endCol="3" endRow="26" startCol="3" startRow="26" x0="2063" x1="2386" y0="2022" y1="2066">(64769,6939,1028)</Cell>
<Cell dontCare="false" endCol="0" endRow="27" startCol="0" startRow="27" x0="50" x1="1186" y0="2066" y1="2138">(64769,7196,257)</Cell>
<Cell dontCare="false" endCol="1" endRow="27" startCol="1" startRow="27" x0="1186" x1="1583" y0="2066" y1="2138">(64769,7196,514)</Cell>
<Cell dontCare="false" endCol="2" endRow="27" startCol="2" startRow="27" x0="1583" x1="2063" y0="2066" y1="2138">(64769,7196,771)</Cell>
<Cell dontCare="false" endCol="3" endRow="27" startCol="3" startRow="27" x0="2063" x1="2386" y0="2066" y1="2138">(64769,7196,1028)</Cell>
<Cell dontCare="false" endCol="3" endRow="28" startCol="0" startRow="28" x0="50" x1="2386" y0="2138" y1="2210">(64769,7453,260)</Cell>
<Cell dontCare="true" endCol="1" endRow="28" startCol="1" startRow="28" x0="1186" x1="1583" y0="2138" y1="2210">(64769,7453,514)</Cell>
<Cell dontCare="true" endCol="2" endRow="28" startCol="2" startRow="28" x0="1583" x1="2063" y0="2138" y1="2210">(64769,7453,771)</Cell>
<Cell dontCare="true" endCol="3" endRow="28" startCol="3" startRow="28" x0="2063" x1="2386" y0="2138" y1="2210">(64769,7453,1028)</Cell>
<Cell dontCare="false" endCol="0" endRow="29" startCol="0" startRow="29" x0="50" x1="1186" y0="2210" y1="2256">(64769,7710,257)</Cell>
<Cell dontCare="false" endCol="1" endRow="29" startCol="1" startRow="29" x0="1186" x1="1583" y0="2210" y1="2256">(64769,7710,514)</Cell>
<Cell dontCare="false" endCol="2" endRow="29" startCol="2" startRow="29" x0="1583" x1="2063" y0="2210" y1="2256">(64769,7710,771)</Cell>
<Cell dontCare="false" endCol="3" endRow="29" startCol="3" startRow="29" x0="2063" x1="2386" y0="2210" y1="2256">(64769,7710,1028)</Cell>
<Cell dontCare="false" endCol="0" endRow="30" startCol="0" startRow="30" x0="50" x1="1186" y0="2256" y1="2328">(64769,7967,257)</Cell>
<Cell dontCare="false" endCol="1" endRow="30" startCol="1" startRow="30" x0="1186" x1="1583" y0="2256" y1="2328">(64769,7967,514)</Cell>
<Cell dontCare="false" endCol="2" endRow="30" startCol="2" startRow="30" x0="1583" x1="2063" y0="2256" y1="2328">(64769,7967,771)</Cell>
<Cell dontCare="false" endCol="3" endRow="30" startCol="3" startRow="30" x0="2063" x1="2386" y0="2256" y1="2328">(64769,7967,1028)</Cell>
<Cell dontCare="false" endCol="0" endRow="31" startCol="0" startRow="31" x0="50" x1="1186" y0="2328" y1="2386">(64769,8224,257)</Cell>
<Cell dontCare="false" endCol="1" endRow="31" startCol="1" startRow="31" x0="1186" x1="1583" y0="2328" y1="2386">(64769,8224,514)</Cell>
<Cell dontCare="false" endCol="2" endRow="31" startCol="2" startRow="31" x0="1583" x1="2063" y0="2328" y1="2386">(64769,8224,771)</Cell>
<Cell dontCare="false" endCol="3" endRow="31" startCol="3" startRow="31" x0="2063" x1="2386" y0="2328" y1="2386">(64769,8224,1028)</Cell>
<Cell dontCare="false" endCol="0" endRow="32" startCol="0" startRow="32" x0="50" x1="1186" y0="2386" y1="2454">(64769,8481,257)</Cell>
<Cell dontCare="false" endCol="1" endRow="32" startCol="1" startRow="32" x0="1186" x1="1583" y0="2386" y1="2454">(64769,8481,514)</Cell>
<Cell dontCare="false" endCol="2" endRow="32" startCol="2" startRow="32" x0="1583" x1="2063" y0="2386" y1="2454">(64769,8481,771)</Cell>
<Cell dontCare="false" endCol="3" endRow="32" startCol="3" startRow="32" x0="2063" x1="2386" y0="2386" y1="2454">(64769,8481,1028)</Cell>
<Cell dontCare="false" endCol="0" endRow="33" startCol="0" startRow="33" x0="50" x1="1186" y0="2454" y1="2508">(64769,8738,257)</Cell>
<Cell dontCare="false" endCol="1" endRow="33" startCol="1" startRow="33" x0="1186" x1="1583" y0="2454" y1="2508">(64769,8738,514)</Cell>
<Cell dontCare="false" endCol="2" endRow="33" startCol="2" startRow="33" x0="1583" x1="2063" y0="2454" y1="2508">(64769,8738,771)</Cell>
<Cell dontCare="false" endCol="3" endRow="33" startCol="3" startRow="33" x0="2063" x1="2386" y0="2454" y1="2508">(64769,8738,1028)</Cell>
<Cell dontCare="false" endCol="0" endRow="34" startCol="0" startRow="34" x0="50" x1="1186" y0="2508" y1="2576">(64769,8995,257)</Cell>
<Cell dontCare="false" endCol="1" endRow="34" startCol="1" startRow="34" x0="1186" x1="1583" y0="2508" y1="2576">(64769,8995,514)</Cell>
<Cell dontCare="false" endCol="2" endRow="34" startCol="2" startRow="34" x0="1583" x1="2063" y0="2508" y1="2576">(64769,8995,771)</Cell>
<Cell dontCare="false" endCol="3" endRow="34" startCol="3" startRow="34" x0="2063" x1="2386" y0="2508" y1="2576">(64769,8995,1028)</Cell>
<Cell dontCare="false" endCol="0" endRow="35" startCol="0" startRow="35" x0="50" x1="1186" y0="2576" y1="2644">(64769,9252,257)</Cell>
<Cell dontCare="false" endCol="1" endRow="35" startCol="1" startRow="35" x0="1186" x1="1583" y0="2576" y1="2644">(64769,9252,514)</Cell>
<Cell dontCare="false" endCol="2" endRow="35" startCol="2" startRow="35" x0="1583" x1="2063" y0="2576" y1="2644">(64769,9252,771)</Cell>
<Cell dontCare="false" endCol="3" endRow="35" startCol="3" startRow="35" x0="2063" x1="2386" y0="2576" y1="2644">(64769,9252,1028)</Cell>
<Cell dontCare="false" endCol="0" endRow="36" startCol="0" startRow="36" x0="50" x1="1186" y0="2644" y1="2714">(64769,9509,257)</Cell>
<Cell dontCare="false" endCol="1" endRow="36" startCol="1" startRow="36" x0="1186" x1="1583" y0="2644" y1="2714">(64769,9509,514)</Cell>
<Cell dontCare="false" endCol="2" endRow="36" startCol="2" startRow="36" x0="1583" x1="2063" y0="2644" y1="2714">(64769,9509,771)</Cell>
<Cell dontCare="false" endCol="3" endRow="36" startCol="3" startRow="36" x0="2063" x1="2386" y0="2644" y1="2714">(64769,9509,1028)</Cell>
<Cell dontCare="false" endCol="0" endRow="37" startCol="0" startRow="37" x0="50" x1="1186" y0="2714" y1="2784">(64769,9766,257)</Cell>
<Cell dontCare="false" endCol="1" endRow="37" startCol="1" startRow="37" x0="1186" x1="1583" y0="2714" y1="2784">(64769,9766,514)</Cell>
<Cell dontCare="false" endCol="2" endRow="37" startCol="2" startRow="37" x0="1583" x1="2063" y0="2714" y1="2784">(64769,9766,771)</Cell>
<Cell dontCare="false" endCol="3" endRow="37" startCol="3" startRow="37" x0="2063" x1="2386" y0="2714" y1="2784">(64769,9766,1028)</Cell>
<Cell dontCare="false" endCol="0" endRow="38" startCol="0" startRow="38" x0="50" x1="1186" y0="2784" y1="2873">(64769,10023,257)</Cell>
<Cell dontCare="false" endCol="1" endRow="38" startCol="1" startRow="38" x0="1186" x1="1583" y0="2784" y1="2873">(64769,10023,514)</Cell>
<Cell dontCare="false" endCol="2" endRow="38" startCol="2" startRow="38" x0="1583" x1="2063" y0="2784" y1="2873">(64769,10023,771)</Cell>
<Cell dontCare="false" endCol="3" endRow="38" startCol="3" startRow="38" x0="2063" x1="2386" y0="2784" y1="2873">(64769,10023,1028)</Cell>
</Table>
</Tables>
</GroundTruth>
