<?xml version="1.0" encoding="UTF-8" standalone="no"?>
<GroundTruth InputFile="C:\Dokumente und Einstellungen\mehmood\Desktop\task_december\problem_files\9572_040.png">
<Tables>
<Table x0="330" x1="2440" y0="156" y1="2250">
<Row x0="330" x1="2440" y0="214" y1="214"/>
<Row x0="330" x1="2440" y0="278" y1="278"/>
<Row x0="330" x1="2440" y0="328" y1="328"/>
<Row x0="330" x1="2440" y0="374" y1="374"/>
<Row x0="330" x1="2440" y0="426" y1="426"/>
<Row x0="330" x1="2440" y0="474" y1="474"/>
<Row x0="330" x1="2440" y0="522" y1="522"/>
<Row x0="330" x1="2440" y0="578" y1="578"/>
<Row x0="330" x1="2440" y0="642" y1="642"/>
<Row x0="330" x1="2440" y0="694" y1="694"/>
<Row x0="330" x1="2440" y0="740" y1="740"/>
<Row x0="330" x1="2440" y0="794" y1="794"/>
<Row x0="330" x1="2440" y0="844" y1="844"/>
<Row x0="330" x1="2440" y0="890" y1="890"/>
<Row x0="330" x1="2440" y0="938" y1="938"/>
<Row x0="330" x1="2440" y0="992" y1="992"/>
<Row x0="330" x1="2440" y0="1060" y1="1060"/>
<Row x0="330" x1="2440" y0="1166" y1="1166"/>
<Row x0="330" x1="2440" y0="1210" y1="1210"/>
<Row x0="330" x1="2440" y0="1262" y1="1262"/>
<Row x0="330" x1="2440" y0="1312" y1="1312"/>
<Row x0="330" x1="2440" y0="1362" y1="1362"/>
<Row x0="330" x1="2440" y0="1414" y1="1414"/>
<Row x0="330" x1="2440" y0="1468" y1="1468"/>
<Row x0="330" x1="2440" y0="1526" y1="1526"/>
<Row x0="330" x1="2440" y0="1574" y1="1574"/>
<Row x0="330" x1="2440" y0="1630" y1="1630"/>
<Row x0="330" x1="2440" y0="1682" y1="1682"/>
<Row x0="330" x1="2440" y0="1742" y1="1742"/>
<Row x0="330" x1="2440" y0="1794" y1="1794"/>
<Row x0="330" x1="2440" y0="1840" y1="1840"/>
<Row x0="330" x1="2440" y0="1896" y1="1896"/>
<Row x0="330" x1="2440" y0="1956" y1="1956"/>
<Row x0="330" x1="2440" y0="2010" y1="2010"/>
<Row x0="330" x1="2440" y0="2062" y1="2062"/>
<Row x0="330" x1="2440" y0="2112" y1="2112"/>
<Row x0="330" x1="2440" y0="2160" y1="2160"/>
<Column x0="1253" x1="1253" y0="156" y1="2250"/>
<Column x0="1510" x1="1510" y0="156" y1="2250"/>
<Column x0="1743" x1="1743" y0="156" y1="2250"/>
<Column x0="1973" x1="1973" y0="156" y1="2250"/>
<Column x0="2186" x1="2186" y0="156" y1="2250"/>
<Cell dontCare="false" endCol="0" endRow="0" startCol="0" startRow="0" x0="330" x1="1253" y0="156" y1="214">(64769,257,257)</Cell>
<Cell dontCare="false" endCol="1" endRow="0" startCol="1" startRow="0" x0="1253" x1="1510" y0="156" y1="214">(64769,257,514)</Cell>
<Cell dontCare="false" endCol="2" endRow="0" startCol="2" startRow="0" x0="1510" x1="1743" y0="156" y1="214">(64769,257,771)</Cell>
<Cell dontCare="false" endCol="3" endRow="0" startCol="3" startRow="0" x0="1743" x1="1973" y0="156" y1="214">(64769,257,1028)</Cell>
<Cell dontCare="false" endCol="4" endRow="0" startCol="4" startRow="0" x0="1973" x1="2186" y0="156" y1="214">(64769,257,1285)</Cell>
<Cell dontCare="false" endCol="5" endRow="0" startCol="5" startRow="0" x0="2186" x1="2440" y0="156" y1="214">(64769,257,1542)</Cell>
<Cell dontCare="false" endCol="5" endRow="1" startCol="0" startRow="1" x0="330" x1="2440" y0="214" y1="278">(64769,514,262)</Cell>
<Cell dontCare="true" endCol="1" endRow="1" startCol="1" startRow="1" x0="1253" x1="1510" y0="214" y1="278">(64769,514,514)</Cell>
<Cell dontCare="true" endCol="2" endRow="1" startCol="2" startRow="1" x0="1510" x1="1743" y0="214" y1="278">(64769,514,771)</Cell>
<Cell dontCare="true" endCol="3" endRow="1" startCol="3" startRow="1" x0="1743" x1="1973" y0="214" y1="278">(64769,514,1028)</Cell>
<Cell dontCare="true" endCol="4" endRow="1" startCol="4" startRow="1" x0="1973" x1="2186" y0="214" y1="278">(64769,514,1285)</Cell>
<Cell dontCare="true" endCol="5" endRow="1" startCol="5" startRow="1" x0="2186" x1="2440" y0="214" y1="278">(64769,514,1542)</Cell>
<Cell dontCare="false" endCol="5" endRow="2" startCol="0" startRow="2" x0="330" x1="2440" y0="278" y1="328">(64769,771,262)</Cell>
<Cell dontCare="true" endCol="1" endRow="2" startCol="1" startRow="2" x0="1253" x1="1510" y0="278" y1="328">(64769,771,514)</Cell>
<Cell dontCare="true" endCol="2" endRow="2" startCol="2" startRow="2" x0="1510" x1="1743" y0="278" y1="328">(64769,771,771)</Cell>
<Cell dontCare="true" endCol="3" endRow="2" startCol="3" startRow="2" x0="1743" x1="1973" y0="278" y1="328">(64769,771,1028)</Cell>
<Cell dontCare="true" endCol="4" endRow="2" startCol="4" startRow="2" x0="1973" x1="2186" y0="278" y1="328">(64769,771,1285)</Cell>
<Cell dontCare="true" endCol="5" endRow="2" startCol="5" startRow="2" x0="2186" x1="2440" y0="278" y1="328">(64769,771,1542)</Cell>
<Cell dontCare="false" endCol="0" endRow="3" startCol="0" startRow="3" x0="330" x1="1253" y0="328" y1="374">(64769,1028,257)</Cell>
<Cell dontCare="false" endCol="1" endRow="3" startCol="1" startRow="3" x0="1253" x1="1510" y0="328" y1="374">(64769,1028,514)</Cell>
<Cell dontCare="false" endCol="2" endRow="3" startCol="2" startRow="3" x0="1510" x1="1743" y0="328" y1="374">(64769,1028,771)</Cell>
<Cell dontCare="false" endCol="3" endRow="3" startCol="3" startRow="3" x0="1743" x1="1973" y0="328" y1="374">(64769,1028,1028)</Cell>
<Cell dontCare="false" endCol="4" endRow="3" startCol="4" startRow="3" x0="1973" x1="2186" y0="328" y1="374">(64769,1028,1285)</Cell>
<Cell dontCare="false" endCol="5" endRow="3" startCol="5" startRow="3" x0="2186" x1="2440" y0="328" y1="374">(64769,1028,1542)</Cell>
<Cell dontCare="false" endCol="0" endRow="4" startCol="0" startRow="4" x0="330" x1="1253" y0="374" y1="426">(64769,1285,257)</Cell>
<Cell dontCare="false" endCol="1" endRow="4" startCol="1" startRow="4" x0="1253" x1="1510" y0="374" y1="426">(64769,1285,514)</Cell>
<Cell dontCare="false" endCol="2" endRow="4" startCol="2" startRow="4" x0="1510" x1="1743" y0="374" y1="426">(64769,1285,771)</Cell>
<Cell dontCare="false" endCol="3" endRow="4" startCol="3" startRow="4" x0="1743" x1="1973" y0="374" y1="426">(64769,1285,1028)</Cell>
<Cell dontCare="false" endCol="4" endRow="4" startCol="4" startRow="4" x0="1973" x1="2186" y0="374" y1="426">(64769,1285,1285)</Cell>
<Cell dontCare="false" endCol="5" endRow="4" startCol="5" startRow="4" x0="2186" x1="2440" y0="374" y1="426">(64769,1285,1542)</Cell>
<Cell dontCare="false" endCol="0" endRow="5" startCol="0" startRow="5" x0="330" x1="1253" y0="426" y1="474">(64769,1542,257)</Cell>
<Cell dontCare="false" endCol="1" endRow="5" startCol="1" startRow="5" x0="1253" x1="1510" y0="426" y1="474">(64769,1542,514)</Cell>
<Cell dontCare="false" endCol="2" endRow="5" startCol="2" startRow="5" x0="1510" x1="1743" y0="426" y1="474">(64769,1542,771)</Cell>
<Cell dontCare="false" endCol="3" endRow="5" startCol="3" startRow="5" x0="1743" x1="1973" y0="426" y1="474">(64769,1542,1028)</Cell>
<Cell dontCare="false" endCol="4" endRow="5" startCol="4" startRow="5" x0="1973" x1="2186" y0="426" y1="474">(64769,1542,1285)</Cell>
<Cell dontCare="false" endCol="5" endRow="5" startCol="5" startRow="5" x0="2186" x1="2440" y0="426" y1="474">(64769,1542,1542)</Cell>
<Cell dontCare="false" endCol="0" endRow="6" startCol="0" startRow="6" x0="330" x1="1253" y0="474" y1="522">(64769,1799,257)</Cell>
<Cell dontCare="false" endCol="1" endRow="6" startCol="1" startRow="6" x0="1253" x1="1510" y0="474" y1="522">(64769,1799,514)</Cell>
<Cell dontCare="false" endCol="2" endRow="6" startCol="2" startRow="6" x0="1510" x1="1743" y0="474" y1="522">(64769,1799,771)</Cell>
<Cell dontCare="false" endCol="3" endRow="6" startCol="3" startRow="6" x0="1743" x1="1973" y0="474" y1="522">(64769,1799,1028)</Cell>
<Cell dontCare="false" endCol="4" endRow="6" startCol="4" startRow="6" x0="1973" x1="2186" y0="474" y1="522">(64769,1799,1285)</Cell>
<Cell dontCare="false" endCol="5" endRow="6" startCol="5" startRow="6" x0="2186" x1="2440" y0="474" y1="522">(64769,1799,1542)</Cell>
<Cell dontCare="false" endCol="0" endRow="7" startCol="0" startRow="7" x0="330" x1="1253" y0="522" y1="578">(64769,2056,257)</Cell>
<Cell dontCare="false" endCol="1" endRow="7" startCol="1" startRow="7" x0="1253" x1="1510" y0="522" y1="578">(64769,2056,514)</Cell>
<Cell dontCare="false" endCol="2" endRow="7" startCol="2" startRow="7" x0="1510" x1="1743" y0="522" y1="578">(64769,2056,771)</Cell>
<Cell dontCare="false" endCol="3" endRow="7" startCol="3" startRow="7" x0="1743" x1="1973" y0="522" y1="578">(64769,2056,1028)</Cell>
<Cell dontCare="false" endCol="4" endRow="7" startCol="4" startRow="7" x0="1973" x1="2186" y0="522" y1="578">(64769,2056,1285)</Cell>
<Cell dontCare="false" endCol="5" endRow="7" startCol="5" startRow="7" x0="2186" x1="2440" y0="522" y1="578">(64769,2056,1542)</Cell>
<Cell dontCare="false" endCol="0" endRow="8" startCol="0" startRow="8" x0="330" x1="1253" y0="578" y1="642">(64769,2313,257)</Cell>
<Cell dontCare="false" endCol="1" endRow="8" startCol="1" startRow="8" x0="1253" x1="1510" y0="578" y1="642">(64769,2313,514)</Cell>
<Cell dontCare="false" endCol="2" endRow="8" startCol="2" startRow="8" x0="1510" x1="1743" y0="578" y1="642">(64769,2313,771)</Cell>
<Cell dontCare="false" endCol="3" endRow="8" startCol="3" startRow="8" x0="1743" x1="1973" y0="578" y1="642">(64769,2313,1028)</Cell>
<Cell dontCare="false" endCol="4" endRow="8" startCol="4" startRow="8" x0="1973" x1="2186" y0="578" y1="642">(64769,2313,1285)</Cell>
<Cell dontCare="false" endCol="5" endRow="8" startCol="5" startRow="8" x0="2186" x1="2440" y0="578" y1="642">(64769,2313,1542)</Cell>
<Cell dontCare="false" endCol="5" endRow="9" startCol="0" startRow="9" x0="330" x1="2440" y0="642" y1="694">(64769,2570,262)</Cell>
<Cell dontCare="true" endCol="1" endRow="9" startCol="1" startRow="9" x0="1253" x1="1510" y0="642" y1="694">(64769,2570,514)</Cell>
<Cell dontCare="true" endCol="2" endRow="9" startCol="2" startRow="9" x0="1510" x1="1743" y0="642" y1="694">(64769,2570,771)</Cell>
<Cell dontCare="true" endCol="3" endRow="9" startCol="3" startRow="9" x0="1743" x1="1973" y0="642" y1="694">(64769,2570,1028)</Cell>
<Cell dontCare="true" endCol="4" endRow="9" startCol="4" startRow="9" x0="1973" x1="2186" y0="642" y1="694">(64769,2570,1285)</Cell>
<Cell dontCare="true" endCol="5" endRow="9" startCol="5" startRow="9" x0="2186" x1="2440" y0="642" y1="694">(64769,2570,1542)</Cell>
<Cell dontCare="false" endCol="5" endRow="10" startCol="0" startRow="10" x0="330" x1="2440" y0="694" y1="740">(64769,2827,262)</Cell>
<Cell dontCare="true" endCol="1" endRow="10" startCol="1" startRow="10" x0="1253" x1="1510" y0="694" y1="740">(64769,2827,514)</Cell>
<Cell dontCare="true" endCol="2" endRow="10" startCol="2" startRow="10" x0="1510" x1="1743" y0="694" y1="740">(64769,2827,771)</Cell>
<Cell dontCare="true" endCol="3" endRow="10" startCol="3" startRow="10" x0="1743" x1="1973" y0="694" y1="740">(64769,2827,1028)</Cell>
<Cell dontCare="true" endCol="4" endRow="10" startCol="4" startRow="10" x0="1973" x1="2186" y0="694" y1="740">(64769,2827,1285)</Cell>
<Cell dontCare="true" endCol="5" endRow="10" startCol="5" startRow="10" x0="2186" x1="2440" y0="694" y1="740">(64769,2827,1542)</Cell>
<Cell dontCare="false" endCol="0" endRow="11" startCol="0" startRow="11" x0="330" x1="1253" y0="740" y1="794">(64769,3084,257)</Cell>
<Cell dontCare="false" endCol="1" endRow="11" startCol="1" startRow="11" x0="1253" x1="1510" y0="740" y1="794">(64769,3084,514)</Cell>
<Cell dontCare="false" endCol="2" endRow="11" startCol="2" startRow="11" x0="1510" x1="1743" y0="740" y1="794">(64769,3084,771)</Cell>
<Cell dontCare="false" endCol="3" endRow="11" startCol="3" startRow="11" x0="1743" x1="1973" y0="740" y1="794">(64769,3084,1028)</Cell>
<Cell dontCare="false" endCol="4" endRow="11" startCol="4" startRow="11" x0="1973" x1="2186" y0="740" y1="794">(64769,3084,1285)</Cell>
<Cell dontCare="false" endCol="5" endRow="11" startCol="5" startRow="11" x0="2186" x1="2440" y0="740" y1="794">(64769,3084,1542)</Cell>
<Cell dontCare="false" endCol="0" endRow="12" startCol="0" startRow="12" x0="330" x1="1253" y0="794" y1="844">(64769,3341,257)</Cell>
<Cell dontCare="false" endCol="1" endRow="12" startCol="1" startRow="12" x0="1253" x1="1510" y0="794" y1="844">(64769,3341,514)</Cell>
<Cell dontCare="false" endCol="2" endRow="12" startCol="2" startRow="12" x0="1510" x1="1743" y0="794" y1="844">(64769,3341,771)</Cell>
<Cell dontCare="false" endCol="3" endRow="12" startCol="3" startRow="12" x0="1743" x1="1973" y0="794" y1="844">(64769,3341,1028)</Cell>
<Cell dontCare="false" endCol="4" endRow="12" startCol="4" startRow="12" x0="1973" x1="2186" y0="794" y1="844">(64769,3341,1285)</Cell>
<Cell dontCare="false" endCol="5" endRow="12" startCol="5" startRow="12" x0="2186" x1="2440" y0="794" y1="844">(64769,3341,1542)</Cell>
<Cell dontCare="false" endCol="0" endRow="13" startCol="0" startRow="13" x0="330" x1="1253" y0="844" y1="890">(64769,3598,257)</Cell>
<Cell dontCare="false" endCol="1" endRow="13" startCol="1" startRow="13" x0="1253" x1="1510" y0="844" y1="890">(64769,3598,514)</Cell>
<Cell dontCare="false" endCol="2" endRow="13" startCol="2" startRow="13" x0="1510" x1="1743" y0="844" y1="890">(64769,3598,771)</Cell>
<Cell dontCare="false" endCol="3" endRow="13" startCol="3" startRow="13" x0="1743" x1="1973" y0="844" y1="890">(64769,3598,1028)</Cell>
<Cell dontCare="false" endCol="4" endRow="13" startCol="4" startRow="13" x0="1973" x1="2186" y0="844" y1="890">(64769,3598,1285)</Cell>
<Cell dontCare="false" endCol="5" endRow="13" startCol="5" startRow="13" x0="2186" x1="2440" y0="844" y1="890">(64769,3598,1542)</Cell>
<Cell dontCare="false" endCol="0" endRow="14" startCol="0" startRow="14" x0="330" x1="1253" y0="890" y1="938">(64769,3855,257)</Cell>
<Cell dontCare="false" endCol="1" endRow="14" startCol="1" startRow="14" x0="1253" x1="1510" y0="890" y1="938">(64769,3855,514)</Cell>
<Cell dontCare="false" endCol="2" endRow="14" startCol="2" startRow="14" x0="1510" x1="1743" y0="890" y1="938">(64769,3855,771)</Cell>
<Cell dontCare="false" endCol="3" endRow="14" startCol="3" startRow="14" x0="1743" x1="1973" y0="890" y1="938">(64769,3855,1028)</Cell>
<Cell dontCare="false" endCol="4" endRow="14" startCol="4" startRow="14" x0="1973" x1="2186" y0="890" y1="938">(64769,3855,1285)</Cell>
<Cell dontCare="false" endCol="5" endRow="14" startCol="5" startRow="14" x0="2186" x1="2440" y0="890" y1="938">(64769,3855,1542)</Cell>
<Cell dontCare="false" endCol="0" endRow="15" startCol="0" startRow="15" x0="330" x1="1253" y0="938" y1="992">(64769,4112,257)</Cell>
<Cell dontCare="false" endCol="1" endRow="15" startCol="1" startRow="15" x0="1253" x1="1510" y0="938" y1="992">(64769,4112,514)</Cell>
<Cell dontCare="false" endCol="2" endRow="15" startCol="2" startRow="15" x0="1510" x1="1743" y0="938" y1="992">(64769,4112,771)</Cell>
<Cell dontCare="false" endCol="3" endRow="15" startCol="3" startRow="15" x0="1743" x1="1973" y0="938" y1="992">(64769,4112,1028)</Cell>
<Cell dontCare="false" endCol="4" endRow="15" startCol="4" startRow="15" x0="1973" x1="2186" y0="938" y1="992">(64769,4112,1285)</Cell>
<Cell dontCare="false" endCol="5" endRow="15" startCol="5" startRow="15" x0="2186" x1="2440" y0="938" y1="992">(64769,4112,1542)</Cell>
<Cell dontCare="false" endCol="0" endRow="16" startCol="0" startRow="16" x0="330" x1="1253" y0="992" y1="1060">(64769,4369,257)</Cell>
<Cell dontCare="false" endCol="1" endRow="16" startCol="1" startRow="16" x0="1253" x1="1510" y0="992" y1="1060">(64769,4369,514)</Cell>
<Cell dontCare="false" endCol="2" endRow="16" startCol="2" startRow="16" x0="1510" x1="1743" y0="992" y1="1060">(64769,4369,771)</Cell>
<Cell dontCare="false" endCol="3" endRow="16" startCol="3" startRow="16" x0="1743" x1="1973" y0="992" y1="1060">(64769,4369,1028)</Cell>
<Cell dontCare="false" endCol="4" endRow="16" startCol="4" startRow="16" x0="1973" x1="2186" y0="992" y1="1060">(64769,4369,1285)</Cell>
<Cell dontCare="false" endCol="5" endRow="16" startCol="5" startRow="16" x0="2186" x1="2440" y0="992" y1="1060">(64769,4369,1542)</Cell>
<Cell dontCare="false" endCol="5" endRow="17" startCol="0" startRow="17" x0="330" x1="2440" y0="1060" y1="1166">(64769,4626,262)</Cell>
<Cell dontCare="true" endCol="1" endRow="17" startCol="1" startRow="17" x0="1253" x1="1510" y0="1060" y1="1166">(64769,4626,514)</Cell>
<Cell dontCare="true" endCol="2" endRow="17" startCol="2" startRow="17" x0="1510" x1="1743" y0="1060" y1="1166">(64769,4626,771)</Cell>
<Cell dontCare="true" endCol="3" endRow="17" startCol="3" startRow="17" x0="1743" x1="1973" y0="1060" y1="1166">(64769,4626,1028)</Cell>
<Cell dontCare="true" endCol="4" endRow="17" startCol="4" startRow="17" x0="1973" x1="2186" y0="1060" y1="1166">(64769,4626,1285)</Cell>
<Cell dontCare="true" endCol="5" endRow="17" startCol="5" startRow="17" x0="2186" x1="2440" y0="1060" y1="1166">(64769,4626,1542)</Cell>
<Cell dontCare="false" endCol="5" endRow="18" startCol="0" startRow="18" x0="330" x1="2440" y0="1166" y1="1210">(64769,4883,262)</Cell>
<Cell dontCare="true" endCol="1" endRow="18" startCol="1" startRow="18" x0="1253" x1="1510" y0="1166" y1="1210">(64769,4883,514)</Cell>
<Cell dontCare="true" endCol="2" endRow="18" startCol="2" startRow="18" x0="1510" x1="1743" y0="1166" y1="1210">(64769,4883,771)</Cell>
<Cell dontCare="true" endCol="3" endRow="18" startCol="3" startRow="18" x0="1743" x1="1973" y0="1166" y1="1210">(64769,4883,1028)</Cell>
<Cell dontCare="true" endCol="4" endRow="18" startCol="4" startRow="18" x0="1973" x1="2186" y0="1166" y1="1210">(64769,4883,1285)</Cell>
<Cell dontCare="true" endCol="5" endRow="18" startCol="5" startRow="18" x0="2186" x1="2440" y0="1166" y1="1210">(64769,4883,1542)</Cell>
<Cell dontCare="false" endCol="0" endRow="19" startCol="0" startRow="19" x0="330" x1="1253" y0="1210" y1="1262">(64769,5140,257)</Cell>
<Cell dontCare="false" endCol="1" endRow="19" startCol="1" startRow="19" x0="1253" x1="1510" y0="1210" y1="1262">(64769,5140,514)</Cell>
<Cell dontCare="false" endCol="2" endRow="19" startCol="2" startRow="19" x0="1510" x1="1743" y0="1210" y1="1262">(64769,5140,771)</Cell>
<Cell dontCare="false" endCol="3" endRow="19" startCol="3" startRow="19" x0="1743" x1="1973" y0="1210" y1="1262">(64769,5140,1028)</Cell>
<Cell dontCare="false" endCol="4" endRow="19" startCol="4" startRow="19" x0="1973" x1="2186" y0="1210" y1="1262">(64769,5140,1285)</Cell>
<Cell dontCare="false" endCol="5" endRow="19" startCol="5" startRow="19" x0="2186" x1="2440" y0="1210" y1="1262">(64769,5140,1542)</Cell>
<Cell dontCare="false" endCol="0" endRow="20" startCol="0" startRow="20" x0="330" x1="1253" y0="1262" y1="1312">(64769,5397,257)</Cell>
<Cell dontCare="false" endCol="1" endRow="20" startCol="1" startRow="20" x0="1253" x1="1510" y0="1262" y1="1312">(64769,5397,514)</Cell>
<Cell dontCare="false" endCol="2" endRow="20" startCol="2" startRow="20" x0="1510" x1="1743" y0="1262" y1="1312">(64769,5397,771)</Cell>
<Cell dontCare="false" endCol="3" endRow="20" startCol="3" startRow="20" x0="1743" x1="1973" y0="1262" y1="1312">(64769,5397,1028)</Cell>
<Cell dontCare="false" endCol="4" endRow="20" startCol="4" startRow="20" x0="1973" x1="2186" y0="1262" y1="1312">(64769,5397,1285)</Cell>
<Cell dontCare="false" endCol="5" endRow="20" startCol="5" startRow="20" x0="2186" x1="2440" y0="1262" y1="1312">(64769,5397,1542)</Cell>
<Cell dontCare="false" endCol="0" endRow="21" startCol="0" startRow="21" x0="330" x1="1253" y0="1312" y1="1362">(64769,5654,257)</Cell>
<Cell dontCare="false" endCol="1" endRow="21" startCol="1" startRow="21" x0="1253" x1="1510" y0="1312" y1="1362">(64769,5654,514)</Cell>
<Cell dontCare="false" endCol="2" endRow="21" startCol="2" startRow="21" x0="1510" x1="1743" y0="1312" y1="1362">(64769,5654,771)</Cell>
<Cell dontCare="false" endCol="3" endRow="21" startCol="3" startRow="21" x0="1743" x1="1973" y0="1312" y1="1362">(64769,5654,1028)</Cell>
<Cell dontCare="false" endCol="4" endRow="21" startCol="4" startRow="21" x0="1973" x1="2186" y0="1312" y1="1362">(64769,5654,1285)</Cell>
<Cell dontCare="false" endCol="5" endRow="21" startCol="5" startRow="21" x0="2186" x1="2440" y0="1312" y1="1362">(64769,5654,1542)</Cell>
<Cell dontCare="false" endCol="0" endRow="22" startCol="0" startRow="22" x0="330" x1="1253" y0="1362" y1="1414">(64769,5911,257)</Cell>
<Cell dontCare="false" endCol="1" endRow="22" startCol="1" startRow="22" x0="1253" x1="1510" y0="1362" y1="1414">(64769,5911,514)</Cell>
<Cell dontCare="false" endCol="2" endRow="22" startCol="2" startRow="22" x0="1510" x1="1743" y0="1362" y1="1414">(64769,5911,771)</Cell>
<Cell dontCare="false" endCol="3" endRow="22" startCol="3" startRow="22" x0="1743" x1="1973" y0="1362" y1="1414">(64769,5911,1028)</Cell>
<Cell dontCare="false" endCol="4" endRow="22" startCol="4" startRow="22" x0="1973" x1="2186" y0="1362" y1="1414">(64769,5911,1285)</Cell>
<Cell dontCare="false" endCol="5" endRow="22" startCol="5" startRow="22" x0="2186" x1="2440" y0="1362" y1="1414">(64769,5911,1542)</Cell>
<Cell dontCare="false" endCol="0" endRow="23" startCol="0" startRow="23" x0="330" x1="1253" y0="1414" y1="1468">(64769,6168,257)</Cell>
<Cell dontCare="false" endCol="1" endRow="23" startCol="1" startRow="23" x0="1253" x1="1510" y0="1414" y1="1468">(64769,6168,514)</Cell>
<Cell dontCare="false" endCol="2" endRow="23" startCol="2" startRow="23" x0="1510" x1="1743" y0="1414" y1="1468">(64769,6168,771)</Cell>
<Cell dontCare="false" endCol="3" endRow="23" startCol="3" startRow="23" x0="1743" x1="1973" y0="1414" y1="1468">(64769,6168,1028)</Cell>
<Cell dontCare="false" endCol="4" endRow="23" startCol="4" startRow="23" x0="1973" x1="2186" y0="1414" y1="1468">(64769,6168,1285)</Cell>
<Cell dontCare="false" endCol="5" endRow="23" startCol="5" startRow="23" x0="2186" x1="2440" y0="1414" y1="1468">(64769,6168,1542)</Cell>
<Cell dontCare="false" endCol="5" endRow="24" startCol="0" startRow="24" x0="330" x1="2440" y0="1468" y1="1526">(64769,6425,262)</Cell>
<Cell dontCare="true" endCol="1" endRow="24" startCol="1" startRow="24" x0="1253" x1="1510" y0="1468" y1="1526">(64769,6425,514)</Cell>
<Cell dontCare="true" endCol="2" endRow="24" startCol="2" startRow="24" x0="1510" x1="1743" y0="1468" y1="1526">(64769,6425,771)</Cell>
<Cell dontCare="true" endCol="3" endRow="24" startCol="3" startRow="24" x0="1743" x1="1973" y0="1468" y1="1526">(64769,6425,1028)</Cell>
<Cell dontCare="true" endCol="4" endRow="24" startCol="4" startRow="24" x0="1973" x1="2186" y0="1468" y1="1526">(64769,6425,1285)</Cell>
<Cell dontCare="true" endCol="5" endRow="24" startCol="5" startRow="24" x0="2186" x1="2440" y0="1468" y1="1526">(64769,6425,1542)</Cell>
<Cell dontCare="false" endCol="0" endRow="25" startCol="0" startRow="25" x0="330" x1="1253" y0="1526" y1="1574">(64769,6682,257)</Cell>
<Cell dontCare="false" endCol="1" endRow="25" startCol="1" startRow="25" x0="1253" x1="1510" y0="1526" y1="1574">(64769,6682,514)</Cell>
<Cell dontCare="false" endCol="2" endRow="25" startCol="2" startRow="25" x0="1510" x1="1743" y0="1526" y1="1574">(64769,6682,771)</Cell>
<Cell dontCare="false" endCol="3" endRow="25" startCol="3" startRow="25" x0="1743" x1="1973" y0="1526" y1="1574">(64769,6682,1028)</Cell>
<Cell dontCare="false" endCol="4" endRow="25" startCol="4" startRow="25" x0="1973" x1="2186" y0="1526" y1="1574">(64769,6682,1285)</Cell>
<Cell dontCare="false" endCol="5" endRow="25" startCol="5" startRow="25" x0="2186" x1="2440" y0="1526" y1="1574">(64769,6682,1542)</Cell>
<Cell dontCare="false" endCol="0" endRow="26" startCol="0" startRow="26" x0="330" x1="1253" y0="1574" y1="1630">(64769,6939,257)</Cell>
<Cell dontCare="false" endCol="1" endRow="26" startCol="1" startRow="26" x0="1253" x1="1510" y0="1574" y1="1630">(64769,6939,514)</Cell>
<Cell dontCare="false" endCol="2" endRow="26" startCol="2" startRow="26" x0="1510" x1="1743" y0="1574" y1="1630">(64769,6939,771)</Cell>
<Cell dontCare="false" endCol="3" endRow="26" startCol="3" startRow="26" x0="1743" x1="1973" y0="1574" y1="1630">(64769,6939,1028)</Cell>
<Cell dontCare="false" endCol="4" endRow="26" startCol="4" startRow="26" x0="1973" x1="2186" y0="1574" y1="1630">(64769,6939,1285)</Cell>
<Cell dontCare="false" endCol="5" endRow="26" startCol="5" startRow="26" x0="2186" x1="2440" y0="1574" y1="1630">(64769,6939,1542)</Cell>
<Cell dontCare="false" endCol="0" endRow="27" startCol="0" startRow="27" x0="330" x1="1253" y0="1630" y1="1682">(64769,7196,257)</Cell>
<Cell dontCare="false" endCol="1" endRow="27" startCol="1" startRow="27" x0="1253" x1="1510" y0="1630" y1="1682">(64769,7196,514)</Cell>
<Cell dontCare="false" endCol="2" endRow="27" startCol="2" startRow="27" x0="1510" x1="1743" y0="1630" y1="1682">(64769,7196,771)</Cell>
<Cell dontCare="false" endCol="3" endRow="27" startCol="3" startRow="27" x0="1743" x1="1973" y0="1630" y1="1682">(64769,7196,1028)</Cell>
<Cell dontCare="false" endCol="4" endRow="27" startCol="4" startRow="27" x0="1973" x1="2186" y0="1630" y1="1682">(64769,7196,1285)</Cell>
<Cell dontCare="false" endCol="5" endRow="27" startCol="5" startRow="27" x0="2186" x1="2440" y0="1630" y1="1682">(64769,7196,1542)</Cell>
<Cell dontCare="false" endCol="0" endRow="28" startCol="0" startRow="28" x0="330" x1="1253" y0="1682" y1="1742">(64769,7453,257)</Cell>
<Cell dontCare="false" endCol="1" endRow="28" startCol="1" startRow="28" x0="1253" x1="1510" y0="1682" y1="1742">(64769,7453,514)</Cell>
<Cell dontCare="false" endCol="2" endRow="28" startCol="2" startRow="28" x0="1510" x1="1743" y0="1682" y1="1742">(64769,7453,771)</Cell>
<Cell dontCare="false" endCol="3" endRow="28" startCol="3" startRow="28" x0="1743" x1="1973" y0="1682" y1="1742">(64769,7453,1028)</Cell>
<Cell dontCare="false" endCol="4" endRow="28" startCol="4" startRow="28" x0="1973" x1="2186" y0="1682" y1="1742">(64769,7453,1285)</Cell>
<Cell dontCare="false" endCol="5" endRow="28" startCol="5" startRow="28" x0="2186" x1="2440" y0="1682" y1="1742">(64769,7453,1542)</Cell>
<Cell dontCare="false" endCol="0" endRow="29" startCol="0" startRow="29" x0="330" x1="1253" y0="1742" y1="1794">(64769,7710,257)</Cell>
<Cell dontCare="false" endCol="1" endRow="29" startCol="1" startRow="29" x0="1253" x1="1510" y0="1742" y1="1794">(64769,7710,514)</Cell>
<Cell dontCare="false" endCol="2" endRow="29" startCol="2" startRow="29" x0="1510" x1="1743" y0="1742" y1="1794">(64769,7710,771)</Cell>
<Cell dontCare="false" endCol="3" endRow="29" startCol="3" startRow="29" x0="1743" x1="1973" y0="1742" y1="1794">(64769,7710,1028)</Cell>
<Cell dontCare="false" endCol="4" endRow="29" startCol="4" startRow="29" x0="1973" x1="2186" y0="1742" y1="1794">(64769,7710,1285)</Cell>
<Cell dontCare="false" endCol="5" endRow="29" startCol="5" startRow="29" x0="2186" x1="2440" y0="1742" y1="1794">(64769,7710,1542)</Cell>
<Cell dontCare="false" endCol="0" endRow="30" startCol="0" startRow="30" x0="330" x1="1253" y0="1794" y1="1840">(64769,7967,257)</Cell>
<Cell dontCare="false" endCol="1" endRow="30" startCol="1" startRow="30" x0="1253" x1="1510" y0="1794" y1="1840">(64769,7967,514)</Cell>
<Cell dontCare="false" endCol="2" endRow="30" startCol="2" startRow="30" x0="1510" x1="1743" y0="1794" y1="1840">(64769,7967,771)</Cell>
<Cell dontCare="false" endCol="3" endRow="30" startCol="3" startRow="30" x0="1743" x1="1973" y0="1794" y1="1840">(64769,7967,1028)</Cell>
<Cell dontCare="false" endCol="4" endRow="30" startCol="4" startRow="30" x0="1973" x1="2186" y0="1794" y1="1840">(64769,7967,1285)</Cell>
<Cell dontCare="false" endCol="5" endRow="30" startCol="5" startRow="30" x0="2186" x1="2440" y0="1794" y1="1840">(64769,7967,1542)</Cell>
<Cell dontCare="false" endCol="0" endRow="31" startCol="0" startRow="31" x0="330" x1="1253" y0="1840" y1="1896">(64769,8224,257)</Cell>
<Cell dontCare="false" endCol="1" endRow="31" startCol="1" startRow="31" x0="1253" x1="1510" y0="1840" y1="1896">(64769,8224,514)</Cell>
<Cell dontCare="false" endCol="2" endRow="31" startCol="2" startRow="31" x0="1510" x1="1743" y0="1840" y1="1896">(64769,8224,771)</Cell>
<Cell dontCare="false" endCol="3" endRow="31" startCol="3" startRow="31" x0="1743" x1="1973" y0="1840" y1="1896">(64769,8224,1028)</Cell>
<Cell dontCare="false" endCol="4" endRow="31" startCol="4" startRow="31" x0="1973" x1="2186" y0="1840" y1="1896">(64769,8224,1285)</Cell>
<Cell dontCare="false" endCol="5" endRow="31" startCol="5" startRow="31" x0="2186" x1="2440" y0="1840" y1="1896">(64769,8224,1542)</Cell>
<Cell dontCare="false" endCol="0" endRow="32" startCol="0" startRow="32" x0="330" x1="1253" y0="1896" y1="1956">(64769,8481,257)</Cell>
<Cell dontCare="false" endCol="1" endRow="32" startCol="1" startRow="32" x0="1253" x1="1510" y0="1896" y1="1956">(64769,8481,514)</Cell>
<Cell dontCare="false" endCol="2" endRow="32" startCol="2" startRow="32" x0="1510" x1="1743" y0="1896" y1="1956">(64769,8481,771)</Cell>
<Cell dontCare="false" endCol="3" endRow="32" startCol="3" startRow="32" x0="1743" x1="1973" y0="1896" y1="1956">(64769,8481,1028)</Cell>
<Cell dontCare="false" endCol="4" endRow="32" startCol="4" startRow="32" x0="1973" x1="2186" y0="1896" y1="1956">(64769,8481,1285)</Cell>
<Cell dontCare="false" endCol="5" endRow="32" startCol="5" startRow="32" x0="2186" x1="2440" y0="1896" y1="1956">(64769,8481,1542)</Cell>
<Cell dontCare="false" endCol="5" endRow="33" startCol="0" startRow="33" x0="330" x1="2440" y0="1956" y1="2010">(64769,8738,262)</Cell>
<Cell dontCare="true" endCol="1" endRow="33" startCol="1" startRow="33" x0="1253" x1="1510" y0="1956" y1="2010">(64769,8738,514)</Cell>
<Cell dontCare="true" endCol="2" endRow="33" startCol="2" startRow="33" x0="1510" x1="1743" y0="1956" y1="2010">(64769,8738,771)</Cell>
<Cell dontCare="true" endCol="3" endRow="33" startCol="3" startRow="33" x0="1743" x1="1973" y0="1956" y1="2010">(64769,8738,1028)</Cell>
<Cell dontCare="true" endCol="4" endRow="33" startCol="4" startRow="33" x0="1973" x1="2186" y0="1956" y1="2010">(64769,8738,1285)</Cell>
<Cell dontCare="true" endCol="5" endRow="33" startCol="5" startRow="33" x0="2186" x1="2440" y0="1956" y1="2010">(64769,8738,1542)</Cell>
<Cell dontCare="false" endCol="0" endRow="34" startCol="0" startRow="34" x0="330" x1="1253" y0="2010" y1="2062">(64769,8995,257)</Cell>
<Cell dontCare="false" endCol="1" endRow="34" startCol="1" startRow="34" x0="1253" x1="1510" y0="2010" y1="2062">(64769,8995,514)</Cell>
<Cell dontCare="false" endCol="2" endRow="34" startCol="2" startRow="34" x0="1510" x1="1743" y0="2010" y1="2062">(64769,8995,771)</Cell>
<Cell dontCare="false" endCol="3" endRow="34" startCol="3" startRow="34" x0="1743" x1="1973" y0="2010" y1="2062">(64769,8995,1028)</Cell>
<Cell dontCare="false" endCol="4" endRow="34" startCol="4" startRow="34" x0="1973" x1="2186" y0="2010" y1="2062">(64769,8995,1285)</Cell>
<Cell dontCare="false" endCol="5" endRow="34" startCol="5" startRow="34" x0="2186" x1="2440" y0="2010" y1="2062">(64769,8995,1542)</Cell>
<Cell dontCare="false" endCol="0" endRow="35" startCol="0" startRow="35" x0="330" x1="1253" y0="2062" y1="2112">(64769,9252,257)</Cell>
<Cell dontCare="false" endCol="1" endRow="35" startCol="1" startRow="35" x0="1253" x1="1510" y0="2062" y1="2112">(64769,9252,514)</Cell>
<Cell dontCare="false" endCol="2" endRow="35" startCol="2" startRow="35" x0="1510" x1="1743" y0="2062" y1="2112">(64769,9252,771)</Cell>
<Cell dontCare="false" endCol="3" endRow="35" startCol="3" startRow="35" x0="1743" x1="1973" y0="2062" y1="2112">(64769,9252,1028)</Cell>
<Cell dontCare="false" endCol="4" endRow="35" startCol="4" startRow="35" x0="1973" x1="2186" y0="2062" y1="2112">(64769,9252,1285)</Cell>
<Cell dontCare="false" endCol="5" endRow="35" startCol="5" startRow="35" x0="2186" x1="2440" y0="2062" y1="2112">(64769,9252,1542)</Cell>
<Cell dontCare="false" endCol="0" endRow="36" startCol="0" startRow="36" x0="330" x1="1253" y0="2112" y1="2160">(64769,9509,257)</Cell>
<Cell dontCare="false" endCol="1" endRow="36" startCol="1" startRow="36" x0="1253" x1="1510" y0="2112" y1="2160">(64769,9509,514)</Cell>
<Cell dontCare="false" endCol="2" endRow="36" startCol="2" startRow="36" x0="1510" x1="1743" y0="2112" y1="2160">(64769,9509,771)</Cell>
<Cell dontCare="false" endCol="3" endRow="36" startCol="3" startRow="36" x0="1743" x1="1973" y0="2112" y1="2160">(64769,9509,1028)</Cell>
<Cell dontCare="false" endCol="4" endRow="36" startCol="4" startRow="36" x0="1973" x1="2186" y0="2112" y1="2160">(64769,9509,1285)</Cell>
<Cell dontCare="false" endCol="5" endRow="36" startCol="5" startRow="36" x0="2186" x1="2440" y0="2112" y1="2160">(64769,9509,1542)</Cell>
<Cell dontCare="false" endCol="0" endRow="37" startCol="0" startRow="37" x0="330" x1="1253" y0="2160" y1="2250">(64769,9766,257)</Cell>
<Cell dontCare="false" endCol="1" endRow="37" startCol="1" startRow="37" x0="1253" x1="1510" y0="2160" y1="2250">(64769,9766,514)</Cell>
<Cell dontCare="false" endCol="2" endRow="37" startCol="2" startRow="37" x0="1510" x1="1743" y0="2160" y1="2250">(64769,9766,771)</Cell>
<Cell dontCare="false" endCol="3" endRow="37" startCol="3" startRow="37" x0="1743" x1="1973" y0="2160" y1="2250">(64769,9766,1028)</Cell>
<Cell dontCare="false" endCol="4" endRow="37" startCol="4" startRow="37" x0="1973" x1="2186" y0="2160" y1="2250">(64769,9766,1285)</Cell>
<Cell dontCare="false" endCol="5" endRow="37" startCol="5" startRow="37" x0="2186" x1="2440" y0="2160" y1="2250">(64769,9766,1542)</Cell>
</Table>
</Tables>
</GroundTruth>
